trx_amt,user_total_txns_3d,user_total_amount_3d,user_avg_amount_3d,user_median_amount_3d,user_max_amount_3d,user_min_amount_3d,user_unique_recipients_3d,user_unique_channels_3d,user_unique_types_3d,user_total_txns_7d,user_total_amount_7d,user_avg_amount_7d,user_median_amount_7d,user_max_amount_7d,user_min_amount_7d,user_unique_recipients_7d,user_unique_channels_7d,user_unique_types_7d,user_channel_diversity_score_7d,user_type_diversity_score_7d,user_night_txns_7d,user_weekend_txns_7d,user_peak_hour_txns_7d,user_off_peak_hour_txns_7d,user_avg_start_balance_7d,user_avg_end_balance_7d,user_min_balance_7d,user_max_balance_7d,user_balance_volatility_7d,user_avg_amount_per_recipient_7d,user_max_amount_to_single_recipient_7d,user_recipient_concentration_ratio_7d,user_avg_time_between_txns_7d,user_txn_frequency_score_7d,user_days_since_last_txn,actual_label
-0.015860271629503587,-0.00153051513294848,-0.00043658721326416864,0.0,0.0,0.0,0.0,0.0,0.0004183467844527251,0.0,-0.0011734818237294404,0.0,0.002884592583989974,0.0,0.0,0.0,0.0,-0.004028670640429261,-0.0011084742370963466,0.0,0.0024747693254879547,0.0,0.0,0.0,0.0,-0.000398950915350968,0.0,0.0,-0.000771977718548353,-0.00201279705545288,0.0,-0.0031517808483178806,0.002350544176031691,-0.0051188773392847435,0.002503093453498792,0.0,0
-0.009814722351471345,0.0,0.0,0.0,0.0,-0.0006659742688329345,-0.0019223195647671406,-0.0010356857077454126,-0.0010791092351490185,0.0,0.0,0.002016783630519234,0.0,-0.0033501152058787917,-0.0013396535422773822,-0.002655281225695165,-0.0016247864308371295,-0.009312230170426818,0.0,0.0,0.0,0.0,0.0,0.0,0.0,0.0,0.0,0.0,0.0,0.0,0.00342430092068779,0.0,0.0,-0.002113640019446181,0.005147618468036175,0.0,0
-0.010011047125784297,0.00019533475524981613,-0.0009650215469286574,0.0009761151031151055,0.0,-0.0020694891174826953,0.0023261909668633777,0.0,-0.002562225472976315,0.0008386138480325242,-0.002676820994145545,-0.0023913455640452133,-0.0007288225342067874,0.0,0.0,-0.0022047726364674393,0.0017444823231645588,0.0,0.0,0.005738850882883509,-0.0002365917258605103,0.0008458221624750298,-0.0024422232303687582,-0.0016998137011275624,-0.0027347441168089617,0.0015996846642337087,-0.0015483856520980455,0.00034792330532233966,0.0005994977004070987,-0.002286534670782041,0.0,-0.001997103762454109,0.0,-0.003612947915924543,0.0,0.0,0
0.0,0.006121315446519224,0.0,0.0,0.0,0.00909648006618052,0.0054801361917465805,0.0,0.0,0.0,0.003402676373946256,0.0,0.0,0.002549519030438082,0.0,0.0,0.0,0.005606895662041681,0.0,0.0,0.006365310349270971,0.0,0.0,0.0,0.009048499445505455,0.0,0.005273704658851909,0.0,0.011898732095753862,0.0,0.0,-0.013598971032500752,-0.07050120632412699,0.005020518246228898,0.002800768574213802,0.0,0
-0.0017649597919572179,-0.002586459963944571,-0.002709662951723575,-0.0009278144060501305,0.0,0.005467446128107567,4.186761403614728e-06,0.0,0.0,-0.0017212225236754844,0.0,0.0,0.0,0.0,0.0,0.0,0.0,-0.0025474744170910953,-0.0012291664030741904,-0.0041005554161861945,-0.0004969204547812493,-0.002826449547961905,0.0,-0.0016155135389728408,0.0,-0.00025718925559245563,0.0,0.0,0.0,0.0,-0.0030216641618435835,0.0,0.0,-0.004043697655132408,-0.0005814291185474683,0.0,0
-0.006309995423070115,0.0,-0.003308299260291815,0.0018452048256314682,0.0015339512828627818,-0.0006451307487176844,0.0,0.0,-0.0020803645362359544,0.00502420809014894,-0.004321667308110887,0.0,0.0,0.0046821941011636475,0.006423196030508697,-0.001134167431072926,-0.0032120343719599046,-0.0020617061231930638,-0.003086593962981027,-0.0031849889816213408,-0.00044261797028006286,0.0,-0.0031364995924783767,-0.0027316361868697297,-0.003896365370988295,-0.004459090516445324,0.003965337106366063,0.003461736966633754,0.001153793282311125,0.0,0.0,0.0,0.0,-0.0035845152264246346,-0.005452495391908521,0.0,0
0.00013093329682729057,0.0,-0.004107859217328106,0.0,0.0,-0.001338269923180861,0.0,-0.0017151313200645885,-0.0032111049129815287,0.0,0.0,0.0,-0.00011191492057663906,-0.0008520511955716759,0.0,0.0,-0.002502388912106655,0.0,-8.131178863700219e-05,-0.00264691824842143,-0.004295422166926084,-0.0060646330431163515,0.0,-0.002601444892055276,0.0,0.0,0.0,0.0,0.005129592361552503,0.0,0.0,-0.0014428757793568724,0.00281934702693814,0.0,-0.0020670930820180476,0.0,0
-0.0032889433164447488,0.0,0.0,0.0,0.0,-0.00011762075435738664,0.0,0.0,-0.0030190234806517792,0.0,0.0,0.0,0.0,0.0,-0.0015568992682978308,-0.001126335404856047,-0.004710578219969065,-0.000271628374067302,-0.0021036230819094785,0.0,-0.0039069684238322066,0.0,0.0,0.0,-0.0019200133217814699,0.0,0.0,0.0,0.0,0.0,0.0,0.0,0.0,-0.002936913070855869,0.0,0.0,0
0.0,0.0,-0.0017969371272738527,0.0,0.0,0.0,0.0,0.0,0.0,0.0,0.0,-0.0020470926300275487,0.0,0.0,-0.0025103269156709655,0.0035880805364399515,-0.0026326699305326134,-0.0020446380946995244,-0.0011541762840717202,-0.0015378354931239566,-0.0013568041061951944,-0.004260621370279034,0.0,-0.003894752409749215,0.0,-0.00021591288169976698,0.0,0.0,0.0,0.0,0.0,0.0,0.0,-0.0024760497704662265,-0.0024679001794173823,0.0,0
-0.006539011591360386,0.0,-0.0015099059485127815,0.0031323152963774648,-0.0017423647319501341,0.0,0.0,0.0,0.0,0.0,0.0,-0.0034362868153794764,0.0,0.004163456695961731,0.0,0.0025431233481102576,-0.0014912608603858586,-0.002387185667532951,-0.0007741271283838865,-0.005847255963595321,0.0,-0.0006175451313323382,0.0,-0.002159002165105159,-0.0019416534125376718,0.0,0.0,0.0,0.0,-0.003272055781678557,0.0,0.00010009907106819376,0.0,-0.004982619769447952,0.001884244221758983,0.0,0
-0.004072193978861621,0.0017796977989109535,9.972358955019234e-07,0.0014787707311946384,0.0021919574618300096,-0.0008488771063437156,0.0,0.001095449849382707,0.0007436597278610962,-0.0029156483460888115,0.0038225527549898886,0.01263740369623922,-0.006792593629168276,-2.733795423822776e-05,0.0031769567129211027,-0.005793129854667042,0.0014770434963607998,-0.00775124430897357,-0.003281586868152064,-0.005637261305585141,-0.0016011579633610187,-0.006479598407492331,-0.0020979710773352898,-0.00396288863304307,-0.00606708204244057,0.0034053126069875247,-0.002903797333356888,0.004389609720608853,0.0,-0.0005312954213871183,0.005617920739820309,0.0,0.0,-0.006632994614554911,0.0009838414453177645,0.0,0
0.004159138551052819,0.0,0.0,0.002416813460786667,-0.0017000880059498372,-0.004646416791961982,0.0,-0.004801762859453004,0.0031093580243515026,0.002630776798360357,0.0,0.0,0.0,-0.003961770739540235,0.0,-0.0011763932550871662,-0.0006897000856997039,-0.0023766600677730914,-0.003617764517944225,-0.0028674488576230068,-0.005500554686454303,0.0,0.0,-0.001113649132590736,-0.003349161227088954,0.0,-0.0026440575206374186,0.0,-0.0032353452554735344,0.005576736262361504,-0.0035601329340773586,-0.001347871474398997,0.0018510960707653946,-0.0015786928748580539,0.0038280662522040647,0.0,0
0.008514452770980608,-0.002282539970628999,0.0,0.0,0.0,0.0,-0.0011737416852256378,0.0018537231891782042,0.0017995257292344493,0.0,0.0,-0.0014227784839246874,-0.0035301986365704526,-0.00249204957092052,0.00678110913822032,0.005805789895418688,-0.00025524649544495767,-0.0016076180562323,-0.0023399902508704396,-0.004712342548172226,-0.0020831359437433784,-0.004558341796781701,-0.003997493690055143,-0.007279144287930013,-0.00550344968497339,0.0,0.0,0.002464290740632674,-0.001539292132957207,-0.0027919502127179115,0.0,-0.00704335999809692,0.0,0.0,0.0028856674832708554,0.0,0
-0.0022760218082782985,-0.0040638982571473215,-0.00301730404666107,-0.006497531009288531,0.0,0.0016411495851265385,0.0018979854593376476,0.0,0.0,0.004551191955109236,0.008582644135177361,0.0,0.0,-0.0020085363523101754,-0.0025130924574805432,-0.006251702203683504,0.004736808904316315,-0.0008336494993251703,-0.003708336708592131,-0.007288006389100479,-0.006211551478826458,-0.0031193428427226783,-0.00503174203779705,-0.002248049038511268,-0.0037021134992294602,0.0,-0.0018110328847473782,0.004795982126182252,0.006903378550343503,-0.0018806592723485396,0.0009659763380865547,0.0,0.005545737699738847,-0.00034837919998401216,-0.0017639439045299375,0.0,0
0.0,-6.650623455489493e-05,-0.0019396280236874002,0.0,0.0,0.0026534867195708144,0.0,-0.002020661815108856,-0.0017832566041612648,0.0,0.0034202398431306224,0.002264968598008958,0.0,0.0,0.0,-0.00202042000301481,-0.005688169412720429,-0.0044252226776333075,0.0,-0.0011052375819437803,0.0,0.0,0.00407672136389577,-0.006640964686910892,-0.002764717094473278,0.003527233771806282,0.0,-0.001910238987187781,-0.0013160348497366207,-0.0010046826753099976,-0.0020438111025201447,-0.0020910172265510207,0.0,0.0,-0.004076119458043714,0.0,0
-0.008040761172663778,0.0,0.0,0.0,0.0,-0.0011487013151429868,-0.0013511968746244955,0.0,-0.0011272311625828845,0.007579822334003577,-0.0003356683146367197,0.0,-0.0019568676918924476,-0.0024304095689147618,0.0,-0.0021465538170767373,-0.003901841652729106,-0.006467313558345853,0.0,-0.005653487595256789,-0.005001475890078434,0.0,-0.0025173458879558077,-0.0054029887891269,-0.0006109171583467967,0.0,0.0033377815283136218,0.0,0.005523491457723627,-0.001093941195896573,0.013225270099445793,0.0,0.0,0.0,-0.005433701911361298,0.0,0
-0.00405768144287268,-0.0018944741581477683,0.0,0.0,0.0,1.6738906192914864e-05,0.0065539874140448096,-0.003212681220669333,0.0,0.0,0.0,0.0,0.0,0.0,0.0,0.0016281202126747127,-0.004407110208004734,0.0,0.0,0.0,-0.002513568337336786,-0.002344564669543109,0.0,-0.006498735946620432,-0.0034746160323970926,-0.0023760757490704425,0.004208726360985725,-0.0007064153816022361,0.0,0.0,0.0021933939359232747,0.0,0.0,-0.003614377261255099,-0.004454704559447468,0.0,0
-0.05042927625775356,0.00921465898808613,0.0,0.004620616056745233,-0.025030883191151786,-0.000532733634788402,0.010426917841586378,-0.0027496797641343267,-0.0028857091818067365,-0.022727770378584925,0.0,-0.004907603595258096,-0.010998457610588241,0.022923310927404943,0.005413024104884855,0.0,0.01604957587688868,0.014353329103015245,0.010341155287007426,0.010741144253467708,0.0067418660105846755,0.0020960461835141564,0.01226818329993999,0.0,0.0,-0.011086813914756775,-0.033246837335934094,0.007748979520030097,0.008558684616565582,0.007930505576443477,0.015995034142496044,-0.008781150006803282,0.0,-0.01969813798426305,0.015556982490211094,0.0,0
-0.007689701523373831,-0.0031582304677172115,0.0,-0.0003795477632580322,0.0,-0.0008728994024717378,0.0,0.0,0.0,0.0,0.0,0.0,0.0,-0.002096982520014195,0.0,0.0,0.0,0.00323041018431693,-0.0023803081823660067,0.0,0.0,0.0,0.0,0.0,-0.0038421900515216434,0.0,-0.0005325162537320014,0.0,0.0,0.0,0.0,0.0,0.0,-0.005999992102031704,-0.0012390286727144012,0.0,0
-0.0031564762576365324,-0.0014179250526070108,-0.0025614259560279014,0.0,0.0,0.0,0.0,0.0,0.0,0.0,0.0,0.0,0.0,-2.2044664827298095e-06,0.0,-0.0018798806129304215,-0.0013585868990023619,0.0,-0.001177441596319409,-0.0011873297406516106,0.0,0.0,-0.002148757977395487,0.0,-0.0015790280412387413,-0.0010653873644347392,0.0,0.0,0.0,0.0,-0.00025660325785688634,0.0,0.0,-0.005126055265761973,-0.002056722026179146,0.0,0
-0.0036908585887251532,0.0,-0.0026760704405318775,-0.0013506742940129943,-0.0015730675759883907,0.0,-0.0022552796670423877,0.0,0.0,0.0,0.0,0.0,0.0,0.0,0.0,-0.001954916403379308,-0.0018729946161619136,-0.0032730665186917495,-0.0023650059908053955,-0.005553898174993986,-0.0011649037398368202,0.0,-0.0029804555355337015,-0.0024440361981437468,0.0036183914546919736,0.0,0.0,0.0017394046230912027,0.004149585922904946,-2.7659109877134154e-06,-0.0006441152504612829,0.0,0.006690220800919031,-0.006527405733775225,0.0,0.0,0
-0.003736354609065309,0.0,0.0,0.0,0.0,0.0,-0.00022390209028804857,0.0,0.0,0.0,-0.001440376091491028,0.0,-0.000455512721238646,0.0,0.0,0.0,-0.002363297268965595,0.0,-0.00014899340913756423,-0.004431862156074542,-0.0019129796728581815,-0.001273834315450255,-0.0011532921290650245,0.0,0.0,0.0,0.0,0.0,-0.00025333086419982787,-0.00045811031846363834,0.0,-0.0010795660625501078,0.0,-0.005200500128616722,0.0,0.0,0
-0.005025193897560776,0.0,0.0,-0.00013462969348202442,0.0,0.0,-0.0003772937648192728,0.0,0.0,0.0,-0.002483804145166039,0.004040380814788976,-0.0014162170902956685,0.0,0.0,-0.0016935183930774688,0.0,0.0,-0.0014042539164340008,-0.004412447146942369,0.0,0.0,-0.003040124648028036,-0.0012240654905443938,0.0,0.0,0.0,0.0,-0.0025798924077094507,0.0,-0.0006039862350786107,0.0,0.0,-0.004453326445792955,-0.00014010989219367595,0.0,0
-0.020602267818750977,0.0,0.0,0.0019892868071368992,-0.002906676369633471,0.0,0.0,0.0,0.0,0.0,0.003377423253024948,-0.00403263602961699,-0.0022941881206687,0.0017516390541399477,0.0013644598099872545,0.0,-0.0042425603115173365,-0.003223930813967124,0.0,-0.0011056592369680597,0.0019379783040113054,-0.001900760180126072,0.01393819059866951,0.0,0.0,0.0,0.0,0.0,-0.000363166496253768,-0.0027863915648789804,0.0,0.0,0.0027464107095939994,-0.009469472730754814,0.0011349705237715599,0.0,0
-0.015842577223165535,-0.0014888997057400395,0.007712376666102868,-0.0024717274617491623,0.0,0.0,-0.0012634970401665991,0.0,0.0,0.002826617312871142,0.005509574471861268,0.0,0.0,-0.0026990573264647506,0.0,-0.0027199920355940313,-0.0003518469179730925,-0.004504075230867518,0.0,0.0001002263879420278,0.0,0.0010569809941654846,-0.0031221269566095674,0.0,-0.0028164351346627544,0.0008996310481012041,-0.004547596758732801,0.0,-0.00036028864189622503,0.0,-0.0022582417762062484,-0.0009779631086205718,0.0052343985083156165,-0.001541137139697116,-0.0005849735287289139,0.0,0
-0.0026673240945341223,0.0,-0.0012547708787480003,0.0,0.0,0.0,0.0,0.0,0.0,0.0,0.0,0.0,0.0,-0.00106968716072156,0.0,0.0,-0.0024605620895550018,-0.0017021348286682491,0.0,0.00013844673342223136,-0.003955418741473613,-0.0024665293860103026,0.0,0.0,-0.002902938653943781,0.0,0.0,0.0,0.0,0.0,-0.0016559018202727685,0.0,0.0,-0.0035020033604623267,-0.0007346573054462548,0.0,0
0.018455492983662,0.0,0.0,0.0,0.0,0.015173557122105994,0.0,0.0,0.0,0.0032272050138772955,0.0,0.0,0.031191776933071985,0.0,0.016753563736106456,0.0,0.0,0.0,0.0,0.0,0.01753633970886407,0.005448655144289915,0.0,0.005293135532138462,0.01050395279138729,0.0,0.010686020198172169,0.0,0.0,0.0,0.0,0.016032972434725984,0.0,-0.036250339705256616,0.030661732273767534,0.0,0
-0.014875764807566421,0.0,0.0,0.0,0.0,0.0,0.0,0.0,0.0,-0.0007408145138321907,0.0,0.0,0.0,-0.0016507081496357438,-0.000939739162906436,-0.003812279719551171,0.0,0.0036301541587126004,0.0,-0.0015212874632374114,-0.0008255420136020611,0.0,-0.00313290930079078,0.0,0.0,0.0,-0.002917023318286404,0.0,0.0,0.0,-0.0021323462901114173,0.0,0.004757527984239706,-0.0038710247875026996,0.0030777826532573174,0.0,0
-0.021421257869471976,0.0,0.0,0.0,0.0,0.0,-0.0012812686455511244,0.0,0.0,0.0,0.0,0.0009157899035493355,0.0,0.0,0.0,0.0,0.0012057145127786818,0.0018053003059790437,0.0,-0.0009863193149516761,0.0,0.0,0.0,0.0024757868173405527,0.0,0.0,-0.00020377996503837906,0.0,0.0,0.0,0.0,-0.001106964918113968,0.0,0.003616462401914841,-0.009626422978814124,0.0,0
-0.010551442724747692,0.0,0.0,-0.0010509798744764176,0.0,-0.0003927638756010478,0.0,-0.0013337243585219722,0.0,0.0,0.0,0.0022491365098988043,0.0,-0.00030867719495386673,-0.0004905011856747737,0.0,0.0,0.0025727796371774136,0.0,0.0,0.0,0.0,0.0,0.0,0.0,0.0,-0.002101582775358924,0.0,0.0,0.0,0.0,0.0,-0.006613249076072749,-0.006954289779372482,0.0,0.0,0
-0.006141300394084895,0.0,0.0,0.0,0.0,0.0,0.0,0.0,0.0,0.0,-0.0008576652055089882,-1.8085297268617352e-05,0.0,-0.0012075000472890692,-0.0009291749527552714,-0.0009778083214685843,-0.0008901707353096818,0.003911845400529359,0.0,0.0,0.0,0.0,-0.0019394875411158645,0.0,0.0,-0.0005447210781918639,-0.0014078014008833094,0.0,-0.00028807117010979185,0.0,-0.00024302409438998224,0.0,-0.005537525617943738,-0.0059884991068720975,-0.0015675020011665618,0.0,0
0.00015962861071363657,0.0,0.0033662589538131444,-0.003023837167785569,0.0,0.0,-0.001860518867050905,0.003889838731329812,0.0,0.0,0.0,0.0,0.0,0.0,0.002536410310967445,-0.0017042156838721447,0.0,0.0,0.0,-0.00455472026528341,-0.002891819691558403,0.0,-0.0014781875374636636,-0.0018191346086543691,-0.00021317024409390226,0.0,0.0,0.0,0.0,0.0,0.0,-0.0024653596623948797,-0.005037874644106691,0.0,-0.005091984470336562,0.0,0
-0.005461892829811775,-0.0012215675720117561,0.002119782832355022,0.0,0.0,0.0,0.0,0.006252606510619105,0.003563968437176801,0.0,-0.0011334400948686146,0.0017947056409845996,-0.00262576998798121,-0.005030461653679956,0.0,0.0,0.0,0.0,-0.0038170262756909816,-0.005242512577132288,0.0,0.007318317525687476,0.0005937577453168588,-0.0008313756723220602,-0.005838909736467478,0.0,0.0,0.006267457778066496,0.0,0.0,0.0,0.0,-0.010572070202757007,-0.0025313288541569576,-0.0037929272491027365,0.0,0
-0.005468598192114279,0.0,0.0,0.0,0.0,0.0,0.0,0.003826827457196955,0.0,0.0,0.0,-0.0009366559443269434,0.0,0.0,0.0,0.0,-0.002251859790996305,-0.003775756955825757,0.0,-0.0013579527571007139,-0.005457349162014894,0.0,-0.00256089695452602,-0.004073261795430417,-0.002016158152220459,0.0,0.0,0.0,0.0,-0.0007072772574583455,-0.0012993581749955116,0.0,0.0037647930132036875,-0.0026425912586881747,0.0,0.0,0
0.0,-0.0022212055209073654,0.0,0.0,0.005404083352625698,-0.0026501956726061146,0.0008898819007715336,0.006056990834348837,0.006673050613314851,-0.0045315293599292915,0.0014835605774903213,0.004047120135808177,0.0,0.0,0.0,0.0,-0.008403147584999299,-0.005395866066094476,0.0009945405732126073,-0.004787984327464397,0.0,-0.0011614253775809184,-0.0027113240413353516,-0.006955166113629775,0.0,-0.0005818557948003057,0.0,0.001009460062446595,0.0,-0.0015756817890958783,-0.0054895024378049505,-0.0017818311839732498,0.0,-0.003285096485908235,0.0,0.0,0
-0.002126673284896251,-0.0019911913471761604,0.003443426056841975,0.0,0.0,0.0,-0.007958062172185502,-0.0009222279525094875,0.0,0.0018951115827461654,-0.0026471398990472023,0.0007925135347195449,-0.0055441929914482905,0.00448011989345568,-0.0015881978096350718,0.0,0.0,0.0,0.0,0.0,-0.008043006855082092,0.0025592022975845525,-0.0015457863515375904,-0.00233624703533206,0.0024596235325236066,0.0017952510059087087,0.0,0.0,-0.0011180043079517653,0.000773120359720782,0.0,-0.0020755582120858275,0.003368844713243551,-0.0014497445466521365,-0.007194303917316108,0.0,0
0.0,0.001592728846276234,-0.0008290107189564182,0.002066455701381129,-0.0017058181106583328,0.003892250594631849,0.0,-0.000537243063876543,0.00901074294722934,0.0,0.0008760469955333324,0.0011902221987220522,0.0,-0.00016153498129062207,0.0,-0.009390807257912432,0.0,-0.006357550050855653,0.00390359939760293,-0.00922440893416515,-0.00732269522006674,0.0,0.00045943761390289633,-0.0067427695611801605,0.0019022551391807143,0.0,0.0028824757689451387,0.0,0.0022334262325022563,-0.0014905359526963206,0.0014966600242509258,0.0,0.0025741438076871057,-0.00764942500046952,-0.007641770121829001,0.0,0
-0.004127193907989503,0.0,0.0,0.0,0.0,0.0,0.0,0.0,0.0,0.0,-0.001111740527300965,0.0,0.004265710090439002,0.0,0.0,0.0,0.0,0.0,0.0,0.0,-0.002262808948940761,0.0,-0.0023218667135224335,-0.005251937021346746,-0.0037520911696516724,-0.0012871899573044532,-0.0005312132652450099,0.0,0.0,0.0,-0.0006086810086299597,0.0,0.0,-0.0019560258439832385,-0.006028085432635246,0.0,0
-0.01117526715213653,-0.002709289996452814,-0.0013724244857282071,0.0,-0.005587246370176864,0.0,-0.0016139038859657542,-0.004279308313332281,0.0031350095603449968,-0.0010430645707851232,0.0,-0.0010024533880499756,0.0030212070699060585,0.0,0.003737588443590503,-0.0013932699387550875,0.005262321407343233,-0.0032034103983446124,0.0,0.0,-0.0057679413608034726,0.0,0.0,0.005786622925749374,0.00022988877678663128,0.002369019138736252,-0.00224158432945616,0.0,0.0,0.0,0.0020395902274687617,-0.00018053731224693093,0.0,-0.001783312109303489,-0.007201357644499494,0.0,0
0.0034587623553706728,0.005477972007690843,0.006467395395742686,0.002027095392438189,0.004092847274231574,-1.6826077692717437e-05,0.003813615858236723,-0.00512129201685804,0.0033839684859942433,-0.01254920436413,-0.005253614175882884,0.0061147714236594285,0.0,-0.0033204081251276335,0.004045158902376634,-0.011529052750016174,-0.001490538347990246,-0.008591132324776294,-0.006982914480869507,0.0061993200649798,-0.00843229676515874,0.007766941981398747,0.004259341075837013,-0.007650544634320431,-0.0002640456182167445,0.004726381224950388,-0.007996357271057181,0.0020577549058838043,0.0021947576064088137,0.010679980836341453,0.00016938420572527405,-0.00641843127613585,-0.001774721835489213,-0.0029745389283521413,-0.011542653711303478,0.0,0
0.0,0.0,0.0,0.0,0.0,-0.0004912853247825598,0.0,0.0,0.0002157278986607977,0.0,-0.0018624215147087409,-0.0011877557564426116,0.0,-0.0025462271806818548,-0.0010978876004446212,0.0,-0.0008851649640579573,-0.0060040110120966285,0.0,-0.00272063629339824,-0.002478041656712313,0.0,-0.00045865650740761505,0.0,-0.0018778870954338815,0.0,0.0,-0.0016928979226439888,0.0,0.0,0.0,0.0,0.003230412704004944,0.0,-0.005116391479965714,0.0,0
-0.004416136835171884,0.0,0.0,-0.0017898578493620114,0.0013779579338559686,-0.0003620875366622345,-0.004622600838374671,-0.004076680291795468,0.0,0.0011650085284362918,-0.0012672301173756216,0.0,0.001463849916283484,0.0,-0.0019520599518296643,-0.002175969773647071,0.0,-0.0037295182961088525,0.0,-0.006607521731052794,0.002948207357431527,0.0,0.0,-0.0004713681422858588,-0.00537727216631213,0.00129145133537644,0.0,0.0017768073499197603,0.00333877080670892,0.0,0.009235479787951426,5.5468937436080325e-06,0.0,-0.004864413557419841,-0.00580613807169908,0.0,0
-0.005601992884125325,-0.002046314150225123,0.0,0.0,0.0,-0.001002002449169756,-0.0019286006209668337,0.0,0.0,0.0,-0.0021678951861408063,0.0,0.00012230856130004646,0.0,0.0,-0.0014950232038992916,0.0,-0.0010718285345779964,0.0,-0.0028771491761628806,-0.0026793994902011126,-0.0012673671850802735,0.0,0.0,0.0,0.0,0.0,0.0,0.0,0.0,0.0,-9.96689781561553e-05,-0.00016282824424230204,-0.005945665870092757,0.00324664207723176,0.0,0
-0.00713055255491934,0.0,0.0,0.0,0.0,0.001957446668203208,0.0,-0.0010229324606258786,0.0,0.001577402349741185,0.0,0.004640541984151832,0.0,-0.0005524516594309436,-0.000496864394823396,0.0,-0.0020729294316832922,0.0,0.0,-0.0036335391010462125,-0.004819090582021979,0.0,-0.0014466257243522474,0.0,-0.004349859194875433,0.0,-0.0004080685599025724,0.0,0.0,0.0,-0.0015244695021460457,0.0,0.004860050935190192,-0.0073564177255148475,-0.003183689785049515,0.0,0
-0.005139935058445906,0.0,0.0,0.0,0.0,-0.0020781453252428366,-0.0009061830934069248,0.0,0.0,0.0,0.0,-0.00042292804558856465,0.0,0.0,-0.001562568393050679,0.0,-0.0022461827658971736,-0.0005482252868901004,0.0,-0.004749080503787539,-0.004432849388960108,0.0,0.0,0.0,0.0,-0.00035367307670234227,0.0,0.0,0.0,0.0,0.0,0.0,0.0,-0.001974294084348643,-0.0005479837167844705,0.0,0
-0.006193328632889039,-0.0030449402706770336,0.0,-0.0011129838131604104,0.0,0.0,0.0,0.0,0.0,0.0,-0.0012867312280535812,0.0,-0.0010106999974848969,0.0,0.0,-0.0018855940916804059,-0.0019168748609262691,-0.003798894924990965,0.0,-0.0001029339356253635,-0.0002165033151367168,0.0,0.0,-0.003351244144999828,0.0,0.0,0.0,0.0,0.0,0.0,0.0,0.0,0.00276511451575221,-0.0038064340392329893,0.0,0.0,0
-0.006352085141012255,0.0,0.0,0.0,0.0,-0.0019619784157197725,0.0,0.0,0.0,-0.0008804992723630685,0.0,0.0,-0.0004728051787415078,-0.0028919182268662504,0.0,-0.0012855383325695374,0.0,0.0,0.0,-0.0007677891042316452,-0.0030332018276222053,-0.00046236026682502625,-0.0007894096747782948,0.0,-0.0028284638335859583,0.0,0.0,0.0,-0.0004058836525693189,-0.0010597263386938336,0.0,0.0,0.004517344088014343,-0.003815279995459418,-0.002472453566081542,0.0,0
-0.009294485951771266,0.0,0.0,0.0,0.006508222917289245,0.0,0.0,0.0,0.0,0.0,0.0,0.005196340549913632,0.0,0.0,0.0,0.0,0.0,-0.0019503151793250533,0.0,-0.005556911580450848,-0.0004616385326170411,-0.0029849537357587493,-0.0027168214816492876,-0.004125109750621502,0.0,9.514313019622033e-05,-0.003774661825058832,0.0,0.0013982347498777772,0.0,-0.0005270561603713501,0.0,0.0,-0.0034977192678626026,-0.003270316620895629,0.0,0
-0.0074301528078412815,-0.002700478701107525,0.0,0.0,0.0,0.0,0.0,-0.0012264742398046956,0.0,0.0,-0.001877543442966467,0.0,-0.003161263192816923,0.0,-0.00020845304270878217,-0.001135629005842751,-0.0025491110439049445,0.0,0.0,-0.004591713436331517,-0.00027550102009197874,-0.0011437208333128683,0.004157323505928285,0.0,-0.004269980724979116,-0.002729696955818633,0.0018283898802250755,0.0,0.0,0.0,0.0,0.0,0.007949216189939186,-0.0023862103056107487,-0.003211049562059601,0.0,0
-0.005696993031772809,0.0,0.0,0.0,-0.001881954126736994,-0.0005200554458959432,0.0,0.0,0.0,0.0,0.0,0.0,-0.000999135108024357,-0.0020869638040874714,0.0,-0.0005415192758323511,-0.0030852220230359,-0.004025740489040488,0.0,-0.000867714711423142,-0.0035603881085319875,0.0,0.0,0.0,-0.0017490288668884897,-0.0003902604617139712,-0.0001622097309863752,0.0,0.00796044053050218,0.0,0.0,-0.0019783607466634812,0.0,-0.0038328285009392397,-0.0015441148380344709,0.0,0
-0.008655676053678306,-0.0008297738405755192,-0.0005030936537710792,0.0,0.0,-0.0005156876512939783,-0.0008992369795216597,0.0,-0.0003795855339600408,-8.311388203039134e-06,0.0,0.0,0.006002583475382726,-0.0014380914385246134,0.0,0.0,0.0,0.0,0.0,0.0,0.0,-0.0021390304202778747,0.0,0.0,0.0,-8.674223444531371e-05,-0.002386002972728711,0.0,0.0,0.0,-0.00020761271545822582,-0.0004031656222657715,-0.007606942220342296,-0.004458318232339713,0.0,0.0,0
0.05569219406577447,0.016396364438363446,0.03173378268281955,0.0,-0.010527522963554178,0.020579183678387323,0.006114919714754537,-0.0352899378916784,0.027525127820849576,0.0,0.0035073509332552307,0.01584979118156512,-0.009140124091435192,0.03142735209554685,0.0,0.0022965352300170936,0.02953346782096577,0.03988508109287797,0.002189397786705127,0.0,0.026275929554909896,0.0,0.0,0.013767498790923777,0.0,-0.05342448766029841,0.0244811255945558,0.027757032514938506,-0.03170209243414984,0.0,0.0,-0.00674747540717986,-0.06915807726433686,0.025090915986679313,-0.033031391978604024,0.0,0
0.008932142624083933,0.0,0.0,0.0,0.0,0.0018339563184119213,0.0,0.002601884364785588,0.0010255669093454166,0.0,0.0,0.0,0.0,0.0,0.0010419887483368675,0.00405860469498831,-0.00029420024940375096,0.00555271875994109,-0.0011643998402683206,-0.0070329953878005246,-0.015180475803952485,0.0,-0.003296926406680512,0.002202593894065249,0.0,0.0,0.0,0.0,0.0,0.0,0.0,0.0,0.0018244061966590354,0.0,-0.01615698745172805,0.0,0
0.00907462789817645,-0.0009451613474453901,-0.00017367569971696743,0.0,-0.002276021875602486,0.0,0.0,0.0,0.002728551210415661,-0.001752384770586975,-0.0048769770082492565,0.0,0.0,0.0,0.0,0.007822284635057967,0.005242084833686239,0.0,0.0013179267471033094,-0.0066011573707158554,-0.01552668266724352,0.0015584600184742534,0.0,0.0,0.0,0.0,-0.0014732435398084262,0.0028445323847859205,0.000798815131661739,0.0006325292595914706,-0.0014405577306330257,-0.0024621904423506105,0.003778137621089113,0.0,-0.012322019916905841,0.0,0
0.008766831431292213,0.0044693112149137015,-0.00015522031295895174,0.0,0.00014928604511211277,0.0,0.0026111421312928124,0.0,-0.0008124094182756115,0.0,0.00027994303471700504,0.0,0.0,0.0,-0.002934102204583075,0.0032902140618438777,0.006362232708816826,0.0033103697537881526,0.0,-0.008313178170610449,-0.016677329333992946,0.001355620029081797,-0.0027320562014424713,-0.0026314196818643955,0.0,0.0,0.0,0.0,0.0,0.002586369335823648,0.0,-0.0023295030855130685,0.0021750037041837365,0.0,-0.01282322767084115,0.0,0
0.00728651413188954,0.0,-0.0018275114337793024,0.0,-0.003986609322720708,0.0,0.002256041673207156,0.002122475677323353,0.0,0.0,0.0,0.0005170913776182965,0.0012408646811343633,-0.0018163875609193765,0.0,0.0019074305196724347,0.0013650426116804388,0.003558817114038216,0.0,-0.007005631595186126,-0.016801365142661177,0.0,0.0,0.0010559675396488045,0.0013749798720926177,0.0,0.0,0.0,0.0,0.0022641942775988052,0.0,0.0,0.0022587426418189537,0.0,-0.009822779691672523,0.0,0
0.01517386166454204,0.0,0.0,0.0,0.0,-0.0039151621343821545,0.005826145977272785,0.0,0.0,0.005143153312311738,0.0,0.0,0.0,0.0021681583329389454,0.0,0.0,0.0,0.0,-0.001839436741673319,-0.012568423531063326,-0.015072884067003819,0.0,0.0,-0.001579625989046209,0.0,0.0,-0.001415148117051951,0.004898930410616817,0.0,-0.0031302397799193044,0.0,0.0,0.006217417761700127,0.0,-0.023806842852582707,0.0,0
-0.007398005418563982,0.0,-0.0009561734882526941,0.0,0.0,-0.0006884618238008261,0.00010709341555949202,0.0,0.0,0.0,0.0,0.0,0.0,0.0,0.0,-0.0013247822940211298,0.0,0.004035246275688004,0.0,0.0,-0.0030428510815458235,0.0,-0.0009202992286807481,-0.001798821322003483,0.0,-0.0015410104060254754,-0.0019873276540345658,0.0,-0.0014956204032413338,0.0,0.0,-0.002090893127519995,-0.0037131750528612267,-0.005077376419645178,0.0029235842415127403,0.0,0
-0.008235323621730328,0.0,-0.003793978056924088,0.0,0.008995307627785836,-0.0033264235911991094,-0.0015759284523858014,0.0,-0.005488120499906657,-0.0027565990211115433,0.0,-0.002040950083542372,0.0053999887775830115,-0.005295730462596987,-0.0023899706353942888,-0.003276007735502362,-0.0063903702872098855,0.004764124515161967,0.006643942233933698,-0.003121886954007395,-0.0016994373775553817,0.0,0.0,0.0,0.0,0.0,-0.008219922031443318,0.0031050439527397764,0.0,-0.005068915242233367,0.0,-0.00043705859578799917,0.00046706343555688487,5.555380707305204e-05,0.008786621642003323,0.0,0
-0.00488594926998651,-0.0032461936044755548,0.0,0.0,0.007834107339744772,-2.5222818117431006e-05,-0.0011654865587107973,-0.0019738990742273503,0.006639037429452556,0.0,0.0,-0.002058260512046362,-0.0015877558398295025,-0.0037330068068760045,-0.0008020864452795443,-0.002079804863247559,0.0,-0.00630837121445686,0.0,0.005043676428648878,-0.0034850782150621443,-0.0011890912044679163,-0.003721013203362367,-0.0008826694038898897,0.0,0.0,0.0,-0.00022745104133981294,0.0044805649773576655,-0.0021097441250502403,-0.0016134576092219127,-0.002286854975059372,0.0034650642192700035,-0.00763087107153234,-0.0013491591949277328,0.0,0
-0.00391214735194369,-0.0035343170862398355,0.0,0.0,0.0,0.0,-6.632034427412353e-05,-0.0016694433641751077,-0.0006427776134105872,0.0,0.0,-0.0009547358909912634,0.0017313324008678612,0.0,-0.00020371487757851254,-0.002857587570603168,9.932488133230123e-05,-0.004463266685587004,-0.0014089707421801904,-0.008220227075598052,-0.001994452947447497,0.002842857475479993,-0.003316713764186998,-0.006667746871485266,-0.004384084262836781,0.0,-0.0019432501563228007,0.0,0.0,0.010208748633363015,0.006277300961547193,0.0,0.0016454114849716332,0.0,-0.0011218162305622198,0.0,0
-0.004429494670635343,-0.001447506928572607,-0.0013276137760201913,0.0,0.0030011059607664378,0.0,0.0,0.001966589827924425,0.0,0.0,0.0,-0.0008051342095847601,0.0,0.0,0.0,-0.000994915493048451,0.0,0.0,0.0,-0.007845152198414704,-0.004603700285524417,0.0030430893429949065,0.0,-0.0005222182544522649,-0.0040666414557478095,0.0,0.0,0.0,-0.004193968270405331,-0.004392846909905098,0.0,0.0,0.003997272506674909,0.0,-0.0017709529859809385,0.0,0
-0.0549744690801225,0.0,0.019987382459888268,0.0011374343095091751,-0.011798176416097834,0.0,0.0034968088430548236,0.006288939065217634,0.0,0.0,0.0,0.0002040984792274387,-0.00921552167700678,-0.00651044573961574,-0.012073260980842318,0.0038621502103292167,0.0038679382815708764,0.0,0.0,0.005218886309231046,0.006007057409117438,0.0,0.007572234188764823,0.011459274815131473,0.0,0.0,0.00765406921537165,0.0,0.00685715220035868,0.0032281864734040196,0.005467893974983045,0.0,-0.010892956485320645,0.003873764498679296,0.0,0.0,0
0.0,-0.0024887946911150297,-0.005872350705913694,0.002915892109315388,-0.0021130059031304067,-0.0001728265482149394,-0.0017868180546070204,0.0,0.0,0.0019857034326709244,0.0,-0.0013258266266444369,0.0,-0.0029981294398310947,-0.0011577378264333435,0.005496072546429241,0.0,-0.004163916420001261,0.00293159399083164,-0.009381283818053341,-0.0006891737335168013,0.0011178329051497236,0.0,-0.0038820208603145587,-0.0025392038286951254,-0.0010958873781647933,0.0,0.004188092664421679,-0.0015306079864331353,-0.0031530719904857662,0.0023950706368260255,0.002682082321102589,0.00303663670599405,-0.004646876323025071,-0.0008835149437201907,0.0,0
-0.006935779752864276,0.0,0.0,-0.0006670385139478037,0.0,-0.0009535213270322874,-0.002683759656993787,0.0,0.0,0.0,0.0,0.0,0.0,0.0,-0.0014444954553031997,0.0,0.0,-0.0032405256595223644,-0.002353272070179626,0.0007496545600324166,0.0,0.0,-0.002129187619973803,0.0,-0.0008883467401501899,0.0,0.0,0.0,-0.003891612375725552,0.0,0.0,0.0,0.0037691079426831336,-0.004019144378900472,0.0,0.0,0
-0.007716858116380323,-0.00010289968443751446,-0.0012879476373327155,-0.0011476604731183856,0.0,-0.002607206811291129,0.0,-0.0010558281602999356,0.0,0.0,0.005367958819339028,0.0,0.0,0.0,0.0,0.0044150302480527315,-0.007143717309699342,0.0,-0.001947761190525073,-0.002342108957195338,-0.008531268087036002,0.002735611338992691,-0.0009066077044222267,0.0,0.0,0.0,-0.0018093495207338382,0.0031395350227669447,0.0,0.0,0.0,0.0001516451799680833,0.0024029224327167405,-0.006583990093656081,0.0,0.0,0
-0.012376457938486829,-0.00517275449333353,0.0027499999753831683,0.0,-0.002083647994983847,0.0,0.0,-0.003354471551339129,0.0035941078303413595,0.003178066056207856,-0.0023718243797966046,0.005507676316167278,0.0005986634094755758,-0.0013898757335575136,0.0,0.010923962990714646,-0.001993384697663453,0.0,-0.0015579239424088514,-0.00373169988952851,-0.0031387953962495876,-0.008296062375079643,0.0,0.0,-0.002986230857950142,0.0015558444809354198,-0.0023831525200093827,0.0,-0.003120842350018677,-0.002264405544307246,-0.0013927844485428374,0.0,0.0011277843980668904,-0.0010683650860074075,0.004541119940498026,0.0,0
-0.003317805749009107,0.0,0.0,0.0,0.0,0.0,0.0,0.0,-0.0018861462897572713,0.001603641038269103,0.0,0.0,0.0,0.0020280942483669917,0.0,0.0,0.0,0.0,0.0,-0.008632180796709353,-0.005732546981954425,0.0,0.0,0.0,0.0,0.0,0.0,0.001381877284105667,0.003464738594949138,0.0,0.0,0.0,0.0,0.0018922719690016674,-0.015476408441959192,0.0,0
0.006682727127896136,0.0,-0.00010661629086607412,-0.0009079705349306924,0.0,-0.00037071651740521583,-0.0026774595750737656,-0.0034192547901015515,0.0,0.007281231682052417,0.0,-0.00028378400189401325,-0.0010401550350310521,-0.000167691139959186,0.0,-0.0026916789317019923,-0.0009438777932678326,-0.0032156475875215603,-0.00014485756320836617,-0.001357497625476329,-0.005510486383276765,0.0,0.0,0.0,-0.004363700653885507,-0.0008966170863396937,-0.0009384973300065764,0.0,0.004670782343762332,0.0,0.0,0.0,-0.0009078202588978632,-0.0035579350092510465,-0.009425964735042263,0.0,0
-0.025489539161189928,-0.0022614020856059278,0.0,0.00261340805260919,-0.005060149893446754,0.00043215182545796747,-0.0020500789777072943,0.005879353794710117,0.004802804381641917,-0.0025406790642542795,0.0,0.0,-0.00531059153717382,0.0,0.0,0.006030034714811173,0.0012152206018452732,0.0,0.0,0.003021440966609484,0.0003027590185640997,0.004477901299131446,0.005882202870534825,-0.00882364225941108,0.006398258860187999,0.0,0.0,0.00718743318100256,0.0,-0.006798817392315432,-0.006707684884222087,-0.00179444002436488,-0.005681152975835326,-0.010268836091720732,0.010679370600358108,0.0,0
-0.013666341416059553,0.0,0.005222326779500314,-0.004751816062194265,0.002734738072614795,0.00469721823659958,-0.0023962947140541238,0.0,0.0,0.004630583426299207,0.0,0.0007605853379534413,0.0,0.0,0.0,0.0,0.0,-0.005485253193813581,0.0,0.0019373920656322629,0.0,0.0,0.0,0.0,0.0,0.0,0.0,0.008813897370314858,0.0,-0.001985911441397036,0.004498234130793892,0.0,-0.014213292199537235,-0.010827168407031962,0.004639400384094106,0.0,0
-0.010162570962822203,0.0,0.008548127162356759,0.0,0.0031754942059452097,0.002154957640242801,-0.0009919690900603924,0.0,0.000576276572818921,0.0018758137517952188,0.0,-0.00521902048700913,0.0,0.003170715041899591,0.008188662683809978,0.0,0.0012751744629319797,-0.011127650865826438,0.005185666696283739,0.003844089413156186,-0.0025903657914726785,-0.0009701599183218285,-0.00231173393004953,-0.0033283913433048446,-0.0005783811271353582,0.0017079824895364047,0.0,0.0044256422339330435,0.0033281957862964615,0.004311152987965579,-0.005019534461159345,-0.0016457334748670974,-0.017558275158161066,-0.011036912209178379,0.0053810460601111144,0.0,0
-0.01000342761835014,-0.001486954611342878,0.0,0.0,0.0,0.0,0.0,0.0,-0.001599164924706511,0.0,1.4251196287745673e-05,0.0,0.0,-0.0008770369322048939,0.0,-0.00041303969740473924,-0.003208460020567752,-0.004793163123102079,0.0,0.0,0.0,0.0,0.0,0.0,-0.000443828555674263,-0.0011069013143014588,0.0,0.0,0.0,-0.002041076745106144,0.002671773741464978,-4.510384712354401e-05,0.0034488169232221796,-0.0050741282766306565,0.0,0.0,0
-0.011883081566668991,0.0,-0.0023468694954779886,0.0,0.0,0.0,-0.0005441824979002286,0.0,0.0,0.0,0.0,-0.0011245921691685962,0.0,-0.0018232313813658781,-0.001042277813138108,-0.0008408460418908785,0.0,0.0028212680786586877,0.0,0.0,-0.0012764743146825997,0.0,0.0,0.0,0.0,0.0,-0.0011179011880958925,-0.0009692441412281424,0.0,0.0,0.0,0.0,0.0,-0.004787325218909302,0.0,0.0,0
0.011248823920728948,0.0,0.0,0.0,0.0,0.0,0.0,0.0,0.0003418137471610417,0.0,0.0,0.0,0.0,0.0,0.0,0.0016718212642289096,0.0,0.0015748185058644761,0.0,0.0,0.0007350898042140878,0.0,0.0,0.0014761202544953812,0.0,0.0,-0.0015585287733296223,0.0022811988402589903,0.0,0.0,0.0,0.0,-0.008282479544754685,-0.014068636273498825,-0.015699106783414858,0.0,0
0.01612548912732607,-0.005865798162952146,0.0009057342716801201,-0.004050243813627832,0.0,0.006830426006592708,0.0138083104168893,-0.006675139240942207,0.007968021563475761,-0.0005094117101056362,0.0,0.0,0.0,-0.00408884575008355,0.0033270585686647506,0.0,0.0013226606793454209,0.0010831269950712624,0.0,0.0,0.0031501313290791433,0.002725092073942064,0.006771665922875974,0.0,0.0,-0.0026946321171317745,0.0,0.0033491489167338773,-0.0022913493945237113,0.0035150425878164105,0.0,0.0,-0.01611786631324499,-0.012800859162362772,-0.032620930115535546,0.0,0
0.015775314163798234,0.0,0.0,0.0,0.0,0.0,0.0,0.0,0.0,0.0,0.0,-0.002760486937559487,0.0,0.0,0.0,0.0,0.0,0.005060339852390388,0.0,0.0,0.0,0.0,0.0,0.0,0.0,0.0,-0.0018306223601058037,0.0,0.0,0.0,0.0,0.0,-0.007175762774873733,-0.011927760736296991,-0.017420086245398765,0.0,0
-0.005071433185370599,-0.0011406435131562811,0.0023152671119023656,0.0017287892016009053,-0.002505997367984982,0.0,0.002741818465931671,0.0,0.0,0.0,-0.0034506845726542477,0.0,0.004565395966771052,0.0,-0.004650621585903339,-0.0030281429844013228,-0.0061622334494141695,0.0,0.0,-0.006460826248484367,-0.0051454389152418515,-0.003044057645088158,0.008401231876838429,0.0,-0.003409551783885616,-0.0020599118504962127,-0.001556088375911408,0.0,0.0,0.009239168749090575,0.0036005041215491315,-5.745482608311102e-05,0.0,-0.00031978975927811413,-0.009169875327247546,0.0,0
0.0,-0.0020183202879821313,0.0,0.0,0.0018014516859392177,-0.0009696397246180235,0.0,-0.004769957389988405,0.0,0.0,0.0,0.006469573192104508,-0.0008352888462269475,0.0,0.0,-0.0034824085889784413,0.0,-0.0015617488499274693,0.0,-0.0018552844787385508,0.0,-0.0031502110640204187,0.0,-0.00305606478214885,-0.004591000600956211,0.0,0.0,-0.0029271591265147908,-0.001698785293749144,0.0,0.0,0.0,0.0,-0.0005097734575574198,-0.0012380095969618428,0.0,0
0.00377963084274064,0.0,0.004681611437774354,0.0,-0.00038779158200781376,0.0,0.0,-0.0034016925159036193,0.0,0.0,0.0,-0.0036731837142402173,0.0,0.004467153949234919,-0.00479854806385067,-0.0027911016272083606,-0.004993575478007782,0.0,0.0,0.0,-0.0048454459741158135,0.002322828967802111,0.0,0.0,0.0,0.0002108468775032257,0.0,0.0,-0.003180470568940928,-0.0024292815135083306,-0.0008399661205113723,-0.002746102517301935,0.0,0.0,-0.005767539609783327,0.0,0
-0.0007954279654290319,0.0,0.0033098093055830458,0.0024797647780968146,0.0,0.004342076475445477,0.0,-0.0061147820740895045,-0.0034896475060906826,0.0,0.0,0.0,-0.0032042504745156274,0.0022384864498209292,0.0,0.0,-0.002200109906269024,-0.007293284122664283,-0.0033116933951193757,-0.0053330177630792576,-0.005106194566633274,0.0,0.01631839504936362,-0.005028375686246265,-0.004830316728991855,-0.0036583972434537475,0.0,0.003105146035692713,-0.00038320934814805576,2.0524095538458813e-05,0.004976840641513423,0.0,0.0,-0.004537222822275835,-0.005582528550436547,0.0,0
0.011333257746365994,-0.013504920828666871,0.00044082205462205596,0.0,0.001011483345305473,-0.0037853933191270913,0.002434493986577056,0.0,0.0013336823541431478,0.0024845602254327287,0.004044104253709564,0.008124347373408456,-0.007383707840031421,0.0,-0.0023520629955607153,-0.0010763902618901226,-0.0060641169410253154,-0.007712097942992208,0.001600255631808871,-0.008079230857510571,0.005154877519350839,0.0046917070762778745,-0.004089181529979077,-0.0019442301281790526,0.002884475585805589,0.004640702957952938,-0.004532520987096718,0.004320799217963796,0.009719008207599264,-0.0044714075691110345,-0.008063332850702383,-0.0017763809738056916,0.007107297222428073,-0.010868222526532472,-0.010015304416865893,0.0,0
0.0,0.002746078216546695,0.004082241803643025,0.002311121422609178,-0.004468435699105284,0.0,0.0056232751089829525,0.001234099355703444,0.0035104646093180535,0.003441719208855429,0.004495597037417592,0.0,0.002323031480448382,-0.0031406420931045405,-0.0013500145268178561,0.001639171338930212,-0.005992379228746242,-0.0010816808713817513,0.0,-0.00477883088975927,-0.006084396410921387,-0.004413665915465563,0.0,-0.007461035076425908,-0.0015741400882995915,0.0009377017041257009,-0.005398459825604029,0.007080844389843126,0.0,0.0,-0.0027007594868924288,-0.0032871751502316056,0.0008664782663861654,-0.002642912586167781,-0.010032367872972334,0.0,0
-0.00022338420482435634,0.0044429415859008475,0.0,0.0015179442383883653,0.0069379029365629185,0.00898195576319512,0.0,-0.001769415866673004,-0.005581688901407982,0.0,-0.002404481691233905,0.0,0.0,-0.002223188155134803,0.0,0.0,-0.0036869069068850087,-2.8956858673284778e-05,-0.0005929744414012767,-0.0051930491451415975,-0.004538062283842994,0.0,0.0,-0.001663081273638271,-0.005283258328261851,0.0,-0.0021076282034267575,0.001378484860416421,-0.0004998305648583867,0.0,-0.0027382692102966327,0.0011540842279530474,-0.004604602474785105,0.0,-0.006064765921855595,0.0,0
-0.003209203033483812,-0.0009432578233055,0.0,0.0,0.0,0.0,0.005180235562447387,-0.0033326422620146485,0.0,0.0,0.0,-0.000649446381319946,-0.002217244547564347,0.0,0.0,0.0,0.0,0.0,0.0,0.0,-0.0015431359055455437,0.0,-0.004815601129756193,0.0,0.0,0.0,0.0,-0.0009718002492470753,-0.002198573869166628,-0.00020754234266621063,0.0,0.0,-0.003109683445264315,0.0,-0.006960224410334757,0.0,0
-0.0055000320033283786,-0.003340747577914737,-0.0030536678173550655,-0.006933898772308757,-0.0028215206540084608,0.0,-0.004793739737885624,-0.005615462187237257,0.005911360080890418,0.001952785660635599,-0.004301647485564069,5.730144192821659e-06,-0.004839145038093013,0.002282135896832136,0.007754148260387905,0.013403553074189419,-0.0033515761683086823,-0.00771300143290686,0.0,0.0036712570066103614,-0.004022991701721963,0.007089428018465924,0.0,-0.0034182105479938323,0.006688421021298521,0.0,-0.0023038492466946926,-0.002497439741234038,0.0032990338983015653,-0.00032349563173396,0.0016501564989228723,0.005995550941101336,-0.012462637239227031,0.005834090471011575,-0.013222707826545629,0.0,0
-0.00425961541218426,0.0,0.0,0.0,0.0,0.0019253789986321392,0.00203132323771591,0.0019014981003646595,-0.0009417761597236136,0.0,0.00044136822210677414,0.0,0.0,-0.00039590694913666945,0.0032078105130371017,-0.0010803902826551557,-0.006555398593986427,-0.0050969992990429385,0.0,0.004731388880914271,0.0,-0.004270693378890703,0.0,0.0,0.0,-0.00497325581599617,-0.00033547869463940806,-0.0035740744789801173,-0.003678424348657324,0.0,0.002092012013602739,7.389532508743372e-05,-0.004095434898756735,0.0038085949961109526,-0.005933941812144045,0.0,0
-0.004187036632319494,-0.0035141050177754755,-0.0038929189545599883,0.003456817150942696,0.0014509432666752395,0.0,0.005584254604256266,-0.0029479948810825483,-0.0016730424840775031,0.0,0.0,0.0017461626686892141,-0.0014950246782163322,0.000937729658649106,0.0,0.0,-0.0037073378729909007,0.0,0.0,-0.00124852562628282,0.0,0.0,0.004521985246843764,-0.004769219078056311,-0.004143396897530515,0.0,0.0,0.0,0.0,-0.0017242563292227389,-0.0003509677474910098,0.0,-0.007966123499280537,-0.0010560627343917002,0.0,0.0,0
-0.0027025628421868553,0.0,0.0,0.00622659832256778,0.0,0.0,0.0,-0.004119325407035242,0.0,0.0,0.0,-0.005272765951869259,0.0,-0.0019667054184821365,0.0,0.005880272558547539,-0.0016868665228052225,0.0,0.004894446609727322,-0.004928784182911633,-0.006819558634067161,-0.003008870140651679,0.0,0.0043944553736495915,-0.0011061836286758,-0.002124347953046201,0.0,-0.0030667145190803055,0.0,0.0,0.0,-0.003163120142380255,-0.0026239807929328163,0.0,-0.003784106565589255,0.0,0
0.0,-0.009161088803659342,-0.005640993533449303,-0.0014288708771923392,0.003617890719333412,0.005275085061872283,0.0,-0.0027395202601741948,0.0,0.0,0.0,-0.002123990581531756,0.0,0.006686524343518893,0.0018192810577328255,-0.001634141918664869,-0.0015360397969661585,-0.003448268863354739,-0.0029652129616270307,-0.0052022444650958715,0.0002222830935557479,-0.00243219081695336,0.0,-0.003915953401547681,0.005421759097508715,0.0012629197428488913,0.0,0.0,0.005193562484627629,0.006357016462629649,0.0,-0.0048472644310223675,-0.0052774253845046136,0.0,-0.00848123580510601,0.0,0
0.0,0.00480105951087994,0.0,0.0048009051782118735,0.012256357966401971,-0.0005539135051863075,0.0043048133250996375,-0.006715018107489798,0.0,-0.0025327088797966074,-0.00759516876247321,-0.0012678460622445285,0.0014996954868530452,0.001351590437781875,-0.0030853017724326703,9.450516745344341e-05,0.002156557157943474,-0.0018543714392970248,-0.002116056054614454,-0.008386634939693357,-0.0060823942452644325,-0.002457855055131123,-0.006306822381085255,-0.005461748047996493,0.007332615543436288,0.0026822539417560107,-0.0022241588036636794,0.0018676343672209717,0.0029669203749942987,-0.003440828844653913,-0.005027852834942063,0.0,-0.003935069943884031,0.0,-0.0020492786154054678,0.0,0
0.0,0.009272239248476952,0.0,0.0,0.0018388373959487981,-0.002917971696736286,0.0,0.005283474385452262,0.00220664627853525,0.005385474188518374,0.0020314536612027643,0.0,0.0014157373770138056,-0.000163417099942716,0.0,0.0,-0.00719294727302323,-0.006220726464472755,0.0013905364952675814,-0.009202664122150204,-0.00497962099312886,0.0,-0.0024173124065366377,-0.0030711288152512266,-0.002357055374556318,-0.001653260647440672,-0.0019053049298954447,-0.005409357430447464,0.005502442543453865,0.0,0.0,-0.0020889197609340214,-0.007396647964484396,0.0014128446695420773,-0.0037414711016330836,0.0,0
-0.0030131034549126415,0.0,-0.005027501259101757,0.0,0.003741675504299378,-0.002185972071743791,-0.0012065501846897904,0.0,0.009728978707456658,0.0,0.006231790636711271,-0.002017600212827369,0.0,0.0,-0.004101630737033065,0.004243953857556426,0.0,-0.002125346269579652,-0.002783124626464245,-0.005126837618163936,0.0,0.0,0.00029563493293447937,0.0,-0.002515052870441322,-0.0022803423101528555,-0.004073531421339449,0.0029567659679588755,0.0,-0.006689752245022777,0.0013513421146895174,-0.000453801675216927,-0.004657729469814774,0.0,-0.005270385132323842,0.0,0
-0.004110889371664719,-0.0010039293835175157,-0.003840485937320868,0.0,0.0,-0.004082438896142148,0.0031119961745728134,0.0,0.0,0.0,0.00832330793998371,0.011558770898149055,0.0,0.004218424091017553,0.0,-0.00406785481399397,-0.0009681886386993728,-0.0025857321230511976,0.0,0.0,-0.004012513264813061,-0.0020687427933382438,-0.0002800901371509976,-0.007269835382412676,0.0,-0.002434205266615008,-0.003630390407654374,0.0,-0.0011331968669901812,-0.0031731356956086897,-0.00473270844368412,7.26201664283486e-06,-0.0015535220181401136,0.0,-0.0012491550491459946,0.0,0
0.0,-0.0034855249238230843,0.009338902405435482,-0.0014391947285468452,0.0,0.000184553565963479,0.0,-0.0023718632852371196,0.0,0.0,-0.0015970034848738792,0.001881560441522113,0.005120086807557051,-0.003279213284553211,-0.0036434387128371974,0.0,-0.004748204827442037,-0.004862453342028943,0.0,-0.0032636631131286427,0.004766743446387365,-0.002431545434906572,-0.0011241096667962533,-0.005019078198845911,-0.00685858182214894,-0.0009067956412017726,0.005530727414414015,-0.0038217612874094655,-0.0034162241795460684,-0.002987850406277314,0.0,0.0,-0.003276217369513679,0.006732029790615841,0.0,0.0,0
-0.00782567278581554,0.0,0.0,0.0,0.0,-0.0051568744294112605,0.0,0.0,1.1768028922952112e-05,0.0,-0.00201513961652383,0.006386808065664373,0.0,0.0,-0.0011538970047844496,0.0,-0.0017402481740952523,0.0,-0.0040184814598025285,-0.004638238247382942,0.0,-0.0013135733958867673,0.0,-0.007579930209793151,0.0,-0.0019518028557838848,0.0,0.009247075464779125,0.0,0.0,0.0,0.0,-0.003229913217308436,0.0,0.0,0.0,0
-0.00802940294862178,0.003334299597104008,-0.002037257703529781,0.009711395827869587,0.0,-0.0006749063521430735,0.004656136332150219,-0.0034282096791279594,0.0024651467331839173,-0.001665641753243717,-0.00493927403178025,0.004068160434579527,0.0004501816003017926,-0.005006163663247234,-0.001971402472958237,0.004496601172560405,-0.003861812326118356,-0.006168455098551443,0.007156804609783788,-0.0017339226680493623,0.005269463180047136,-0.0048041840849305795,-0.014516371492713735,-0.004837589153857133,-0.0020934508749925205,0.01071041927233047,-0.002795581611201791,0.001946855232091384,-0.001528152865769857,-0.006417368209850809,0.0006346582298087398,-0.0038609936683080427,0.009184625181624002,0.0,-0.008692726581660894,0.0,0
-0.0004491920085149492,-0.004474671155337177,-0.0010432477538017777,-0.001409751243978161,0.0,0.0,-0.0043125260198252705,0.0,-0.00153972708117129,0.0,0.0,0.0,0.010054883964875957,0.0,0.0,0.0,0.006655393713993325,-0.006433210315730106,0.0,-0.0057483486701952885,-0.005036829175359208,-0.0026797306756719637,-0.002113095926538109,-0.0012848116926929205,-0.0031762265320620406,-0.0007776475515193154,0.0,0.0,-0.0013813877019535244,0.0013402653913401406,0.0,0.004475220789697239,-0.0048303461666117055,0.003714468669099113,-0.004526736227620256,0.0,0
0.0,-0.002682902100575505,0.0,0.0,0.0,-0.0015673450567875245,0.00882953548872415,0.0040870751407632196,0.0,0.0,0.0,-0.0036123511126033682,0.0,-0.0010236397795766682,0.0,-0.00014750032339013824,-0.0032596836401661013,-0.00493131649715329,0.0,-0.0019496411737518389,0.0,-0.0020287940032497277,-0.001953983735439723,-0.004586735087918928,0.0,0.0,-0.0020247073691906318,0.0,-0.0008190999267834246,0.0,0.0,0.0,-0.005145484056203269,0.0,-0.002160680136274521,0.0,0
0.05254927271329045,0.018067791763405082,0.0,0.0,0.0,0.04106791688947242,0.0,0.0,0.0,0.031183696205942822,0.0,0.0,0.0,0.0,0.01829169253033516,0.026264316862471784,0.0,0.046032906261793335,0.0,0.008001384502914833,0.03981076171713798,0.019081827422029712,0.030299222140322032,-0.00863261481620798,0.0,-0.06136840434613312,0.0,0.0,0.0,0.0019080564219834072,0.0,0.0,0.010305826439168745,-0.057787735895140135,0.0,0.0,0
0.03418486992744952,0.0,0.0,0.02903029973510293,0.0,-0.0078112121586422995,0.020373477507766538,-0.03989742979961866,-0.049892529769982666,-0.0005057315846864295,0.020639204924340387,-0.018659196125372986,0.03073781563987833,0.0,-0.014182772085849534,0.0047871282557272275,0.0,0.04888196343648837,0.0,0.013477224930360054,0.06600664326971503,0.0,0.020066767829034764,0.05004915224233429,0.0,0.0,0.0,-0.02654771315311548,0.0,0.01098798035725267,0.005605862061355749,0.016632965941677947,0.021777901449030596,-0.06489520382730823,0.044228447809848415,0.0,0
-0.014804109074497111,0.0,-0.0015220447682139362,0.0,0.0,-0.0028265076601388444,0.0,0.0,0.0,0.0,0.0,-0.0014457933499078856,0.0028994490286988425,0.0,0.0,0.0,0.0,-0.0005007158008215591,0.0,0.0013773417416256659,-0.0009320507923628555,-0.0022087760072376306,-0.003983828109619841,-0.00245462804005275,0.0,0.0,0.0,0.0013154574353407278,0.0,0.0,0.0,0.0,0.004518688548259749,-0.007179046839583087,0.0027853529014347685,0.0,0
0.005090154817643716,0.0017449250512456742,-0.0022065982742210783,0.0,0.002755918231140275,0.002936470386024858,-0.002435627606836236,0.0,0.0002143676107047578,0.0,0.0025704217213869543,-0.0048714331250173685,-0.0012038558016899924,-0.0027073051958049067,0.001670224725903421,-0.0038461951196213733,0.0,-0.015079468446385896,0.0,0.0,2.71234987696629e-05,0.0023240012567142306,0.0005388374796443882,0.0,0.0,-0.002664286336110279,0.0008352151818315271,-0.00418021731031346,0.0012466191237446615,-0.0037080438079357242,0.0,-0.0015982636673543132,0.0,-0.0052916392705196665,0.005397756148530608,0.0,0
-0.009576712891382948,-0.0012197210717711428,-0.0009527078387730132,0.0,0.0,-0.0003573210222017236,-0.001054698757733649,0.0,0.0,-0.00021629281295867345,0.0,-0.0005519073049602044,0.0,0.0,0.0,-0.0011407182364304887,0.0,0.003104564245070429,0.0,-0.00011219600185942378,0.0,0.0,-0.0026360350394880852,-0.000614530844456765,0.0,0.0,-0.001109232401524368,0.0,0.0,0.0,0.0,0.0,-0.0042283304585244074,-0.006470996794497209,0.0022223815133950407,0.0,0
-0.009316791523031834,0.0,0.0,-0.0006267171144012098,0.0,-0.002139735183040552,-0.00044621454072788793,-0.0005806715543570498,0.0,0.0,0.0,0.0,0.0,0.0,0.0,-0.0020446903465550187,0.0,0.002962092359746384,0.0,-0.000736641376333285,0.0,0.0,-0.0027870241895608877,-0.0005349178857454155,0.0,0.0,0.0,0.00018397731996329066,0.0,0.0,-0.00034207497437929106,0.0,-0.0016117269584678164,-0.0068933197512060645,0.0,0.0,0
0.04381777118810876,-0.162962693021684,-0.1042945105084962,-0.17772892113302835,-0.06620750656820208,-0.015288982422532363,-0.06160177049276734,0.0,0.06997576315546852,-0.080005227069338,0.058035760442238765,-0.0633741846076639,0.00922002824647443,0.019745931736994408,0.03655270603330285,0.0,0.050954693912014494,0.10868232272670761,0.0,0.16729518159204046,0.07399724888815072,0.040836218086783574,0.0,0.0,0.18684767299785757,0.0,0.03932849526546367,0.0,0.0,0.10038765161947934,0.10183857423352322,0.0,0.1526165330884422,-0.010904760296621133,0.19674150326956885,0.0,0
-0.00395426509764833,-0.008276179599018609,0.005894460210001357,0.004202955356117244,0.0021306434484714954,0.0,0.00045193267645491584,-0.0037413583982101456,0.007175603797302287,0.0026764686503284486,-0.0032558521941735055,0.0,0.004312028558389908,-0.001033235415526146,-0.0006692391950077024,-0.002637640630260921,-0.001092261792947263,0.0,0.0005161434283274144,-0.007268364682321472,-0.003570960547181688,0.005800192259527618,-0.005027849016993628,0.007549561053602997,-0.0031809647238805116,-0.0006104708488391934,-0.005510715555572336,-0.0024269543259185867,0.0,-0.0003867674659268625,0.0038591403627099485,0.0062489154581763014,-0.00895961808201389,-0.008696684341149534,-0.005192395578857836,0.0,0
-0.013463925094025166,0.0,0.0,0.0,0.0,0.0,0.0,0.0,0.0,0.0,-0.0014072318570061803,0.0,-0.00024141182979843864,0.0,0.0,0.0,0.0,0.002102823475085482,0.0,-0.002212712523701957,-0.0023232292749583044,0.0,0.0,-0.00047616061417014334,-0.00010156517204655603,-0.0015155446916025493,-0.0012877231127152772,0.0,-0.0006613392714005911,0.0023985858051618443,-0.000919355649694691,-0.0006813767521197647,0.0031552099111766176,-0.006864920249653029,-0.000452761190455956,0.0,0
-0.0076750868657563705,0.0,0.0,0.0,-0.00038504807875187446,0.0,0.0,0.0,0.0,-0.0011027263685319743,0.0,-0.001333106067527721,0.0,-0.0007297590360056285,-0.0008343714247316932,0.0,0.0,-0.004067635254947925,0.0,0.0,0.0,0.0,-0.0031101716805876827,-0.0004917479287637797,0.0,0.0,0.0,0.0,0.0,0.0,0.0,-0.00039347193426838645,0.0,-0.004790497413552083,0.0,0.0,0
-0.0032464552294139597,-0.0025708757551377685,0.004901972480402907,0.0,-0.002475776287784202,0.0,-0.0003165046485646949,-0.0015394055498484229,0.0,0.0,0.0,-0.001056294625032965,0.0,0.0,-0.0005771137652171272,0.0,-0.0035110630405016385,-0.0035013163971513773,-0.0013510330721225694,0.0,0.0,0.0,0.0005467803496354794,0.0,0.0,0.0,-0.004230492295221154,-0.002152361968460684,0.0,-0.0017625055671857818,0.0,0.0,0.0,-0.00093572076566222,0.00042342354695956014,0.0,0
-0.00442645586963081,-0.008598294660928136,-0.0015528048300870758,0.0,0.0,0.009242842420074403,0.0,-0.001377681572507841,0.0,0.0051655168567228335,0.0,0.002064851698373584,0.00207031270807342,0.0,0.005255784922904274,0.0002235332850614028,-0.004992486702337719,0.0,0.0,-0.005035644580054981,-0.005207795398968071,0.0023854887855192294,-0.0028136406698415837,-0.0021706738288584247,-0.0013061394695298436,-0.0014416583049848886,0.0,0.0,-0.003946631223130984,0.0009537560443399996,0.0,0.0,0.0027138058076594676,-0.006313782217602419,-0.004246945790572457,0.0,0
-0.005978678325108565,-0.0037079624024983454,0.0016026565920147613,-0.006048549631032193,0.0031418590659564646,0.008081122024267126,-0.0032887216342935488,0.0,0.0038963966145872673,-0.00033312072523170033,-0.0016349964318452491,0.0,0.0036563005148143833,0.0020542731449525262,-0.0021255013974552494,-0.0030617987162317095,-0.0065536099281454565,-0.0011514224464107448,0.0,0.0,-0.005935434018395902,0.0,0.0,-0.001319513589118442,-0.0015997774297707703,0.0,-0.004019332536898221,-0.0014585172682425106,-0.001980781608744653,0.0,0.0010335838581589038,-0.002577047588366596,0.0,0.005228108657410855,0.0007257226153209555,0.0,0
-0.008567901354981316,-0.0007506630910043479,0.0,0.0,0.0,0.0,0.0,0.0,0.0,0.0,0.0,0.0,0.0,-0.0014703600620744094,0.0,0.0,0.0,-0.0037022441864331852,0.0,0.0,0.0,0.0,0.0,-0.0019181977809527644,0.0,0.0,0.0,0.0,0.0,-0.0003992078328548208,0.0,0.0,0.0,-0.007748873976601123,0.0,0.0,0
-0.004049715769052088,0.0,0.0021371747877144184,-0.0013299014663299591,0.004574135727432078,0.0,0.0,0.0,0.0,3.0517521322545143e-05,0.0,0.0010470880411200675,0.0,-0.0007453058562597519,-0.005356583218025686,-0.0037290469520249963,-0.003548483529064063,-0.00672010105537883,0.0,0.0,-0.0024392557579640457,0.0029031048611034434,0.0,-0.004959560606295995,0.0,0.004975960003755285,-0.0017456879858023097,-0.0017838598114862398,0.004953834663857114,-0.0013226460786195386,0.0,0.0,-0.0031089747867155543,-0.002683437285447309,-0.002011064863771155,0.0,0
-0.0016298250463514408,0.006935358418073684,0.0,0.005386642030989983,-0.0006814177607848737,0.0,-0.0013889680332096668,0.0,0.0,-0.0019933510794847443,0.0,0.002175079403025257,0.006171760821549917,-0.004944156067561144,-0.002907447359702369,-0.004137136218321284,-0.0009412502173881638,-0.003964905026615503,0.0011323740198331152,-0.0017095995733893844,-0.006362520898390153,0.0,-0.004394477769885359,-0.0030025557703296716,-0.002823987256778206,0.0,-0.003769707865486525,-0.00019428772638578482,0.0021184890376377123,-0.0020894041761998702,0.00044464361980429333,0.0,0.0,-0.005220991678191185,0.0028798327576087974,0.0,0
-0.004841344698916546,0.0,0.0,0.0,0.0,-0.0019418623486711843,-0.0005953400253649419,0.0,0.0,0.0,0.0,0.0,0.0,0.0,0.0,-0.0031711037529689404,0.0,-0.005109946805376969,0.00293636161358702,0.0,-0.0032718244619583305,-0.0009345755472865946,0.0,-0.002642016781907483,0.0,-0.001482501189721116,0.0,0.0,-0.003251857508871563,0.0,0.0,0.0,0.0,0.0,-0.0006494152225529036,0.0,0
-0.007572475096861923,0.0,0.0,0.0,0.0,-0.001894410992443528,-0.001577753962293299,0.0,-0.001352113591644426,-0.0007912755882057494,-0.0021976840772132936,-0.0014203741000624421,0.0,0.0001000550140793004,0.0,-0.001259218528095366,-0.0005905278873215449,-0.004223966398317362,-0.001326435173784691,0.0034787682347919516,0.0,-0.0022145430832730627,0.0,0.0,-0.0016741189900126004,0.0,0.0,0.0,0.0,0.0,0.0,-3.412994491449766e-05,0.0035629697929987557,-0.00397874211035059,0.0,0.0,0
-0.0058054514137216035,0.0,0.0005096177715643584,0.0,0.0,0.0,0.0,0.0,-0.00034720333249710865,0.0,9.131872783324785e-05,0.0,0.0,0.0,-0.0005273562970350756,-0.0019304153285806692,-0.0018477845672730104,-0.0044187119831967875,0.0,0.004352577517856745,-0.002283684566721918,0.0,-0.004813041843262773,-0.0008809263511975844,-0.0012545478754454663,-0.0020283019119509377,0.0,0.0,0.0,0.0,0.00034761882967920485,-0.001486219250366435,0.0021471168201763536,-0.00714616774505978,0.0025840964089859537,0.0,0
-0.005479645630481313,-0.00274721370648974,-0.00019407806785680956,0.0,-0.0014347655624617,0.0,0.002825616485169713,0.0,0.0,-0.0009831913412713593,0.0,0.0,0.0,0.0,0.0,-0.00018539229367652176,0.0,-0.008268287007688805,0.0,-0.0012257764365331976,0.0,-0.00046008640296725533,-0.0021707114723171516,-0.0002613303118611586,-0.0034415178886228167,0.0,0.0,0.0,0.0,0.0,0.0,0.0,0.0,-0.0029686492017510255,0.0020203700193284005,0.0,0
-0.0032038037639130113,-0.004516031346340041,0.0,0.0002388769653037066,0.004692590088731785,-0.0017249504212146652,0.0,0.0,0.0,-0.0031286946193746297,0.0,0.0,0.0,0.0,0.003360201314578117,-0.003222799231625249,-0.0035508090273376307,-0.0005115410850376349,-0.004415017237549338,0.0,-0.0024436362872339574,-0.002902927440000026,-0.00022593092778599487,0.0,-0.000788088139445934,-0.002322521743350936,0.004311431049567413,0.0,0.003270612590116313,0.006312335534468972,-0.0006828504877269972,-0.0015812736986980313,0.0,-0.0038438801086860493,-0.008091006600919645,0.0,0
-0.0101199900068212,0.0,0.0,0.0,0.0,0.01034925827039481,0.0,-0.004103933277382164,0.0,-0.001547653220452165,0.0016141572561165368,-0.002459690910683832,-0.004505519700199163,0.003684532282879985,0.0043020199581239775,0.0,-0.003459462878174447,-0.0018677236972629138,0.002154354373558322,-0.001794489843129267,-0.00778577734723253,0.0,0.0,0.0,0.0,9.61064675707345e-05,0.0007611605301913844,-0.001130178585830217,0.0,0.0,0.0,-0.001056443592989216,-0.0014591354089371477,0.0,-0.006641305293214956,0.0,0
0.00288271692307232,0.0,-0.004568545262645226,0.0029721042091040203,-0.001748184494692201,-0.005676207056625714,0.0,0.0,0.0037784572715322718,0.000803337787840368,0.0012304133982013925,-0.005708669114541859,0.0,0.0,0.0,5.696207354019767e-05,-0.0016852145313436225,-0.006505971786394271,0.0,-0.004556383631621211,-0.007177503974532176,-0.0017391929871604633,0.00465966707879624,-0.006129785144899904,0.0,-0.0010064046143791515,0.0,-0.0019751673475791463,0.006323762672018337,0.0,-0.0009770515906188132,0.0,0.01142429167872818,-0.00416543441880711,-0.00548171176046593,0.0,0
0.003162436698215103,0.005702380847035664,0.0015243003429136993,0.0,0.0015348301093247487,0.0,0.0,-0.0033220006209838185,0.005399887198852875,0.0,0.0,0.0,-0.001862331026013328,0.006305247191591796,-0.0036905288773316494,-0.0021862306139316203,0.0,-0.0051926452218076565,-0.0007018570012823187,-0.003957909140021919,-0.00671762047386821,0.0021394552238905985,-0.004117239741402677,-0.009724080138125993,-0.003691431006302015,0.0,0.0,-0.0024878875526725833,0.0038987609864354887,0.0,0.0,0.0,0.002226427646620304,-0.002654089547400542,-0.006557589907209411,0.0,0
0.002734784314649224,-0.0026047676808551726,-0.005292526353946055,-0.0028068494883740514,0.0,0.0,0.0028371898231393834,-0.002214812285769494,0.00017429944183954162,0.0,0.004172234030437464,0.0,0.005848246358447246,0.0016011694656709618,-0.001088226221302376,0.0,-0.003981143338364886,-0.005515687418994759,-0.008657650566581914,-0.004478244677050952,-0.008638881921876335,-0.003679117378374022,-0.009587596651731258,-0.0014023282825328118,0.0,0.0021604564283154333,0.005258630912465568,-0.0017024346199479598,-0.0019514556219170781,0.0,0.0009825460882877473,-0.002458886159697435,0.0018494293105861793,0.015174662203542716,-0.0017027543335383817,0.0,0
0.0023443296346325757,-0.002209225196843477,-0.0020129171941926445,0.0,0.0,0.0008718574997571818,0.0,-0.0020154787376869595,0.0,0.0,0.0,-0.003112078577786613,0.0,0.002030134106189956,-0.0025271232865453574,0.0,-0.003087854988638068,0.0,0.0,-0.0020006687633545308,0.0032638077528575446,-0.0025143540008403394,-0.0020264897987210795,-0.004929134889556078,0.0,-0.0021481761017685804,0.004538849986613563,0.0,0.0,0.0,0.0,0.0,0.0,-0.005364378545594246,-0.00407081352199631,0.0,0
-0.009216920398058652,-0.00282893947639699,0.0023588811623567888,0.004751636923495424,0.0025105488071392843,0.0056450327816215265,-0.005470607459804475,-0.0033411097446922424,0.002003309619750926,0.0,0.0,0.0,0.0019805377506889946,-0.0038343612097176518,0.0,-0.005861832713293906,0.0,-0.006401091004844629,0.0025007545961667726,-0.00537609150692641,-0.0027594944075441372,-0.010045639511318328,-0.0047213975285407194,-0.0033018276668720786,-0.002138668274290958,-0.003695084355260659,-0.0030957044167590664,0.006353157598240775,0.0053208669736721954,0.0038164840746752345,0.0,-0.0013230448438855966,0.0013236796999126516,-0.0026511737113526215,0.012528383618365075,0.0,0
-0.008732990857290715,-0.0008392594684904855,0.0,0.0,0.0,-0.002964451759848737,0.0,0.0,0.00013470428900737115,0.0,0.0,0.0,-0.000845114999764111,0.0,0.0,0.0,-0.0012637341053407978,-0.0012083096371887326,0.0,-0.00469043270157915,0.0,0.0,-0.0014337915220182123,-0.005536704333025558,0.0,0.0,-0.0008539260994347966,0.0,0.0,0.0036240851528423915,0.0,0.0,0.0,-0.0001871455458299226,0.0,0.0,0
-0.08550726122406926,-0.007097144794566885,0.0,0.0,0.0,0.0,0.002355702543128425,-0.006092081846051997,0.0,0.0038317167784267946,0.005217844255562145,0.0,0.0,0.0,0.0010079860842684247,0.0011721620313440207,0.0,0.004856550942476328,0.0,0.0,0.01306721565294525,0.0,0.0,0.0,0.037534869496305814,0.0,0.0,0.0,0.0,0.0,0.0,0.0,0.0,0.005127752347507454,0.0013465147057535494,0.0,0
0.0,0.0,-0.002532486130245736,0.0,-0.0016191401631593324,0.0,0.0,0.0,0.0,0.0,0.0,-0.001975471044650471,0.0,-0.0006176122775442711,-0.00032612072763135664,0.0,-0.0032457373402672487,-0.001746821472050466,-4.118829097201504e-05,-0.0022611015022725614,-0.0010918966653068252,0.0,0.0,-0.0032602773198008974,-0.0007874073078089785,0.0,0.0,0.0,0.0,0.0,-0.0002735448360418993,0.0,0.0,-0.004960058616465285,0.0,0.0,0
-0.004023781201302321,0.0004862267241310437,0.0,0.0034275865472385555,0.0,-0.0034321062412987166,0.009558773571499372,0.0,-0.005164444602182204,0.0,0.0,0.0,0.0039483705154062234,0.0,-0.0040976586851811415,0.0029646479343824975,0.0,-0.004780332275396354,0.0022100247611405647,0.0,-0.006284461201899949,-0.0016631532064374818,-0.0024688507350189865,0.0,-0.004591840268639884,0.0,0.0,0.0,0.0,0.0005487983098440212,0.0,0.0,-0.001317811988126551,-0.004916826358843849,-0.005370548999559958,0.0,0
-0.011351634543976658,0.012142860181419282,-0.0007223474133161017,-0.0033788478728741566,-0.0011000914558457683,0.0,0.0,-0.000861429286464198,0.002930873671983548,0.002003510518821817,0.00664306553950472,0.0,-0.002262275061848329,-0.0008133056714038464,0.00149054971325682,0.0005851885347341759,-0.002821438621900551,-0.009220970016910603,0.002780615820409204,-0.006041361974146303,-0.0054811418074120115,-0.004692231436206676,-0.0014445986197141347,-0.004943759642544555,-0.009959050202300262,0.0034365276433364613,0.0,0.002325322934763084,0.001714547896461752,0.0,-0.007751713973003478,0.009338250220601921,0.0019364099800292748,-0.005079403159855205,0.005630490704155659,0.0,0
-0.007166330261420055,0.0,0.0,0.0,0.0,0.0,0.0,0.0,0.0,0.0,0.0,0.0,0.0,-0.00029734482189807293,0.0,-0.00056844363331495,0.0,3.782173578586523e-05,-0.0002820260998908547,-0.0023609466312269323,-0.0024813289806260427,0.0,-0.0005213250106525578,0.0,-0.0003799971857134363,0.0,-0.0016951673972616529,-0.0005999610220380752,0.0,-0.0012913607997569972,0.0,0.0,0.0,-0.0018843637852775624,-0.005476613506953793,0.0,0
-0.0037487659718362133,-0.001939555676203055,0.0,0.0,0.0,0.0,0.0,0.0,0.0,0.0,0.0,0.0,-0.0031214470882073857,-0.0005018005594492619,-0.0007226391613181844,0.0,0.0,-0.00048106378092301413,0.0,0.0,-0.0035665053315454744,0.0,0.0,0.0,0.0,-0.0012030742360382533,-0.0018007934324147095,0.0,0.0,0.0,0.0,0.0,0.0,-0.0031175707732032905,-0.004759545202468952,0.0,0
0.0,0.0,-0.0002610825089017012,-0.0033539788727025583,0.0,0.0,0.0,0.0,0.0,0.0,-0.0017470992487893207,0.0,-0.001965302978199735,-0.0023256550710073873,0.0,0.0,0.0,0.0,0.0,-0.004555585007975428,0.0,-0.0035540574434189116,-0.0008301954322762247,0.0,-0.0025681610894923643,-0.0005889243164461621,0.0,0.0,-0.0009478647347877556,0.0,0.0,0.0,0.0,-0.00021642884348913776,-0.002048425666121109,0.0,0
-0.005693526604764655,-0.003491851462627419,-0.00180951820102312,-0.0007150999658088308,0.004548898892675842,0.0016050783179985995,0.0,-0.0015893095039110061,0.0,0.0,0.0,0.0,-0.002228117124171831,-0.0005499612568933413,0.0,0.0,-0.0003824201746368318,-0.0019342590216912575,0.0,-0.004163659146788676,-0.0041207887314295135,0.0,-0.0008045918159085725,0.0,0.004313754876891285,-0.00028698512553257936,-0.0032092193872656563,0.0,0.0,0.0,0.0,0.0,0.0017476333278087452,0.0,-0.006203445293166295,0.0,0
-0.011741553414059186,-0.0027080658042840417,4.433618090900415e-05,0.007618274670332679,0.004229145041672927,0.005021705699121325,0.002746975702641755,0.003140284429140937,0.0022527396711545587,0.002508622999711924,-0.0002565694322536758,-0.00362736702756129,-0.005029920174049594,0.0,-0.0010351247529292178,-0.00186329622163783,0.004819568269284091,-0.0004177322270623004,0.0,-0.004574346215424868,-0.001551592559513844,0.0,0.0037237770116491952,-0.005438265853774228,-0.010942238681334416,-0.0016058168815667952,-0.00432154226038828,0.0,0.0,-0.0015127062203062825,-0.0025637835585755006,0.0012062793706306184,-0.0015900771963189095,-0.0014551928690633605,0.0,0.0,0
-0.004253743732079386,0.0,-0.0009323981088709952,0.0,-0.0025785173304425577,0.0,0.0,-0.0011100983076713063,0.0,0.0,0.006440723699220325,-0.0030707712822680452,0.0,0.0025044655433944804,0.0,0.0,0.0,0.002787938203121498,-0.004511320530916646,0.0,-0.0008854424170241154,0.0,0.0,-0.002112888129973061,-0.005620821005695018,0.0011353370872827157,-0.003401500710775934,0.001306844900327526,-0.0006034036950415454,-0.0013339967215743175,0.0,0.0025852969845328025,0.0,-0.004374391514067081,-0.0068947952353339385,0.0,0
-0.008319290727014967,0.0,0.0022371777181949,0.0015737949436993184,0.0,-0.003098369692878232,0.0,-0.0013520028393552298,0.0,0.0010967329117975463,-0.000932170475798739,0.0,0.0,0.009427609225639174,0.0,0.003391250193558257,-0.0015456716653244166,-6.384620081372697e-05,-0.005023964240201216,-0.004052226173488812,-0.0034589317954352807,-0.005847125044614873,-0.0008529796530325987,-0.003134552076587011,-0.003165239200175577,-0.0020205054570991456,-0.0021191481950112367,0.0,0.00983446466982813,0.0,-0.0007271629392518916,0.0,0.0,-0.003021400605043094,-0.0037499249854458863,0.0,0
-0.0025879848421805855,0.0,0.0,-0.0003730639523980895,0.0,0.0,0.0,-0.0005345791742974319,0.0,0.0,0.0,0.0,0.0,0.0,0.0,-0.0015522506914235918,0.0,-0.0030794156114072736,0.0,-0.002846345394171269,-0.002047248219028349,0.0,0.0,-0.0005859524124505632,-0.0014289803336416725,-0.0006600129732074842,0.0,0.0,-0.0006187630034994104,0.0,0.0,0.0,-0.0035906530040295853,-0.004940047212467855,0.0,0.0,0
0.0,0.0,0.01200829278339449,-0.0021351260488641907,-0.0013354222787421884,4.972693666711563e-05,-0.0016856837708418945,0.0,0.00395664461844271,0.0,0.0,0.0,0.0,0.0,0.0,0.0,-0.0043596971674119125,-0.0011407244653300562,0.003326007718735531,-0.005399300393496912,-0.003628806634261306,-0.0018342808633466598,0.0,-0.005477206790257977,-0.0022307859733925483,0.0,0.0,-0.004183756320215375,-0.002762223419003143,0.0,0.0,-0.003672150649271049,0.0,-0.004095437907593116,-5.9803712537949416e-05,0.0,0
-0.017245081776580656,0.008352294216507258,0.017055279107729446,-0.01829127518462928,-0.002228026798599187,0.004628096297155989,0.0,0.010726470643337638,0.0011295885847505212,0.0,0.0,0.0,0.0,0.0,0.006380398291623591,0.014164918139859662,0.018513712100214505,0.010177333813736021,-0.04611416234827208,0.0,-0.012569653132158198,-0.004218835040492881,0.009655126495673256,0.019089970879806534,0.019428889799741902,0.0,0.0026955231669928857,0.002880543386290195,0.0,0.003508254837955583,0.0,0.01286498401641234,0.003024245876192133,-0.008035646353984538,0.018377273876249427,0.0,0
0.0,-0.009146882349339391,0.004398043606504298,0.0,0.003507997283213248,0.0,-0.006205254420019106,-0.0020528278097236285,0.0,-0.0005374424455267862,0.0037560822390325984,0.0,0.0,0.0,0.003092234756185873,-0.004526600517379598,0.0,0.0,0.0,0.0031778139351356367,0.004595638838560116,0.0,0.0,-0.002135764839441306,0.006587958265225286,0.0,-0.006903876225135822,0.0,0.0015467837212370921,0.0,0.0,0.0,0.0017331380807239505,-0.007409151199398924,0.010042945404608837,0.0,0
0.0030544935335044578,-0.004182195264709004,0.003838632440509519,-0.000947185531948895,0.0034432283537297334,0.002808057620028465,0.0,0.0,0.0,0.0011542074473659038,0.0,-0.002095486938590697,0.0023911239567031657,0.0,-0.001583683784260445,-0.0026855170631150766,0.0,-0.01580850817651205,0.0,0.004192990572454285,0.0,0.0009296181286629272,-0.0048475614810267135,-0.010260132466522388,-0.0032322849896911955,-0.006349314195134513,0.0016855974141349926,0.005154658937620391,0.0,-0.00021019337999076402,0.0,0.0036738345819623116,-0.001693139622388116,-0.0068496442849697095,0.006028029946161393,0.0,0
0.005940075947142506,0.0,0.0,0.0,0.0,0.0,-0.0015447272674472422,0.0,-0.0024399692966560814,0.0,0.0,0.0,0.0,-0.000937540814524009,0.0,0.0,0.0,-0.012658225526584325,0.0,0.0,0.0,0.0,-0.0010387601882927517,-0.007731408546980306,0.0,0.0,0.0014942925539078661,0.0034371468673005303,0.0,-0.0009229773888354843,0.00214597322768174,-0.002767019921960565,-0.006842309806714633,-0.001584016443022145,0.0030590923589628796,0.0,0
-0.006379501758765377,0.0,0.0,0.010798661338276328,0.0,0.0,-0.0016444697261222237,0.004241432447202756,-0.004761845132128932,0.0021019422392203097,0.0,0.0008492425912446195,0.0,0.0,-0.001278492917037715,0.0,-0.00426172832034842,0.003923171226033182,-0.0022369104002973963,-0.00601830654153114,-0.00504830446481773,0.007057593024613251,0.0,-0.00548486115428441,-0.0028472210904603276,-0.0013123637198730119,0.0,0.0011081312883679927,0.0,-0.002854636990528257,-0.0009128575792950225,0.0,0.0043579625929029255,-0.0039215322644803215,-0.008505099869457473,0.0,0
0.013282065759507432,0.0,0.0,0.0,0.004869211941618213,-0.0027359981490710657,0.0,0.0,-0.005534631481609814,0.0,0.0,0.0009963495081461407,0.0,-0.00287649303102391,2.2596242780096372e-05,0.0,-0.002559901254001411,0.009115110892270241,0.0,0.0,-0.009232575316528447,0.0,0.0,-0.0066794244942897886,-0.003311243595421115,-0.0016128377100971638,-0.0021992127056862454,0.004603127629326527,0.0,-0.005931722427384504,-0.0021458982347030073,0.0030930960163175814,0.003744136898231406,-0.00387954578887552,-0.005303678001520986,0.0,0
-0.007199063486711785,0.0033863367636788313,-0.0020549529271818505,0.0,-0.0015807481248286913,0.0,0.0,-0.002563098017129051,-0.00020009738267613329,0.0024894375349201825,0.0036216041776994555,0.0,0.0010472634746302165,-0.001410913708150885,-0.001963997856867647,0.004227434694886571,0.0,-0.0010637038473809417,0.0,0.003874147527658231,-0.003525325182746218,-0.004047637740328653,-0.0005014536011404937,-0.002301834050073042,-0.004047533291166398,-0.0032600247576115623,0.0,0.001046357169440974,-0.005219100793648866,-0.003763277395611965,0.005409051852592825,0.0035353142154798257,0.0,-0.004512082130511259,-0.0024520982987880635,0.0,0
0.025725098286275356,0.0,0.0042399305004391695,0.0,0.008815287433469772,-0.0023532838718525566,0.003884578874445683,0.0026961969884477864,0.0,0.0,0.0,-0.0027178562841354745,-0.00233582343730413,0.0,-0.010789832294004478,0.00829275622252026,0.0,-0.0005576250869703613,0.0,-0.0035515913163199093,-0.0030704108515457774,-0.00018234858710515324,0.0,-0.0019094208819263687,0.0,0.0,-0.007671043678705525,0.0,0.0,-0.00604908377292027,0.0,-0.003300000196627358,0.0010475851235230824,0.0009372906773454192,-0.0018397679068460088,0.0,0
0.0,0.0,0.0,0.0,0.0,0.0,0.0,0.0,0.0,0.0,0.0,0.0,0.0,-0.002540817455481991,-0.0017099488604938931,-0.0010587251617700027,-0.0008407278372860067,-0.002401642898705298,0.0,-0.004060143800042879,-0.004265502718451229,-0.0004000143870767876,0.0,0.0,-0.002301065258537608,-0.0003492023589073454,0.0,-0.0015258108013528567,0.0,0.0,0.0,0.0,0.0,-0.00021949903092121893,-0.0032868311028810653,0.0,0
-0.007421074212972419,-0.0044516232960790545,0.0,0.0,0.0,-0.0013924940451944864,0.0,0.0,0.0,0.0,0.0,0.0,0.0,0.0,-0.0020777657877476966,0.0,-0.0009083210086391856,-0.0030404098942631084,0.005276211021451805,-0.005392401989191089,-0.002353969989174724,-0.004999202910655848,-0.0013761981247134324,0.0,-0.0045532425984597955,0.0,0.0,0.008411033815531196,0.0,0.0,0.0,0.0,0.0,-0.0006804726518003477,0.0,0.0,0
-0.010410337373704654,0.0,0.0003554877301956073,0.0032243990547153657,-3.1378341734749712e-06,0.0,-0.0007278281193764344,-0.0037976202644153835,0.0,0.007617567149519713,-0.003167094934936149,0.004431418004686384,-0.0006884712685156132,-0.0020151082138962105,0.010055628976894061,0.004818671379758215,-0.004250630504046136,0.0,0.0,-0.007854806124207145,-0.003671830929629658,-0.0030487396035568893,-0.0007425929796600745,-0.0049897226854096885,-0.006407248108045669,0.0,-0.0007079233335420837,-0.002054021810080544,0.0027455269663441027,-0.0021985947990675473,-0.0010134760554757931,0.0,0.004464184032375207,-0.0025662182323030933,-0.0023574117923546023,0.0,0
-0.012325282515835995,-0.0023495178986483664,-0.003301199733905764,0.0,0.0,0.0,0.005884182947018046,-0.004571310126783264,-0.003161515979754293,0.005153503305623868,-0.0029887484904541494,0.005665317711681014,-0.003291841347558025,0.0,0.0017032670176870795,0.0030467089966747726,-0.0012323766058191356,-0.0053144625902771985,0.0,-0.009621753887948278,0.0,6.471183104035543e-05,0.0,0.0,0.0,-0.0012434401384118496,0.0012151585623717766,0.001306706208677561,0.0,0.0029996531298139917,-0.0027954594226466756,0.0,0.004508242471543163,0.0020663179080243122,-0.006376793024021134,0.0,0
-0.00325070220082805,0.0,0.0,-0.001215681570927412,0.0,-0.004534387362583843,-0.002055419378367062,0.0,-0.001181945888836135,0.001723257795884675,0.0,0.0,-0.0012618772950164666,-0.005701009408835536,0.0,0.0,-0.00332720916065451,-0.008181157778292487,0.0,-0.0032334652569656857,0.0,-0.003657494917020481,0.008928984524886384,0.0,0.0,0.0,0.007978159091219215,-0.00012877493000037528,0.004412611463105954,-0.0011052307246735373,0.0,-0.0009499816811457414,0.00023555367086152876,-0.0028250415709283883,-0.005629119092790222,0.0,0
-0.09128911964235217,0.0,0.0,0.0,0.0,0.0,0.008489059318360926,0.0,0.0017511774388766464,0.0,0.01720721983983739,0.0,0.0,0.0,0.020332651938252854,0.018090968899988583,0.0018970831311733818,0.0,0.0011571659839748985,0.019763224639477835,0.021185284542363993,0.0,0.0,0.007850987616531632,0.01178334701774132,0.0,0.0,0.0,0.0,0.004864984722818313,0.0,0.008665898603204481,-0.002921572218226863,0.003153575589523552,0.012932944032333964,0.0,0
-0.001976845019778695,0.0,0.0,-0.0004904068491814257,0.0015759023634717493,0.004393708078313334,0.0,0.0,0.0,-0.0015752020474731907,-0.0022861899116204563,0.0,-0.0018357205895892564,0.0013500475448884205,0.0034791089521727346,-0.0012475317701908812,-0.0007094950236717658,-0.0047636240412063805,0.0,-0.007766974726762946,-0.002624399505965177,0.0,-0.0021217717584479227,0.0,-0.0048244399765945325,0.0,0.0,-0.0012366490593539372,0.0,0.00489475018411918,0.0,0.0,0.0020822221500543716,-0.009258000723466085,0.0,0.0,0
0.0008745392817162424,-0.0017982635982886983,-0.001085848426737094,0.0,0.0,-0.0009391813142239625,-0.0006221063570290786,0.0,-0.0002237131402153993,0.0,0.0,-0.0006473476087817517,0.0,0.0,-0.0022178313535823595,-0.0032734765245880063,-0.00030875425774718585,-0.0019504357780594703,0.0,-0.0022449892577344607,-0.0015234438454168344,-0.00456425112656305,0.0,-0.0034158300452206366,0.0,-0.003269793836297675,-0.001237575764005713,0.0029988358847416936,-0.0011023431622100052,-0.00016791845367951797,0.0030488692638661117,-0.0029030065720589923,0.0016279116530632347,0.0,0.0,0.0,0
0.0,0.0,0.0,0.0,0.0044200410382794954,-0.0006741225788538519,-0.0021919720674339867,0.0,-0.0013333261453041282,0.0,0.0,0.0,0.0,-0.003297678763356399,-0.002358101929256542,0.0,0.0,0.0,0.0,-0.004374905436616924,-0.002126707879919919,0.0,-0.0007019519494725595,0.0,-0.0037707218534352846,0.0,-0.001288361355575232,0.003596889388637897,-0.002476225682404715,0.0,0.0,0.0,0.0,-0.006055180900405162,-0.0023378088886307456,0.0,0
-0.0078482089305202,-0.000387154828659941,-0.0012787684874890342,-0.0004908405816051707,-0.0010304811126069585,0.0,-0.001775738530112531,0.0,0.0,0.0,-0.002345915285428886,0.0,0.0,-0.002930271157261859,0.0,0.0,-0.0012511826888810973,0.0,-0.0020018629567905006,-0.005098938207673759,0.0,0.0,0.0,0.0,0.0,0.0,0.0035697536803468207,0.0,0.0,0.0,0.004424282525831741,-0.000631490081282135,0.0,-0.003934117077571777,-0.001959201284042769,0.0,0
0.0,-0.0007147305319143656,0.0,0.0,0.0,0.0,-0.0011426961849226817,0.00036156414287221567,0.0,0.0,0.0,-0.0010141148447047844,-0.001389409664060387,0.0,0.0011210460341230138,0.0,-0.003535561275501679,-0.0038420608623945737,0.0,0.0,-0.002368450236919672,-0.003491832747428906,0.0023272283973133725,0.0034054026558966582,-0.004308846594615233,-0.0009286029969912789,0.0,0.0,0.0,0.0,0.002509747075763474,0.0,0.001848661533276964,-0.004360990889964415,-0.007709991301974861,0.0,0
-0.00889965426687719,0.011486721406180147,-0.0036732522866862465,0.003117385835960785,0.006064756622094613,-0.007922663737842126,0.0,0.0,0.0,-0.0034409585945144355,0.0,0.003216024107053831,0.001575631928391686,-0.0030635157205611374,-0.002748227842029483,0.0,-0.0015111528748400535,0.0,0.010128302555237147,-0.005521047263306867,-0.007849079590090865,0.0,-0.004314051583873525,-0.006595956151760701,-0.004354981214637753,0.0,0.0022344851669395755,0.0,0.0036839670552755266,0.003297172877359663,0.0,-0.001754351908889292,-0.0027307001609623007,0.0,-0.005394205399673491,0.0,0
-0.007787012069541265,0.0,-0.004029813853478089,0.001504864045396009,0.0,0.0040252650930685824,-0.0004223065145120652,-0.005340697778224148,0.0,-0.0031843002442537606,0.0006879013067818356,0.0,0.0,0.0,-0.002984839992611373,0.002213276723119168,-0.001332730675186573,-0.003728291073186699,0.0,0.0,-0.007197182952260396,-0.0011830181501878358,0.009615030996222147,0.00252971515074941,-0.0017590120325090813,-0.0013459784647764203,-0.0013796325193356945,-0.0011164548488657845,0.0,0.004177370399148397,-0.0034988608004292267,0.000758458991200842,0.0,-0.00014298109697857665,-0.0038383138315492907,0.0,0
-0.001637472053100077,0.0,0.0,-0.0010951581631578765,0.0,-0.0026235110294159955,0.0,-0.0035636955917646086,0.0,-0.0001487242052746237,0.0,0.0,0.0,-0.0034130694072660164,0.0,0.0,0.0,-0.00031435636578106674,0.0023740255519916556,-0.0032056532311113745,-0.003083520051576892,-0.005039484596822566,0.0,-0.0003345142458615337,0.0,0.001107547550019317,-0.00296347633274192,0.0,0.0032664007998176254,0.0,-0.0020593175077894105,0.0,-0.0022214082064596226,0.0,-3.852529266743648e-06,0.0,0
-0.0070642922434453175,-0.0017282384617391111,0.0011660083200914107,0.0,-0.009097061764285333,-0.0006262008492880975,-0.0011614928601079736,-0.0008860848600299377,0.0,-0.00315250450129467,-0.00017003191810445898,0.010140672390587892,-0.0005032031784784732,0.0003734676939694825,0.0,0.0,-0.0009522093822617296,0.0,0.007214141596385624,-0.007224236157497344,-0.0030920910614829046,-0.004833898746605718,8.22799695474025e-05,-0.0013666471886258072,-0.0023688574988211136,-0.003427592120097579,0.002792442159499119,0.002173409465575485,0.006001743019418419,0.004181277611088699,-0.0037337368729918846,-0.001592995946648599,0.001831843491549876,-0.005463600016030234,-0.0019040392142018088,0.0,0
-0.006968398836521349,-0.0021927386586886445,0.0,0.0,0.0,0.0,-0.0012451927226319174,0.0,-0.0013788599226645414,0.0,0.0,0.0,-0.0013701285013507153,-0.0009486554715925173,0.0,0.0,-0.0011688772657496719,-0.0032513359778023236,0.0,-0.0018663918467142714,0.0,-0.002021516708249375,-0.001952723396147762,0.0,0.0,0.0,-0.000688585143766141,0.0,0.0,0.0,-0.0014323201665063573,-0.0008023855195573576,0.001820530632735131,-0.003008278789858963,0.0035466047416503645,0.0,0
-0.007172105285859077,-0.0016811939700938758,-0.0016866917972517422,0.0,0.0,-0.0007364050318080792,0.0,0.0,0.0,-0.001856960183616646,0.0,0.00025471847893000603,0.0,-0.0008265346922123086,0.0,-0.0006503260730491998,-0.002344662671530651,-0.0006473789647032844,0.0,0.0,-0.0019546476727160095,-0.001650225042889431,-0.0005926678712995512,-0.000556423950487788,0.0,-0.00138269347745412,-0.0019182178725829502,0.0,-0.001258755205789118,-0.0012176623430568214,0.0,-0.0003105825655289287,0.003260162639583168,0.0,0.0,0.0,0
-0.009477326943046817,0.0,-0.0023856857101351337,0.0,0.0,-0.0007985372320970422,0.0,-0.0029756160004300695,0.007914752778320319,-0.0013260185881057388,0.0,-0.0021485691222439414,0.002115824982628214,0.0,0.0,0.0,0.0,0.0,0.0,0.000389318062213679,-0.0020048605554266797,0.0,-0.0007141202920210818,-0.0011864148250116003,0.0,-0.0032219604755916406,-0.002521793165591335,0.0,0.0,0.0,0.0,0.0,-0.003639718480357514,-0.0007609161450478005,-0.002214788034288335,0.0,0
-0.0015596761378027645,0.0,0.0,0.0,0.0,-0.004940036869615697,0.0,0.0028923781005667968,-0.0014260790213079964,-0.0015794182829034088,0.0,0.0,0.0,0.0,0.0,-0.0016735201079325632,-0.0021711482232579845,-0.0012016169794187262,0.0,-0.006342525335433006,0.0,-4.6107123749524826e-06,0.0,-0.006742111513009657,-0.0006006031910544099,-0.0013504970019752075,0.00294408702141921,0.0,0.0,0.0,0.0,-0.0011395389930448953,0.0,0.0,0.0,0.0,0
-0.0048803515221986496,0.00813534104386394,-0.005999876434712352,-0.002697387117565204,0.0,0.0,0.0,0.0,0.0,0.0,0.0,0.0,0.0014002164756047695,-0.0035169328082468314,-0.0009155312279372123,0.0,-0.0018991171929436273,-0.005404959704596236,0.0,-0.006192985983339577,-0.007027917533187557,0.003089630747192877,0.0,-0.003989177195608054,0.007202085158957686,0.0,-0.006853640726544819,0.0005524682169494631,-0.0015239074306807956,0.006460486028152425,0.0038454770424316974,-0.0017719382735584574,0.0,0.0004410689268247229,-0.003281388991267429,0.0,0
-0.003946044557299146,0.0,0.0,0.0,-0.001710927064348791,0.0,0.003069455941299919,0.0022245996174494274,-0.0004692708688994435,-0.0012472574529183602,-0.0024088234521256464,-0.0016074239794333733,0.0,0.0,0.0,0.0,0.0,-0.0005585488913771809,-0.0003006094354893944,-0.0035153534023218943,-0.00239740164585207,0.0,-0.0003566033826213926,0.0,0.0,0.0,-0.004284841086664066,0.0,0.0,0.0,0.0,0.0,0.0010454576162396336,-0.005217751683833513,-0.003275872110678875,0.0,0
-0.005214944404496881,0.0,0.0,0.0,0.0,0.0,0.0,0.0,0.0,0.0,0.0,0.0,0.0,-0.0018163416649402246,0.0,-0.0023003113286234373,0.0,-0.002353097987414144,0.0,-0.001285814707217164,0.0,0.0,0.0,0.0,0.0,0.0,-0.0034338316257400098,0.0,0.0,0.0,0.0,0.0,-0.002008489826098581,-0.0033514549326595614,-0.0031929293616841624,0.0,0
-0.007438755691080336,-0.0009915278031971952,0.0,0.0,-0.002757937134787531,0.0,0.0,0.0020058899575765873,0.002454478295220454,0.0,0.0,-0.0025956752909839153,0.00029265005306239723,-0.0010715272188867573,0.002313925974204088,-0.0061029959306039515,-0.0019048401810784642,-0.0036157643056712943,-0.0003894354695850075,-0.0034944525659896296,0.0008129168864355048,0.006768135358673744,0.0001343701420374637,0.0,0.0,0.0037550216553216245,-0.005877321235136536,0.0032369377735734155,0.0,-0.0004456016794186851,0.0,0.0,-0.0032458432111842355,-0.006799864217375912,0.0,0.0,0
-0.0060648311039462775,0.0,-0.0009638267062671689,0.0014498350008146977,0.0,0.0,0.0,0.0,0.0,-0.0010597927684573541,0.0,0.0,0.0,0.0,0.0,0.0,0.0014408674298275732,-0.004351208562774919,0.003533944058881377,-0.007889213019397153,0.0,0.0,0.0,-0.0007934042987890511,-0.0015783631425228442,0.0,-0.004628350296573123,0.0025286841600664967,-0.000790525186242862,-0.0012799673454704796,0.00021852154309906483,0.0,-0.0008620687708507782,-0.0027459311286303903,-0.0010356886473360215,0.0,0
-0.006027072287398796,0.0,-0.0005341330858570347,0.0,0.0,0.0,0.0,-0.0007194165754626409,0.0,0.0,0.0,0.0,0.0,-0.001033314563136888,0.0,-0.0015068518395663737,-0.0003123789331712317,-0.0015707619216820433,-0.00032994896963951613,-0.0021644019421577358,-0.0024232408245744314,-0.0007069106392757752,0.0,-0.0015759641107693872,0.0,0.0,0.0,0.0,0.0,0.0,-0.001462837556034826,0.0,-0.0003806279941443352,-0.002148614531730578,-0.0020607400642725753,0.0,0
0.019150431741138254,0.0010757289153517271,-0.0057521825230141006,0.0,-0.003722573025538296,0.0,0.0,0.0,0.0,0.0,0.0,0.003879570746439631,-0.0007475002724815096,-0.004120238282215146,-0.004745310209091877,-0.0017901046536136548,-0.003651861325347617,0.007467820929569498,0.0,-0.005116707305433966,0.0009911325333327053,0.0,0.0037176058100971583,-0.02092194182735113,-0.00039597132932384587,0.0,0.0,0.0008866382326921009,0.0,-0.0005230293035146743,0.0,0.0,0.0019346030550264363,-0.008603476472759459,0.005472815900225237,0.0,0
-0.013906560739459211,-0.002763017634198498,0.002672418948951771,0.0,0.0,0.0,-0.0021018105741209847,0.0,-0.0004726139715108406,0.0,-0.0036725629422616796,0.0,0.008403156234738116,-0.002414324839704119,-0.001426917438347296,0.00872737698234388,-0.0009310108502160659,0.005317980283547589,0.0038093819913549644,-0.00650648535900733,-0.0030675950984917926,0.0,-0.0018903682651311468,-0.007280888717606534,-0.0012539601404277841,-0.0042097723828509745,-0.0006315082779577576,-0.002667340344994892,0.0013640080933793096,0.005605761579232558,0.0,0.0,0.002093909589046145,-0.0029451898000310605,-0.004703103415375831,0.0,0
-0.011109138305102443,-0.0041834114320753405,0.002909619374556608,0.0,0.016031538339997507,-0.0005620183932950434,-0.002180797969867506,-0.0016085260847043814,-0.0054365496173492235,0.009954588910445844,0.0,-0.0008715830529159947,0.003787207076656626,-0.005376168712688761,-0.006657389339913174,-0.0033840763700242276,0.0,-0.009698314630388422,0.006428241980973031,-0.0037225173184138893,-0.005445083768776517,-0.0004689288435969082,0.0020391349074492015,-0.0041620340002755645,-0.001851600719471506,-0.0017261069748628077,0.0005039547379607162,-0.0006187904551059839,0.001615036365719698,-0.004285378929658482,0.0024381488323959102,0.009089961571010621,0.0007352434651677424,-0.0055816979908318905,-0.0012764909866632736,0.0,0
-0.0006045420265512506,0.0,-0.0022561300187049,0.0,0.0,-0.001749486115192798,0.0,0.0,0.0,0.0,-0.001129728143485852,0.0,0.0,0.0,0.0,-0.001122486862201901,0.0,-0.01032265046839075,0.0,0.0029068626674853756,0.0,0.0,-0.0033707993528551243,0.0,-0.0035968556749809135,0.0,0.0,0.0,0.0,-0.0023064215984240598,0.0,0.0,-0.0010987893494399236,-0.0036122694198305262,0.0036281879112450253,0.0,0
-0.00808324718845458,0.0,0.0,0.0016996826160718898,0.0053255258801262195,-0.001218878044894796,0.0006416695325320976,-0.004889108418580883,0.0,0.004001743005214075,0.0,-0.0015351429752635164,0.0026603871752046934,-0.003225121560093826,0.0020730263151566147,-0.0010819748447531174,-0.0030664412923176463,-0.009368610705368688,0.005489351700930083,1.2000955639449896e-05,-0.0036293783194555093,0.005215455737398178,0.0,-0.004398145101296243,0.0021587429118800055,-0.003549477027695589,0.002679795709931627,-0.0019951270052472343,-0.00395109677509002,-0.00199801684818289,-0.00030137818464179956,-0.0005545432792732872,0.0037054299146740835,-0.006575380241191141,-0.0011838493132991304,0.0,0
-0.008609917545685587,-0.0018591217186924233,0.0,-0.00047520924572877124,0.0,0.0,0.0,0.0,0.0,0.0,0.0,0.0,0.0,0.0,-0.001315070884547973,6.767182596391004e-06,0.0,0.0,-0.0019388670039998303,0.0,0.0,0.0,-0.002041450838971553,0.0,-0.0006741997170495091,0.0,0.0,0.0,0.0,0.0,0.0,-0.0009554888834923378,-0.0008255176309240798,-0.006274270677741313,0.0,0.0,0
-0.0028671262460012985,-0.0011821565244099271,-0.002944918425136609,-0.00028498780139638675,0.0,0.0,-0.0004279698989785326,0.0,0.0,0.0,-0.0001316868031523519,-0.0005890365296258528,0.0,-0.001156938185209451,0.0,-0.000906520672812482,0.0,0.0,0.0,0.0,0.0,-0.00030355197042061793,0.0,0.0,-0.0027894568324510777,0.0,-0.0007641682621787421,0.0,0.0,0.0,0.0,-0.0015163171600437913,-0.002841042344563753,-0.006222202321452149,0.0,0.0,0
-0.008170217629463104,-0.0018525601473734353,-0.0003688628700371562,0.0,0.0,-0.0010207509409287663,-0.002483607573314815,-0.0004912735510064402,0.0,0.0,0.0,-0.002587592454711503,0.0,-9.145009664764895e-05,-0.0003831573772333748,-0.0006118424717715708,0.0,0.005879268216954264,0.0,0.0,0.0,0.0,-0.0012990333698316258,0.0,-0.0011612029457359918,-0.00024524768010530305,0.0,0.0,0.0,0.0,0.0,-0.0013083184499699774,-0.0012804795426666212,-0.006736338377805022,-0.0007496797025888964,0.0,0
-0.001870165818819696,0.0,0.0,-0.0011727400809129148,0.0,0.0,0.0,0.0,0.0,0.0,0.0,0.0,0.0,-0.0023316214081441906,-0.0016575352976722696,-0.0018196238644393283,0.0,-0.0029031538589652643,0.0,-0.0021632262876809622,9.065320322493987e-05,0.0,0.0,-0.006040477374949481,0.0,-0.00020352675856176434,0.0,0.0,0.0,0.0,0.0,0.0,0.0,0.0,-0.004608696514852184,0.0,0
-0.004436027910205706,-0.0015026308322799871,0.0,0.0,-0.0027265103109760085,0.004171073235048074,0.0,-0.0031761115605796085,0.0,0.0,0.0,0.005648281196549862,0.0,0.0,0.0,-0.0018143240132981354,-0.003958093994547572,-0.0032017104724097094,0.0,-0.003781636235560044,-0.005338276204816041,-0.0022474700739166208,0.0,-0.006402853292327827,0.0,-0.0012391541783289576,0.0,0.008763536373457472,-0.0026415492467144345,-0.00014667629207718895,0.0,0.0,-0.000932505473765638,0.0,0.0,0.0,0
-0.0009486281555697789,-0.009471816162626275,-0.0004897842033347718,0.010088915974869743,0.0015404014708583125,0.0026058234199247943,0.002293891434453539,-0.010112533727374388,0.0002510011758671689,0.009551540514688386,0.00028933294985773934,0.0,0.0,0.005090692579925778,-0.002250440426485418,0.006441197073227607,-0.0035295737980619835,-0.009478232103006306,-0.0036332577557997283,-0.011865995179493518,-0.00715988548254845,-0.005013887108334793,0.0,0.003805947824437783,-0.005964747878083985,-0.004085293154076151,-0.002295853416516473,0.0,0.0035615932685872037,-0.00010857643713083485,-0.004470842596769568,0.0037722142101008814,0.010824383297794476,-0.0023141911021957763,-0.0018860357939332814,0.0,0
-0.004709442935096654,0.0,-0.0018275991984427903,0.0,0.0,0.0,0.0,0.0,0.0,0.0,0.0,0.0,0.0,0.0,0.0,0.0,0.0,-0.0015382089173865566,0.0,-0.002804079196022938,-0.0011231599321095346,0.0,0.0,-0.004323220791621561,-0.0012323640217910639,-0.001219696063179782,-0.0020461574862810808,0.0,0.0,0.0,0.0,0.0,-0.0012990596586873557,-0.002842078649360074,0.0,0.0,0
-0.0028333054241322223,0.0,-0.0035400483341936303,-0.00253199384070235,-0.0006691586962467869,0.0,0.004054059607978153,0.0035381938541499233,0.001686251236135758,-0.0008154580927524637,0.0,-0.004205911566789932,0.002428793101341141,0.0,0.0,0.0,0.004080802704479162,0.0,-0.0015119695023975805,-0.0036775463408149148,0.0,-0.003029606623719986,0.0,-0.005143572388368484,0.0,-0.004244225643021709,0.0,-0.0014040569469745976,0.0,0.0,0.0,-0.0031439408744487144,0.0,-0.0040023730795001634,0.0,0.0,0
-0.005524698928179273,-0.00012256186400435974,-0.0027260244767160088,0.0,-0.001963498819088564,0.0,0.0032598353847284496,0.0,0.003965279003351917,0.0,0.0,-0.0032679693167499374,0.0,0.0,0.0,0.0,-0.0032356596491877896,-0.0008751463658556955,0.0,-0.0049056627907062165,0.0,0.0,0.0,-0.003602068179737626,-0.0026406222158562595,0.003664551653041659,-0.0009504190519521841,-0.0008152974200777152,0.0,0.0,0.0,0.0,0.000542623281464743,-0.004294495073442886,-0.0014732320210116522,0.0,0
-0.0026370132016929502,0.0,0.002385153808294223,0.0014894974163310478,-0.003649917763397388,0.0,0.0,0.0,-0.0013144760452505275,0.004581312054719224,-0.002004435340822215,-0.0017751617472395002,0.001853398446306693,0.0012203570258803851,0.0040381634569812835,-0.0012516504186103222,-0.0016236480710560368,-0.0049657082560956465,0.004969408502888952,-0.008078933126794946,-0.006475230748741882,0.0,0.0,-0.0012045917932914827,-0.004193923944971626,0.0032639945456698484,-0.002366365023765768,0.002444794409228087,-0.0015717434328030816,-0.004232933919779038,0.0,0.0,0.00010635424204141206,-0.002728517039833111,-0.00106660760811177,0.0,0
-0.0028277918539444348,-0.002096414015452992,0.0029282111713402324,0.0018239811676880311,-0.00246890966476335,-0.001974495079489908,-0.0017883296769020647,-0.0013306161426718012,1.0375061522420174e-05,0.0,0.0032550760163013023,-0.0009497797545749142,0.0011231841012806624,-0.0035306060865362946,-0.002540150128420288,0.0,0.0,-0.0032746713650387838,-0.0031491060513460056,0.003497401567239441,-0.004712447345731506,0.002292207611064711,0.0,-0.004054574109036139,-0.0040442575408838844,0.005053209663981135,-0.004284393131474785,0.003541325570310574,0.001816733022293004,-0.00508301119217433,0.0,-0.0006549640808341475,-0.000486464140670136,-0.00034559049948611545,0.0,0.0,0
-0.002466823072093871,-0.0015773220036955611,-0.0014991930901035663,0.0,-0.0006861133483872928,-0.004310589853416406,0.0,0.0022057005338102895,0.0,0.0,0.0,0.003464152800250356,0.0009827556552597096,-0.002006546985610332,0.0016132804628963696,-0.003388323517360784,0.0,0.0,0.0,0.0,-0.005017354117331617,0.0,-0.002015077984679715,-0.0015936694342071258,-0.0036643297288972746,-0.0030736540936711822,0.0033495269546874183,0.0,0.0033216723755651384,0.0,0.0,0.0,-0.0032717899662760216,-0.0028262742273417055,-0.0017948942658071974,0.0,0
0.0019847650227230148,0.0,-0.0014146034225313462,-0.0031632853457282816,0.0,0.0,0.00024309301386921388,0.0,0.0,0.0,0.0,0.0,-0.00249494716830772,0.0,0.0,-0.0008786468377432387,0.0,-0.0029976832794837514,0.003414294231268533,-0.0013899170409004845,-0.0021007283705437568,0.0007885838444475335,0.0,-0.0022174178421789943,-0.0016800505152420118,0.0,-0.0021496328349466156,0.0,-0.0010618797453188556,0.0,0.0,0.0,-0.003300692809146382,-0.005831925283454619,0.0,0.0,0
-0.009887765245843668,-0.003730912431439751,0.0,0.01116849313235932,0.0,0.0,0.0,-0.005203141104897864,-0.0011157007050480302,0.0,0.0,0.002521486353800911,-0.0008083843792415639,-0.0024622091983243694,0.0009902612391490255,-0.0013426104792381426,0.0,-0.003510453929950915,-0.0014120722130554068,0.000527548176046473,-0.005683618521480027,0.0034036592010116893,-0.0007474721789970134,-0.003957651574753526,0.001992388034489801,0.0034911461069422763,-0.0013268458530208826,0.0032062648311302782,-0.003591600686066475,-0.0019286001656318606,0.0025136903878424533,0.0,-0.0025536416994794676,-0.005477094914699367,0.0,0.0,0
-0.004445711839080047,-0.001656546757805817,0.0,0.0,-0.00013845809549328255,0.0,0.0012031544942250581,0.0,0.0,-0.0021473282788166833,0.0054490656514834,0.0024770020124359315,-0.0017163490073808616,-0.002537812613593475,-0.0011839776573777056,0.0,0.0,0.0,0.0,-0.004128227256619071,0.0,-0.004482531548433461,-0.002304744742495477,0.0,0.00706259610936239,0.0,-0.0006432927052431668,-0.00042741031039013593,0.0,0.0,-0.002141558391613211,0.0,-0.0027457693651330114,-0.005762735639118866,-0.004682528775554331,0.0,0
-0.008714623586747,0.0,-0.002253966267502149,-0.0001711847324234466,0.0,0.016078515275660576,-0.0006591391734570834,0.0,0.0,0.0,0.0,0.0,0.0014321534390679199,-0.0007410487701627441,-0.0017564007223763432,8.617597958164876e-05,-0.003302025200812546,0.003372823109510161,0.0,0.0,0.0021141314770958663,-0.007392734307474173,-0.0030814527918050384,-0.0034381265874126343,-0.0024125317815297575,0.0,0.0,0.0,-0.0016888136163962376,0.003295890125482203,0.0,0.0,0.0,-0.008025309563858569,-0.007717585934820598,0.0,0
-0.002272510740394911,0.0,0.0,0.0,0.0,0.0,-0.0009236847929659219,0.0,0.0,0.0,0.0,0.003720503861008147,0.0,-0.0016831457291700885,0.0,0.0,-0.0033046376965422727,0.00242177738000737,0.0,0.0,0.0,-0.0022778806157104357,-0.005463430761563984,-0.004111632051931221,-0.003297269406821436,0.0,0.0,0.0,0.0,0.0,-0.0018250536648240206,0.0,0.0,-0.004032377934265145,-0.0019038225634679037,0.0,0
-0.004256905407286067,-0.002148548585471102,-0.0023546145629166214,0.0,0.0,-0.0007005722302954792,-0.0018081130204855127,-0.0013575185252669081,0.0,0.0,-0.00223262537817134,0.0,0.0,0.0,-0.0024003912312881687,-0.001670440800172043,-0.0023054048266163735,0.0,0.0,0.00297038610392988,0.0,-0.0027704355254209298,0.0,-0.003731978619574992,-2.5664828038593256e-05,-0.0010281867818036981,0.0,-0.0002512422383309032,0.005913603180473876,0.0,0.0,0.0,0.0,-0.004908637517353083,0.00011412607744623257,0.0,0
0.0,-0.0027311917091039166,0.0075776346820318665,0.0019566490026501184,0.0,0.0,0.0,0.006288989530965313,0.0,0.00018783311582829643,-0.0006636318113943339,-0.004099943749372413,-0.0006690327588095945,-0.0018504088676255693,0.0035824812557665965,0.0,0.0,-0.0038043698802970134,-0.002615509261586869,0.0,-0.006420128033695911,-0.003041575546902744,-0.004402573475882138,-0.004139421206030543,-0.0010275611174460457,-0.0016168999510310985,0.0,0.0,0.0,-0.0005911968869366141,-0.002619397871283865,0.002089539153294685,-0.0008103848052869092,-0.001683929521060781,-0.0038285218899122564,0.0,0
3.367313742550987e-05,0.0,-0.0002225460863865926,0.0,0.0,0.0,0.0,-0.0031450945718820636,0.0,-0.0022614877300314177,0.0,-0.0018196305019708198,0.0,0.0,0.0,0.0,0.0,-0.0018481195628245654,0.0,-0.005382031681920398,-0.002711245360558955,-0.0003518644997494062,0.0,0.0,-0.004821397463737232,0.0,0.0,-0.00178493111745467,0.0,0.0,0.0,0.0,0.0,0.0,-0.0006554724767537309,0.0,0
0.0,-0.0015863978328218703,0.0,0.0,0.0,0.0,0.0,-0.0006572864678896945,-0.0016409863161588646,-0.0012761148121259447,0.0,0.0,0.0,0.0,-0.0015675092750794498,-0.0025887191394856133,-0.001658479513080161,-0.00395548836653293,0.0,-0.0010651656963806622,-0.0021531956896238447,0.0,0.0,-0.0005361031321605245,-0.00016298604777937817,-0.0009894224755996098,0.0,0.0,-0.0018735579797647661,0.0,0.0,0.0,0.0,-9.317336082370071e-05,-0.0031678629176253165,0.0,0
0.0,0.0,0.0,0.00993060120214305,0.0,0.015550382849289961,0.0,0.0,0.0050944369006993015,-0.027122678521678083,0.02234115449678943,0.0,0.0,0.0,0.0,0.0,0.0,0.0,0.010242830282026511,0.0,0.010615584635794428,0.00036054595217170003,0.0,0.0,0.018469638046452772,0.01902944035076294,0.017078322658165297,0.0,0.0,0.0,0.0,0.0,0.0,0.014939684961537036,0.025227923686994322,0.0,0
-0.014840390084734088,0.0,-0.001053985248264009,0.0,0.002225269848521878,-0.001702223733282687,-0.0025179359750475837,-0.0006861955387490808,0.001572833176403777,0.0,0.004332612592163094,0.0,0.0,0.0,-0.0030674119666416577,-0.0017858488743048243,0.0,-0.005109683399572203,0.000433586614436886,0.0,-0.003993570103988049,0.0,-0.0006260374873566465,0.0,-3.9082692724049634e-05,-7.958476258868042e-05,0.00486898413897001,0.0,0.0,0.0,0.0,-0.0014483866290784366,0.0029968737058160395,-0.007276362497966241,0.002851438954618816,0.0,0
-0.007047259665486919,0.0,0.0,0.0,0.0,-0.0003222321276816599,0.0,0.0,0.0,0.0,0.0,0.0,-0.0013508013391190002,0.0,-0.0003351262306467915,0.0,0.0,-0.0001315598416460013,0.0,-0.0025405628897401038,-0.0017779118284156827,-0.003494574003397364,0.0,0.0,-0.0022111718821045717,0.0,0.0,0.0,0.0,0.0,0.0,-0.0014934203029544606,0.0,-0.0041963590418313025,0.0,0.0,0
0.0,-0.0007949315277468177,-0.0013102177502972495,0.0,0.0,0.0,-0.001999674524611455,0.001776971862705578,0.0,-0.0013064674199692067,-0.0014846033779585422,0.00019562318890845016,0.0,0.0,-0.001592355916178217,0.0,0.0,-0.0023047733201812903,0.0,-0.004192189105025603,-0.0035875692719573474,-0.0008100029166426193,-0.0019826425857669213,-0.001649440007471539,3.801100948736819e-05,-0.0007178760713947597,-0.002965978370746147,0.0,0.0032168999027471857,-0.0008818499327422905,0.0,0.0,0.0027767461773427335,-0.005394789301521378,0.0,0.0,0
-0.005136666983075456,0.0,0.0,0.0058846910862437865,0.0,-0.0021140231345718277,-0.00502983858708884,-0.0016364314162270978,-0.002249692407596431,0.0033964137700855054,0.0,0.0,-0.0004146131698859194,0.006794415483404,-0.004031734308735978,0.0035243524634827796,-0.003456463057169164,-0.0026610937960650253,0.0,0.0,-0.006075517399362457,-0.004714883219247395,-0.00370548133354139,0.0083770420018179,-0.0026372328904590114,0.0,0.0,-0.002763442223256116,0.0,0.0034434228454334912,0.0,-0.0020199495395323173,0.0,-0.00417800093197181,-0.0035335545014391345,0.0,0
0.004472835111848777,-0.0031583841296942416,0.0032307011448514493,-0.0017273204570887612,0.003051465294494649,0.006682122725918613,0.0,-0.0039883167076771135,0.009060027650431133,0.004143859213518662,0.0037410941781838153,0.0,0.0,-0.007617886787886447,0.0063541360185215305,0.0011739204725039743,0.0029647674138032244,0.010217022856834384,-0.0016303670512875094,0.0,-0.0014452676969671334,-0.0030753712835257224,0.0,-0.005487852706351461,-0.0020953065675992527,-0.005756402464908869,-0.008911809781995444,-0.005983478752952607,-0.0032630705246868208,-0.007348743982031089,-0.0015832075735486277,-0.005271873378492168,-0.000568730067213737,-0.0013336364882567528,-0.009645921641758606,0.0,0
-0.006822923203751421,0.0,0.0,0.007384470290928375,0.0,0.0,0.0025057641487554335,-0.0014135903093670794,-0.0017414415687392935,-0.0012223172125989188,0.0027093324471009267,0.0,0.0,-0.0024160310937978045,0.0,0.0,-0.0010018518813238325,0.0,0.0,0.0,-0.005865732454192744,-0.0024640996885825083,0.006186127360124182,0.0,-0.004917899740095722,0.002921706455876619,-0.0032089975206740663,-0.00171400713292101,-0.002961224770665051,0.0,0.0020081305147159312,0.0026796366328860188,0.0,-0.007731718713094643,-0.00779950549638431,0.0,0
-0.0013492978945807263,0.0,0.0,-0.0009849556730411237,0.0,0.0,0.0,-0.002362220948906038,0.0,0.0,0.007146550520453118,0.0,0.0,0.0,0.0,0.0,-0.0035222249439887296,-0.004151723713694067,0.0,-0.001242283166406855,-0.0012185380505205109,-0.003572578913843924,0.0,0.0,-0.0020225155208605013,0.0,-0.003281179098349603,0.0,-0.001681600091354073,-0.0019046753398072496,-0.001456431463511246,0.0029085465611464927,-0.0015958730189769754,0.0,-0.0045951721795589075,0.0,0
-0.005623229678439795,-0.0012054021176027701,-0.0023982757380680863,0.0,0.0,0.0,-0.0007883674689962753,0.0,0.0,0.0,0.0,-0.001971840104830867,0.0,0.0,0.0,0.0012450535425275568,0.0,-0.006020165723384851,0.0,-0.006013325731553189,-0.0010201083076929762,0.0,-0.0005466196658254459,-0.0027500294399186334,0.0005847501468231169,0.002087219361067104,0.0,0.004782097443982891,-0.0002083166751960039,0.0,0.004540296096045974,-0.002848075339330865,0.0,-0.002032550015100084,-0.004699283520307716,0.0,0
-0.0011123359315660629,0.0,0.0,0.0018828597814879078,0.0005316042360637674,-0.011612955043560446,0.012057517315507048,-0.0021841843909798818,-0.0016792800698569414,0.0016074502465035741,0.0038246544862850186,0.001721637336221857,0.0,-0.005647760212302161,0.0031461659063158876,-0.0028118212495389532,-0.0034107859083467138,0.002676900056708622,0.0,-0.006136551070800338,-0.011778768231224906,-0.004439172188493222,-0.003010792297768741,0.0,-0.004850870284832865,0.0005379481198865538,0.003107014675646864,-0.0010065124723459564,0.0,0.0,0.0013672915842812832,0.003085920555038323,0.013013449433783068,-0.007121678511307511,-0.00664311880660599,0.0,0
-0.003412769448067623,0.0,0.0,-0.00026694213645762563,0.0,-0.003781098987509327,0.0,-0.0009458884675707818,-0.0014745621177935054,0.005976002854876506,0.0,0.0,0.0,0.0,-0.0033949169882398645,0.0,0.0,0.0,0.0,-0.004979444190000775,-0.002574696587672119,-0.0015021271443260438,-0.002220431129603165,-0.0001643363955104684,-0.0023967149835678234,0.0,-0.001804338810049741,0.0,0.0,0.0,0.0,0.0,0.0,0.0,-0.00194390840430856,0.0,0
-0.002764381155868456,-0.005543502813627187,-0.003087239197039607,-0.003314890179144578,0.014824508452008951,0.0,-0.005527706033869883,0.0026515501770561223,-0.003118827127523044,0.0048915992521851095,0.0,0.0038452967827765413,0.0,-0.0028914917559264798,0.0039335760874306,0.0022731923472255095,-0.002644832318030978,-0.00030291898719423413,-0.0006448640286899276,-0.003701182423014295,-0.009423297250550935,-0.003477712556197106,1.4681519680897098e-05,-0.004427066182960085,-0.004401113500228148,-0.0022756746446610594,0.004335408913668863,-0.007057798495713217,0.007018835949004641,0.0,0.001947964351139234,-0.0030505681702389154,-0.0007094556408203212,0.0019255352962721669,-0.004183799602951087,0.0,0
-0.00433159337914123,0.0,-0.0038109042033436964,-0.0016110408231613288,-0.0024827112706248813,-0.0027236904952936338,-0.004062031183676128,0.0,0.003717393552092064,-0.002733828765891073,0.006760657128784007,0.0011267719545436966,-0.0004909425931466004,-0.004242719334790015,-0.0009038683417671019,0.0026937684833694205,-0.0028706072615584037,-0.0026300311284432757,0.003948226959739108,-0.005025938550612986,-0.0029211074002588036,-0.0010388907164743996,6.318051820808579e-05,-0.007275809706748667,-0.003496916115930445,0.0053370109789123545,0.0,-0.0010090966133182457,-0.0011356653819507279,-0.004048510311041366,0.005883371601847118,0.0,0.0,-0.002122188471967923,0.006551537935844159,0.0,0
-0.008413892090054087,0.0,-0.0019700987487150877,0.0,0.0034091000306461926,-0.00027758579156644055,0.0008685066075439042,0.0,0.0,-0.0015778263861868152,0.0055509143228850664,0.0,0.0,-0.0006182597487526893,0.0,-0.0016533563781524051,-0.0012832772344683688,-0.0031123592330343833,0.0,-0.005015741202308653,-0.004150456830876199,0.0,-0.002965663677370112,0.002608924922041842,-0.001939575586414976,0.0,0.002523111393166631,0.0,0.0,-0.0007147164957749683,0.0018094826127503588,-0.0006616710606184045,-0.00025078734946608393,-0.006917607558067543,0.0,0.0,0
-0.01228689086784964,-0.0043027106234649025,0.0,-0.0026667652034981205,0.00028599430322995365,0.010303320559993228,0.0,-0.0024630906705229417,0.002149630767255979,-0.003282451886839431,0.002169921789172371,0.0,0.010410181655030729,-0.0018281415730473218,0.0,0.0,-0.0015942696134216689,-0.00548926735481994,0.0,-0.003887544219736149,0.002397812760470762,-0.0008632412479649347,-0.0014795079559012734,-0.0052047929270440125,-0.0027574702691183107,0.0,0.0,-0.0009534743898214783,0.002623708262234173,-0.0031919268344507475,0.0,-0.0016128278890126105,0.0011641068115709405,-0.0016492152859787887,-0.0009153523147434617,0.0,0
-0.006119390688731795,-0.0015088206319290478,0.0056388514738287595,0.0,0.0031511111671362214,0.0,0.006629241046882662,0.0,0.0,-0.0006228940291743867,-0.0013672285155142908,0.0,-0.003882474585556669,-0.001812055221749295,0.0,-0.0016136680291729388,-0.0024972236563837805,-0.0013206345719761934,-0.002253190088986976,-0.006030806913249085,-0.00047510434519848233,-0.0012203739406979872,0.001635674359208241,0.0,-0.0021342249750583558,-0.0044818087271648694,0.0,0.0004214533593180952,0.0,-0.0002129110471291043,0.0,0.0,0.005124563655244502,-0.007520275359503121,-0.0023782209747714236,0.0,0
-0.008150265954435871,-0.0023551494227475192,-0.0027846297249912804,0.0,-0.0016249366647244506,-0.0022112366374354795,-0.001852534278079962,0.000959523211289517,-0.0009449937464378709,0.014202221401527427,0.0,0.00039131197325065534,-0.0008952755210678355,0.0,-0.00352750191618735,0.0,-0.007539589098265292,0.00036839818410994027,-0.0051549603728908355,-0.006744734083692508,0.0,0.0,0.0,0.0,-0.004646982512205999,-0.001098307611735488,-0.00708897828576139,0.004552273218177036,0.0,-0.004142622839977432,0.009048406556931824,-0.0017370172449458212,0.001983518511100667,-0.003470491189869705,0.009824462119744488,0.0,0
-0.0008769391296553642,0.0,-0.004658280706597355,-0.008915273125436373,0.005231647273856832,-0.002128824846271388,0.0022943740550653915,-0.0019720420484674616,-0.0027142166771979455,0.0008737509223785244,-0.0018310745225602236,0.003611384866283488,0.0017386622120933125,-0.0006541502696349228,0.005632755504587615,-0.0012053615687452881,0.0011406596985989595,-0.0033178760995623818,0.003421979927328427,-0.0024920667036078038,0.0,-0.0029384392425785937,-0.0027835495079855635,-0.002647489230946189,-0.0024493097402873932,0.0,-0.0012908817141529026,0.004383855768709371,-0.0020475157558173473,-0.0057165850291848435,0.004014055603402781,0.0,-0.0037019302662906098,-0.0074218882719186,0.0053447390535122305,0.0,0
0.006185820432053296,-0.004921328015500788,-0.00474032784181797,0.010057086123219015,-0.003661815893353639,0.0015307758518077618,-0.0033065082491008165,-0.0018751294553361088,0.004287353659125853,0.003934232795525659,0.0017391870667937005,0.007299565096372683,0.0,-0.007003428884824739,-0.0065562366754456395,0.0,-0.00411978617099738,-0.0012904848057469897,-0.0034161438020211565,-0.009120691375953624,0.0,0.002374284884076915,-0.0030763207408668093,-0.004352322395015076,0.008635851424071984,0.005011043630803637,0.0022756446806940452,0.0010278708899069552,-0.0025749444363321683,-0.0068757084977160475,0.0,0.004346043553187277,-0.001599090372787249,-0.005832738118446787,-0.009286356623425338,0.0,0
0.009208147731797914,-0.0003860582149942543,-0.004476890780681946,0.0056702627397781785,0.00498822050474591,0.0,0.0029764797560127574,-0.0039019465498227905,-0.0008591408339939896,0.0,-0.001540821274140759,-0.0017964254199612831,-8.980229722352291e-05,-0.005676323611644959,0.008114668971415006,-0.001367624748588625,-0.0029452716573710176,-0.00350275054204309,-0.0012744238415392597,-0.005458682140239706,-0.0076690148211127395,-0.0008806309076214531,0.0033190229888954634,-0.002460482336046762,0.0,-0.0007717652816061733,-0.002110861573568724,0.002731345574426327,-0.0028269896956373683,-0.0013044678713176568,0.0,-0.002707420774598726,0.0,-0.0003548374127609373,-0.007545248032758859,0.0,0
-0.003219511499234424,0.0,0.0,0.0,0.0,0.0,0.0,0.0,0.0,0.0,0.0,-0.0003730885331501217,-0.0007784551872765897,0.0,0.0,-0.00216682146791894,0.0,-0.0018416286039423958,-0.0005227436731311874,-0.004184268716922749,0.0,0.0,-0.0017306269965417535,-0.0022080475253782304,0.0,0.0,-0.004298681981648911,0.0,0.0,-0.0009235418218341562,0.0,0.0,0.0026199205011773453,-0.005205119251519948,0.0,0.0,0
-0.0037200484901379074,0.0026283516039210435,0.0,0.0,0.0,0.0001550512611933872,0.0,0.0,0.0,0.0,0.0,-0.001014512497573808,0.0,-0.002800896059384134,-0.001966095735390857,-0.0013159582091059631,0.0,-0.0041554833143816056,-0.00016390454997124447,-0.0027088954570994995,0.0,-0.0005939454494818643,-0.001877664061096223,0.0,0.0,0.0,-0.0045013565494676725,0.0,-0.00011553743711107612,0.0,-0.0021790048509217033,-0.0005852784541796533,0.0028046679145883498,-0.0022173411259962966,-0.0005937900941030833,0.0,0
0.06517750254991447,0.007601210053437753,-0.03086192923265393,0.01723748559081138,0.010370251164854986,0.02693759860205088,0.0,-0.02467119333658469,0.0,-0.024740751468531743,-0.003218520927691649,-0.09298611962805195,0.0,0.0,0.0,0.0,0.0,-0.017472111554207033,0.0,0.0029958652433777753,0.03961137193895203,0.01817427324015472,0.015524855406838876,0.022196147257178583,0.032751283093086066,0.0011891644069345038,0.0403909744664627,0.005650210419121927,0.029033130472839425,-0.02817661526242042,0.023736712778176794,0.01657219835773047,0.0,0.0,0.0346518037104083,0.0,0
0.1125668327629452,0.0,0.01577854027779549,0.0,0.0,0.0,0.0,0.0,0.0,0.034358913303859984,0.051797550413794066,0.0,0.0,0.0,0.0,0.0,0.02982224093454036,0.0,0.0,0.06015920932692425,0.02278732006839483,0.0,0.005554200232080629,0.0,0.016943769924742884,0.0,0.0,0.011113050519082693,0.041192324627766154,0.030039543330706478,0.0,0.0,-0.06117306355032439,0.053730986063359965,0.0,0.0,0
0.09075989591726547,0.01703043396326511,0.027766802428351618,0.0,0.026955033711887733,0.0,0.0,0.0,0.0,0.0,0.03328792522567718,0.0,0.0,0.05058151445396144,0.03633537290280862,0.037562818169303944,0.0,0.06145035567987945,0.0,-0.0019291608244599691,0.0,0.0,0.0,0.0,0.0761022698705124,0.0,0.04891252491895972,0.0,0.0,0.0,0.0,0.0,0.0,0.03958569273847404,-0.11973006092021804,0.0,0
0.0,0.0,0.002920124442445717,0.012319203927802296,-0.002845936007532434,0.003496091547830695,-0.001946472406541767,-0.001777235700418884,0.0,-0.0017303788364893152,0.0,0.006110488898012233,0.0,-0.0030272681700476405,0.0,0.0,0.0018391685932644527,-0.0018335271915861132,-0.0017105912245349555,-0.00022422237803234053,-0.008899190709075612,0.0,-0.0027077709544258807,-0.006335265474793588,-0.003093613359971262,-0.001172987023797102,-0.0035925622491435,0.00552050892553356,0.0,-0.0024006033792539575,0.0008479031884928855,0.002043768507573051,-0.0039578714188792845,-0.004380018294172819,-0.008409606449705061,0.0,0
-0.0072114967808062065,0.0,0.005359629355671327,0.000972254986087462,0.0,-0.0005810658308380939,0.002649341419592124,0.004712534239385599,-0.0008913519212769499,0.0,-0.006243362785481342,-0.0018977007461856213,0.00324960720864314,0.0009154373334980381,0.005512756959922423,-0.0024570286036855776,0.0,-0.004613261162251801,0.0021147121259480514,-0.00802192760756866,-0.003136632285935307,-0.005043395189849145,-0.0021196403906702565,-0.00986884245046868,-0.004134689987824669,0.0,0.0066289126918704176,0.006106261804611883,0.0,-0.001349448824730817,0.0,-0.001068862522130398,0.0032412499408216223,0.0,-0.007780507466547761,0.0,0
-0.006031150799615586,0.0,0.0,-0.00463907604036423,0.0,0.00723568273530223,0.0,-0.0010666873174212002,0.0028639879749814915,0.0,0.0,-0.003779519546690176,0.0,0.002513148140548151,-0.0017915897248460086,0.0,-0.002342723115230364,-0.006789690938439394,0.0,-0.0015972498629934569,0.0,-0.004365613614702917,-0.0015349188134475597,-0.006395086149217566,-0.0031663911912095813,0.0,0.0,0.009891381570052437,-0.005144572916201866,0.0059676587316302284,-0.0010068416593810754,-0.0016175352029241994,0.004183839271781561,-0.003406156171905276,-0.002937411849904842,0.0,0
-0.010247496950939981,-0.0038236084078855552,-0.0037168079631305596,0.010202165243108208,0.0,0.0044746727370337,0.008734692526884054,-0.006456856712462047,0.00813570449533093,-0.0008285947217606354,0.0042904091128118755,-0.0021405260670216792,0.0,0.005961023894681856,-0.0034690065473560604,-0.0008179641782415604,0.0,-0.007114528104772083,0.0,0.0,-0.007437417143279259,0.0,0.0024794868494428133,-0.003940918914977799,0.0018712035787757833,0.0,0.0015682878581277607,0.0017475268316962133,-0.0022939041393753926,-0.004735841303158097,-6.826146704346642e-06,0.003941574935142326,-0.007928553343028999,-0.007350278942649854,-0.006054134966490803,0.0,0
-0.0061482194161833915,-0.0007012052568688303,-0.002302333750501891,0.0,0.0014883899878856412,-0.0006744618823297393,-0.0004885474656831495,0.0,0.0,-0.001388076032888732,0.0,-0.00113094016259666,0.0,-0.0014439904619267952,0.0,0.0,-0.0024693475330389365,0.005492904425824319,0.0021097102234548283,0.0,0.0,0.0,-0.000564017396874607,-0.003892170125500128,-0.003203145758809591,-0.0019642578194054255,-0.0015291352178276494,0.001829488032681189,0.0,0.0,0.0,-0.0012207477523716137,0.0,-0.00658527891887991,0.0,0.0,0
-0.00737579878293366,0.00011481805146450701,-0.0010887194304135884,0.0,0.0,-0.0011286095316859874,0.0003312155758794676,-0.0019435427320181784,0.0,0.0,-5.656217761536869e-05,0.0,-0.00032813545673669064,0.0,0.0,0.0,0.0,0.0,0.0,-0.002361939934299988,0.0,-0.0025463506687966675,-4.316147517161095e-06,-0.0004721652015825214,-0.0019306933193108129,-0.0007431023189563518,-0.0015812045193137948,0.0,0.0,-0.0012873034414891686,0.003840023546033558,0.0,0.0,-0.006222995792548661,0.0,0.0,0
-0.008293365866256733,-0.0022468977211673987,-0.0012754665520333644,-0.0010311301163023197,0.0,-0.0008780817498182943,0.0,0.0,0.0,-0.000496048436269182,0.0,0.0,0.0,-0.0009419955977554606,0.0,-0.00023238100064048803,-0.000986060840239654,0.005821955270210469,0.0,-0.001979997521068546,0.0,0.0,0.0,-0.00187000399378438,-0.0009828344950414487,0.0,0.0,-0.0008615202003633489,-0.0007698889240409054,-0.0021113729315373215,0.002389490363216909,-0.001125777478126331,-0.0027153954815783725,-0.0041986090092448955,0.0,0.0,0
-0.008879346256203707,-0.0015025857280364725,-0.0018162393312363653,0.0,0.0,-0.0004473805551948604,-0.00018233086974437575,-0.0004402754793205995,0.0,-0.00016959681722860818,0.0,-0.0006070655655955705,0.0,-0.0003240352588080765,-0.0005837564414775119,0.0,0.0,-0.0017552703134047101,0.0,0.0,-0.0022776851880079133,0.0,-0.0004011886859296483,-0.001250266157917686,-0.0022945728409960683,-0.0015523555904210001,0.0,0.0,0.0,0.0,0.0,0.0,-0.00046802863464384323,0.0,0.0,0.0,0
0.002767093669543661,-0.0027198046779136065,0.0031525060648108626,-0.0009000129935620938,-0.0016637340104707242,0.0,0.00469624414526632,-0.003725529199136636,0.006554587184314647,0.00227463096019393,0.0,0.0027494452924184025,-0.0025513351150198075,-0.0006604403480025854,-1.2962980255214084e-05,-0.002698327505466781,0.004398783821346817,-0.006778279025798119,0.0,-0.004558388224857828,0.0,0.0007760854194595505,-0.00045943862278043833,-0.0011777651565304797,-0.002966784676039447,-0.005901871090620431,-0.0010032968280648835,0.0,0.0,0.0036321672827342036,-0.005147680994786661,-0.0007284295456474481,-0.005897421042346007,0.0034892625982670734,-0.009855126805927329,0.0,0
-0.005158738143191064,-0.0029974775312373273,0.007976388038961866,-0.00033394363811545215,0.0,0.0,-0.0005678551599029894,0.014521882480980533,-0.0011087206741426715,0.0,0.0032397973115620496,-0.00164827028745118,-0.004413622495079288,0.0,-0.0037549697585400107,0.0,0.0,-0.0009263322871493551,0.002868721309944359,-0.006455490009983068,-0.006257662839169731,0.002245388795450378,0.0,-0.0027574516523951632,-0.002893381644152303,-0.0003817370855669068,0.0,-6.4847965877165185e-06,0.0,0.0,-0.004632977342456386,0.0,-0.0012787035185783619,-0.002922481031071284,-0.007271700446999985,0.0,0
-0.003905926494769606,-1.0248478203089038e-05,0.0,0.0,0.0,-0.00015996610049383438,-0.0018556423934314298,0.0,-0.0019071544726494089,0.0,0.0,-0.0009890354161353066,0.0,-0.001405756223617523,0.0,-0.0021011005993088437,-0.0015556287747546173,-0.003434477796823505,0.0,-0.0011153977336773775,-0.0020092660931085235,0.0,0.0,0.0,0.0,0.0,0.0,-0.0021899678994294356,-0.00026672578461456184,-0.0005534888574871266,-0.0009871376904418993,0.0,-0.0004689015959249629,0.0,0.0,0.0,0
0.0,-0.0014712789191798916,-0.0017391574988838388,0.011024635296718217,0.0,0.0,-0.00028560634821000916,0.0016153590785754133,-0.0021100222246204126,0.0028533226466831664,-0.0008904333354463871,-0.001258559635497685,-0.0013807545579833398,0.0,0.0,-0.0012922476323871362,-0.001154794980146568,-0.009363782658632795,0.0,-0.00547306436465162,-0.0062397118015064985,-0.0016891098872133647,0.0,-0.0076073944848973575,0.014936302156948194,-0.00302111852749694,-0.0015941406465640208,0.0013626897600714815,-0.003036291390782222,0.0,-0.001098747156336865,0.0,-0.00048146442416782155,0.0014624076143622384,-0.006982858483624989,0.0,0
0.0,0.0,0.0,0.0032351088522498505,0.0,0.0,-0.000467628055137618,0.0,0.0,0.0,0.0,0.0,0.0,0.0,-0.0023186883865741227,-0.0013986627467773322,0.0,-0.006225560299301569,0.0,-0.004054514782989151,-0.002132676688273112,0.0,0.0,-0.0016307960606572012,-0.0021579890261382555,0.0,-0.0003732039298553776,0.0,0.0,0.0,-0.00023365187832832324,0.0,0.0,0.0,-0.007202363620484559,0.0,0
0.030081895325950903,0.004096464585448565,0.0,0.0023649308169617442,0.0,0.0,-0.007658161073801389,0.002089944964560514,0.0,0.0,0.0,-0.0012509883497637216,0.0,-0.0013552059161557732,0.0,-0.0014855123682847185,0.004710301023643678,0.0061276957472253,-2.6040043916784453e-05,0.0,0.0037500919622630137,0.006762760853947253,-0.008123390577765722,0.0,-0.0038547313644413015,-0.0026406784616665197,-0.027761089409132373,0.004184954610185335,0.0,0.001990635181289788,-0.016334343531487466,-0.014387538734537046,0.009560903557789846,0.0,0.0015268938279576188,0.0,0
0.0,0.0,0.0,0.0,0.0,-0.0014634148779383762,-0.0022346736405645896,0.0,0.0,0.0,0.0,0.0,0.0,0.0,-0.002020518277522435,0.0,0.0018774539476971782,0.0059863871943054685,-0.0039327895896574625,0.0,-0.0025824060242107196,-0.002002115364206358,-0.005056864650629901,0.0,0.0,0.0,-0.011938978473774899,0.0008119654858453984,0.0005632722952817309,0.0,-0.0013271561409490434,-0.0020296608787966513,0.00523958164729638,-0.005047868581198859,0.006703884963192543,0.0,0
-0.004858323006797955,0.0,-0.00026053600620200783,0.0,0.0,0.0,-0.002299157343713973,0.0,0.0,0.0,0.0,0.0,0.0,-0.001426245728580894,0.0,-0.0007696054607384574,-0.002564692374072106,-0.002525407336080257,-0.001075237122234996,-0.000514552708928121,-0.0010885978621999776,0.0,0.0,-0.004677646417818837,0.0,0.0,0.0,0.0,0.0,0.0,0.0,0.0,0.0,-0.002860525980925,0.0,0.0,0
-0.009762984284436855,-0.002121702485686004,-0.0005910023613905832,0.0,0.0,0.0,-0.00599031610823975,0.009012563449480364,0.0,0.0,0.0015797140622570976,-0.0032006939471830417,0.0,0.0015908409335541223,0.0,0.0,-0.00023355348720541323,-0.009713123134541512,0.0,-0.006501874746445465,-0.0035435160818073795,0.0033055567672902303,-0.0004180235030338798,0.0,-0.0029798477281742573,0.0,-0.0005117821112772309,0.0,0.0,0.002565759293876536,0.0,0.0,0.004187753642034169,0.0,-0.001637467601042386,0.0,0
0.012634651029898327,-0.0027096723031434893,-0.00616688315272979,-0.0005715202235970221,0.0,0.0,0.0013346533974396666,0.0,0.0,0.0,-0.001433951751065991,-0.002474048679814062,-0.0017037305296431378,4.9353312748608586e-05,0.0,-0.001128531334496081,0.0,-0.006127693447039052,0.0,-0.002303166792173999,0.0006778815312511307,0.001082692427395219,-0.0033834984481111276,0.0038823296197460543,-0.0030829483775876116,-0.002359689755065853,-0.0012225585132010358,0.0,0.0,-0.003998688807569375,0.0017264992517859957,-0.0016602174207741632,0.0025343750565997,-0.004633917154370754,0.0,0.0,0
-0.004317842272634993,0.0,-0.001216218788726822,0.0,0.0,0.0,0.0,0.0,0.0,0.0,0.0,0.0,0.0,0.0,0.0,-0.0015409305447596298,-0.001759824108422574,0.0,-0.001696292896037385,-0.0002466373335746221,0.0,-0.0007051324811727296,-0.00323972014609651,-0.0018596248504471455,-0.002019513371936941,0.0,0.0,0.0,0.0,-0.0005761965005615096,-0.000589566500492918,-0.0004327388296772833,0.0,-0.004550199561185523,0.0,0.0,0
-0.006075544598444322,-0.002926851332734728,-0.0008839653512973927,-0.0010103745468989075,0.0,-0.00027904309483520455,0.0,0.0,0.0,0.0,0.0,0.0,0.0,0.0,0.0,-0.0009574025724084598,0.0,0.0,0.0,0.0,0.0,0.0,-0.002364681007842493,-0.0051179535695991575,0.0,0.0,-0.0006197044257081364,0.0,0.0,-0.00047469931114670126,0.0,-0.0004504367520487501,0.0,-0.003813355623518668,0.0,0.0,0
-0.009479699303326667,0.0,-0.0007593346970596961,0.0,0.0,-0.0007979653008820134,0.0,0.0,0.0,0.0,0.0,-0.0007920968962713555,0.0,0.0,0.0,-0.0010665765136995994,0.0,0.0,0.0,0.0,0.0,-0.000892783909640603,-0.0015516182840735033,-0.0032557881025703185,0.0,0.0,-0.0016160656943011256,0.0,0.0031440963452545037,-0.0005852740171486198,0.0,-0.000733371393565736,0.0,-0.006587534419198193,0.0,0.0,0
0.01040082066825181,-0.0033241106394410382,-0.011366320808262829,0.0045414623537442635,0.002253276800187868,-0.00019985732702562826,0.0031236376040154955,-0.0023433362747547486,0.00532053809370132,0.0,-0.000294987796925163,-0.008971465006024717,0.0,-0.011378342290144982,0.008751687690070275,-0.0019813390185999904,0.0,-0.0062479588709252335,-0.003465477493588164,-0.006218748931064653,-0.0018566338909871871,0.0,0.0,-0.005785127639670087,0.0,0.004870039234386224,0.0,-0.0019117997630390964,-0.006838362595563996,0.0,0.0,0.0009953291652487933,-0.001703348027297872,-0.005119242864444569,0.016351765501761265,0.0,0
0.0006157746472953068,0.0015967637055194703,-0.006104521366118231,-0.005824815466857671,0.010252099900136319,-0.004094373003284408,0.0008964584684083928,0.010569755333164326,-0.0017598700687465208,0.007232151455733695,0.0014097191944248536,0.0,-0.005214474415564292,-0.002772901166052271,-0.003110331247793315,0.0,0.0053236346405457335,0.0,0.0023833003342322284,-0.005043552959942596,-0.006815196192389387,0.0,-0.0033931689565805403,-0.004020398596777044,-0.003314126392336443,-0.00048650072513630154,-0.003886954418255349,0.0037181870595975556,0.009074083501159118,0.0,0.0,0.0022974679125802614,-0.008573436620568293,-0.006630687142054642,-0.006721989540732599,0.0,0
-0.02119937048811747,0.0,0.0,0.0,0.0,0.0,0.0,0.009515664435243933,0.0,0.0,0.02314261991710608,-0.014922249419006627,0.0204382970765392,0.0,0.0,0.0,0.0,-0.0004081096061317507,0.030184700176457285,0.031110461887768583,0.0019031022351302742,0.0005600251457744266,0.02401848779440025,-0.01489049997480277,0.02796211927371416,0.0,0.03187740018198644,-0.016385316494278185,0.0,0.02511064160844218,0.0,-0.005123064258533945,0.008369654934785278,-0.023228923338836676,0.042462414296885076,0.0,0
-0.005909685523347603,0.0,0.008143130716196136,0.0,-0.00037217988109177895,-0.0036621587798718242,0.005364536784359395,-0.001807794316997953,0.0032717840729698166,-0.0008979360905097047,0.0,-0.006249122047099489,-0.0029270656010475377,-0.006945415715864188,-0.0016853895519703377,-0.002943646492495551,-0.004133877516619012,-0.004899085059022306,0.0,0.0,-0.003187182658430146,0.0,-0.004093471940371698,-0.0037025198102976233,-0.003247300264557046,0.0,0.00588831296564305,0.010428176187661592,0.00031917900884221976,-0.002974403671115789,0.0,0.0005697430058075632,0.0030538752244957897,-0.0002071359732841168,-0.002141187323088673,0.0,0
-0.002786888154348099,0.0,0.0,0.0,-0.0013265240541745075,0.0,-0.0014448617114513314,0.0,-0.003190561639343756,0.0,0.0,0.003455372001843134,0.0,0.0,-0.001496399640787021,0.0,0.0,-0.0023960346855469348,0.0,0.0,-0.0020135743987560895,-0.0016911090574923203,-0.0009716451475192663,-0.004385918156752283,-0.001398338846158252,-0.00039174020029406536,-0.0020752400260156223,0.0,-0.0023759982908642414,0.0,0.0,0.0,0.003428994248792181,-0.003887352492238337,0.0,0.0,0
-0.004830413898331159,0.0,0.0015974697343990798,-0.0009349735268298317,0.0,0.0,0.007686902444771806,0.0,-0.001276969090226358,0.0028910753549128677,0.0,0.002110530492588799,-0.0017153853045194143,0.004259256839240556,0.0,-0.0008931095764188258,-0.0028435515037904912,0.0,0.0,-0.004501720036281813,0.0,-0.004137898228084461,-0.00020688979218785625,-0.005577105254582286,-0.0033214091285093043,-0.0016053933160232266,-0.0036222847937580583,0.0019484260374216563,-0.0009228613556680823,0.0,-0.0010554475185803039,-0.0015515539767952588,0.0,0.0,-0.005210293592598232,0.0,0
0.015342095667908985,-0.00016606352434668119,0.0,0.0,-0.0010325455319823837,0.0032714487175926725,-0.0044488404677679415,-0.00115999424084168,-0.0020366844125389743,-0.0026512112313375235,0.0,0.0,-0.0032663414852707115,0.0,-0.002621272344545309,0.0,0.0,0.0037602731064091954,0.0,-0.011808264692006059,-0.004089710315252904,-0.001205793750103801,-0.0023864157022644578,0.0,0.0,0.0,0.0026235410730624836,0.0,-0.003488205651512657,0.0,-0.0004299221310553832,0.0,0.008327045511170751,-0.010311677607693573,-0.0030827060116106614,0.0,0
0.019826287292695283,0.0031337596601446758,0.0,-0.002512665293588924,0.0,0.0,0.0,0.0,0.0,-0.0023657287111680256,0.0,0.0,0.0,-0.001955494870443748,-0.00040374225183504366,-0.005164134146989759,0.0,0.0,0.0,-0.017292241083182218,0.0,-0.0037951872556388744,0.0,0.0,0.0,0.0,0.003574092522421789,-0.0032318502267754167,-0.0027957799221851798,0.0,0.0,0.0,0.0017987210247387632,-0.008178688279059734,0.0,0.0,0
0.0,0.0,0.0,0.0027448199665865247,0.0,4.4473941407416024e-05,0.0,-0.0026408552414457025,0.0,0.0025925192402582883,0.0,-0.0009623545449436686,-0.0017994998348330239,-0.003888059124360013,-0.0007534203367056603,-0.0038583253317737635,0.0,0.004578332487083215,0.0,-0.007037123892648174,-0.003581799094087827,-0.0011449193894518925,0.0,-0.00020971977841017692,0.0,0.0,0.0,0.0,0.0,0.0,-0.0013155670760750292,-0.0007261956518268271,0.0,-0.006398519534923073,0.0,0.0,0
0.0,0.0,0.0,0.0,0.0,0.0,0.0,-0.0022209481628946,0.0,0.0,0.0,0.0,-0.001813922774720473,-0.002540184584915295,-0.0019803049295698,-0.003109214212283656,0.0,0.005074688196621441,0.0,-0.009436389931394734,-0.0030744356235245123,0.0,0.0,-0.000758327648007505,0.0,0.0,-0.0004239126407350654,0.0,-0.0009994703672578415,0.005138633246271275,-4.0611484452893994e-05,-0.0021886101111519727,0.003180672154135031,-0.004916979614036852,-0.003698949558057732,0.0,0
-0.005475261552487541,-0.0017252091237895065,-0.0008790697665295431,0.001276989525468879,-0.0017981242752548832,0.0013535017122826359,0.0,0.0,0.0,-0.0002542294558035259,0.0,-0.00028557840022713256,-0.00272951775360763,-0.0029624105785451926,-0.0022324111659294023,-0.0046630523063596035,0.00019624845605279055,0.0026423509608333117,0.0,-0.008285334088340838,-0.0012008653776274655,-0.0008388928348554994,0.0020145938946463274,0.0,0.0,0.0007940090075385337,0.0018363025363676557,0.0,0.0013073053325941733,-0.0010951559773541661,0.0042650086999062075,-0.0008544937121276383,0.0010150872408735611,-0.004759131476478461,0.0,0.0,0
0.011516083024664453,0.0005058108324091142,-0.002010481256712204,0.002158390089842571,-0.004601687665932916,0.0,0.0,0.0,0.0,0.0,0.001553831278277702,0.0014074836934492578,-0.006128691542117152,0.0,-0.00591830524982439,-0.0018772687166347308,0.009310973706374667,0.008656039354600636,0.0,-0.011466904321560287,-0.0027715002853211327,0.0,0.0,0.0029699784050514176,0.0,-0.0031745009088716128,-0.0022662346751966753,0.0017152286300376883,0.0,0.001990290025905676,-0.005037457517967858,-0.00810555631724218,0.0023939466160928075,-0.0108299118820876,-0.0008508003412238639,0.0,0
0.02035964207722079,0.0,-0.0023905956935795073,0.0,-0.0009806190022442368,0.0,0.0,0.0,0.0,-0.0030592687621195745,0.0,0.0028713438125478265,-0.0055325077361970555,-0.0021071119043885944,0.0,-0.0040290151344141364,0.0014081083417490346,0.0039021057682254124,0.0,-0.016673594777999456,-0.002105365187683611,0.0,0.0,0.0,-0.0027559093297098176,0.0,0.002061850558782561,-0.0007786563453683242,0.0,0.0,0.0,-0.001432025511225811,0.00575027528951989,-0.01041882200612146,-0.0034524859978603377,0.0,0
0.0,0.0,0.0,0.0,0.0,0.0,0.0,0.0,0.0,-0.0009114576873849669,0.0,0.0,0.0,-0.0016551876732915703,-0.000662021726895221,0.0,-0.00043967683693241726,0.0,0.0,0.0,-0.006174793353197568,-0.0006058982311548675,-0.0006350147761280206,-0.0033991036958726404,-0.000659436878423052,0.0,0.0,0.0,0.0,0.0,0.0,0.0,0.0,-0.0014980553217576152,0.0,0.0,0
-0.0037885502921906145,-0.0007505152216068148,0.0,-0.0010558653684604286,0.0,0.0,-0.0002137885504383459,0.0,-0.000561767977881808,0.0,-0.00031231655660926284,0.0,-0.0012951831299654573,0.0,0.0,0.0,-0.0010895942454255496,-0.001055976629607456,0.0,0.0,-0.0027182521755738814,-0.0033503400130814385,-0.0018275499685244479,0.0,-0.003885409295762575,0.0,0.0,0.0,0.0,0.0,0.0,-0.0013945055070507097,0.0,0.0,-0.0016724419612033706,0.0,0
0.005852117928263816,0.0,0.0,0.0,-0.001656458333995154,0.003865805127778648,0.0,0.0008802251311502131,-0.0003225242532436061,0.0,0.0,-0.002007098144072283,0.0006377222217749765,0.0,-0.004934105766567787,-0.0010659139125104515,-0.0005655317863464801,0.000816809436499008,0.0,-0.0007141722186956559,0.0014596181618701225,-0.0024784731536694033,0.0,0.004509243061034171,-0.003163845432938195,0.0,-0.00800125387358359,0.0,0.0,-0.0009924696243432448,-0.005171668446197941,0.0,0.0037425179162716184,-0.007358570819902333,0.007781848959438745,0.0,0
-0.004581197933584978,-0.0020026457830675955,0.0,-0.0009683285581592014,0.0038693744128898903,0.0016550878153737381,0.0026956925245788447,-0.005090629237891954,0.0007623809459056229,0.0,0.0,0.0,0.003328038660222492,-0.0014602272699790106,0.0,0.001813820533030115,-0.002496552635302062,-0.005811539026004297,0.0,0.0004850682686934354,-0.004963772808307968,0.0,-0.0028414693069747816,-0.002233105645784098,-0.002507815110424169,-0.0018678676171630367,0.0,0.0,0.00164200663760984,-0.00029306455384479815,0.004995448844798087,0.0,-0.00163721027456619,-0.004844757648761817,0.0,0.0,0
-0.009333632831706079,0.009787793619637072,0.0,0.0,0.0009845023981548396,0.0,-0.0014340040131220527,-0.0031008777577496397,0.0,0.0019223013369659178,0.0,0.0,0.0,-6.128227683638675e-06,0.0,0.001454823360305231,-0.0030937710836320396,-0.0011254108944242355,0.0,0.0,-0.0043856263263065964,0.0,-0.002405386523191871,0.0,0.0,0.0,-0.004517570645426691,-0.002098385934745828,0.0,-0.001191088521821861,0.0,0.0,0.00245084036997229,-0.0022344906077486413,-0.006188346530683692,0.0,0
-0.005260051218840716,-0.0005804631034886983,-0.0051213521298766026,0.0,0.0,0.0031369649995513778,0.0,0.0012064104787461517,-0.003257347026993442,0.0,0.0,0.0,0.0,0.0,-0.0015451358733262286,0.0028361012444938593,-0.0020761147817816242,0.003199067214579417,0.0,-0.0041559380172215546,-0.006312736802367998,0.002412922378014405,0.0,0.0,-0.001879893568896188,0.0,-0.002160635400738526,-0.0002105354460504631,0.0,-0.004498231243669284,0.0046992611463709125,0.0,0.0,0.0,-0.004946751661712313,0.0,0
-0.003740480775689361,-0.003273425660507509,0.0029535837550675667,0.0010551253700631484,0.0,0.002548557164017438,0.0,-0.0036402664498736714,-0.004339612131135836,0.007327855382567118,0.0015346380402088192,-0.002033182612805595,0.005353336424941838,0.0,0.004394857552499216,0.005164719145950836,-0.003512748877720015,-0.005248200651568562,0.005464127144279586,-0.009674624513736954,-0.0056057910972756924,0.0,0.0012382408020840925,-0.0027928135784552593,0.0,-0.0075790009794175365,0.00019821390830447835,0.007050016329582859,0.0,-0.007684366281272397,0.0,0.001332164197102897,0.0005149461556174868,-0.0071396778022956645,-0.00221945472724722,0.0,0
0.013535535831560518,0.00296249306989052,0.0037070077579982037,-0.0021752947024407765,0.009148434011629202,0.0,-0.0028323899912609187,0.0,0.0,0.0,0.0001653591340712517,-0.0031556057061869597,0.0028561339381027607,0.0,0.0,-0.0008959673095911301,0.0,-0.020315110077568296,0.0037766694574791326,0.0,-0.004120472693417329,0.0,-0.0023830525025292535,-0.0016270860970114254,-0.008553978506641777,-0.0031664933978023087,0.0,0.0,0.0,0.0,0.0,0.0,-0.0044373015723346895,-0.00891766758842868,0.0045312828076157115,0.0,0
-0.02281785773985165,-0.0008736452431617833,-0.0001778936462618348,0.0010299666284021103,0.0,0.0,-0.0016562175872546741,0.0023390331336156697,-0.0020918231914884623,0.0,-0.0027166512001671255,0.000489250802611662,0.0020880348140239185,-0.00013010469182581484,0.0,-0.002470566596565488,0.0013621973447510746,0.006509288745700471,0.0013561673543774759,0.004397309209032027,-0.0048702603915919875,0.0027967496458315886,-0.007538205743043825,-0.0032752211568128696,-0.0017979739482294156,0.0,0.002939083266384734,0.0,-0.003177391527619116,0.0015958867282175222,0.0,-0.0028618933834053213,0.0038228598228807332,-0.006701340621153778,0.008034019459476172,0.0,0
-0.004477546132435422,-0.0019785391466222483,-0.0020073734761030366,-0.00037311762605560006,0.0,0.0,-0.0011096279148948831,0.0,-0.0003465374552785098,-0.0009791452336272476,0.0,0.0,-0.0003260044590493179,-0.001631724432232702,-0.0014524836180427603,-0.0022655531611221872,-0.00038829613570376463,0.004522783517861518,0.0,-0.0016709275686955698,-0.0010552096280318638,0.0010396309668988617,-0.002644863128728419,-0.0017295472424473993,-0.002461997831433551,0.0,-0.0004052811046020139,0.0,0.001570128488575182,0.0,0.0,-0.0012641227419468138,0.0023932053802463975,-0.006825141048524694,0.0011597927888347057,0.0,0
-0.007997015261427851,0.0,-4.91112435269075e-05,0.0,0.0,0.0,0.0,0.0,0.0,0.0,-0.0007956906225959702,0.0,0.0,0.0,-0.0007043039526987151,0.0,0.0,-0.005609019774009987,0.0,-0.003343015304200042,-0.0034004719923257775,-0.0006261957653987448,0.0,0.0,-0.00019629515690853784,0.0,0.0,-0.0014219990102327309,0.0,0.0,0.0,0.0,0.0,-0.0007998298846108483,0.0,0.0,0
-0.005054008514733812,0.0,0.0,0.0,0.0,-5.831042487281302e-05,0.0,-0.00105969826113893,-0.0014540765167082165,0.0,0.0,0.0,-0.0011139280465076835,0.0,0.0,0.0,0.0,-0.00572160435954422,0.0,0.0,-0.0024293624984423694,0.0,-0.0012059512673659838,-0.0017086765789554243,-0.0005319788884536671,0.0,0.0,0.0,0.0,-0.0005040640587861107,0.0,0.0,0.0,-0.0041012885524268836,0.0,0.0,0
-0.005386382496662102,-0.0028423856725775525,-0.002167439034685547,0.0036360105472221156,0.0025163989607290063,-0.0016373906736175687,0.0,0.0,0.0,0.0,0.0,0.002385789292652424,-0.00040485212632966735,-0.0013236776508240527,-0.001369894409449983,0.0012012552351518757,-0.0036441090466400746,-0.0023143401298908114,0.0006160848374165885,-0.00508110843998688,-0.0016090507801595723,-0.001559622867557284,-0.002244187921355927,0.0024012603298717,0.009013230374529833,-0.0013617539274863666,0.0027831209192104535,-0.0018465431421194013,0.003999096157464238,0.004384599976316631,-0.0008987338188194988,-0.0064221839297797945,-0.0027159593572381262,-0.006669733719645486,-0.006411176502484961,0.0,0
-0.002361370345868795,0.0,0.0,-0.0014572004422067982,0.0,0.0,0.0,0.0,0.0,0.0,-0.003190540999747163,0.0,-0.0008500809660808078,0.0,0.0,0.0,-0.00030934676391066563,0.0,-0.000498562256919067,-0.000898035156344409,-0.003393812062798082,0.0,-0.0026260613031185856,0.0,-0.0011499614457418646,-0.00021112069997309332,0.0,0.0,0.0,-0.001423444371319953,0.0,-0.0005267108430532144,0.0,0.0,-0.006077431359663293,0.0,0
-0.004531604573857632,-0.002845368419424923,-0.0028670470111700906,-0.0021564157334338307,-0.0006788581384998889,-0.00178478149251029,0.005947008991615487,0.0,-1.737152830945726e-05,0.002812731055024845,0.0025729589915718123,-0.0013366125003618958,0.006142545405661939,0.0,0.0,0.0,-0.0008277617815113944,-0.0056047011681715116,-0.000587229382961423,3.925758393518261e-05,-0.004014326500518051,0.0,0.0,-0.003601628987209047,0.0,0.0,-0.0001202959269680603,0.0,0.0,0.0,0.0,0.0,-0.003511373554104495,-0.0020201445469710056,-0.0059826597985720605,0.0,0
-0.0013934258584200766,0.0,0.0,0.0,0.0,0.0,-0.0004754874402211258,0.0,-0.001177643203787203,-0.00038910441703353675,-0.0002371563504757819,0.0,-0.0015889102012352117,-0.003533852444756623,-0.00036909719280719993,-0.0003870188671537026,0.0,-0.0033678367176379655,-0.00028257787608987854,0.0,0.0,-0.004127208399373961,0.0,0.0,0.0,0.0,0.0,0.0,0.0,-0.0016143235460546095,-0.0006494618157661682,0.0,-0.0032341425631113654,-0.0021464321228213887,0.0,0.0,0
0.0,-0.0011845585747761673,-0.0008172443231005384,-0.002309986300251583,-0.0027074599210523305,-0.00026752115723659506,0.0,0.0,0.0,-0.0006199933821188795,0.004828365974860332,0.0020361815049117766,0.0,-0.002386817201925147,0.0,0.006013516772544713,-0.0033952998540600432,-0.005625808455362792,0.0,-0.002708914394218769,-0.0007188668474320727,-0.004264103448924553,0.0,0.0,0.0,-0.0013315146122439391,0.0,0.001714385133797533,0.0005999271023192311,0.0074564714269624785,0.0,-0.004120813745251152,-0.0016187486390779736,-0.006626123313434334,-0.006918752761674991,0.0,0
0.0,-0.001879191438242744,0.0,-0.0014537626640848678,0.0,0.0,0.0,-0.0025964883678744896,0.0,0.0,-0.001504662552501124,0.0,-0.0028762762899484737,-0.0019103418215924372,0.0,0.0,0.0,-0.0009553221916855842,0.0036534680243147113,-0.0063745059715360234,-0.0030870097695006203,0.0,0.0,0.008122620893734663,-0.0025866000305703562,0.0,0.002539458067648382,-0.0007194292085681693,0.0,-0.0054873987464268805,0.001269573105636425,0.0,-0.001929087402363196,0.0,-0.007198722653185007,0.0,0
0.0,0.0,0.0,-0.002599416959141337,0.0,0.0,0.0,-0.002602745397014134,-0.0009621642804798128,0.0,0.0,0.0,0.0,0.0,0.0,-0.0007398595989342126,-0.0008656567159668826,-0.0006900758864880249,0.0,-0.004918427572745964,-0.000734102429635485,-0.0005991755905599186,-0.001792915313293491,0.0,0.0,0.0,-9.045899056435429e-05,0.0,0.0,0.0,0.0,0.0,-0.0030947180839054657,0.0,-0.005271009365922695,0.0,0
-0.004362248158363297,0.0031451269383487557,0.005017342054520621,-0.005515795789196469,-0.006911537057231064,0.001568793968260646,0.006770089138051386,0.0,0.001582983776444054,-0.0008095005850224486,0.0032803350103198865,0.006382353520018462,0.0037855765741212494,-0.001526431177460235,0.0,-0.0010778494568626225,0.0021047528572276024,-0.005466990896531001,0.0,-0.002826241708168869,0.0,-0.005022169599468005,0.009530360281600984,-0.0031927577887349602,-0.0048433426622356045,-0.0032675163842392865,0.0,0.0,0.0,-0.0066601396934083575,0.0019625066711369643,-0.0043715305274877,-0.008569913179875153,0.0009691690584648917,-0.006649104200976221,0.0,0
0.01180904772874565,0.004408676451163818,0.0,0.0008204063015383893,0.0,-0.003355233152915228,-0.011011766033067355,0.0031768709669505618,0.0,0.0,0.0,-0.013820133258567725,0.0,0.0,-0.008740628400680307,0.0,0.007606931397533909,0.03422732274039634,0.001992276917843059,0.011323115281200393,0.016258038956976084,0.0,-0.011852884875709097,0.0,0.0,-0.004787854149492103,0.025440859578267,-0.01670561122865399,0.005382795995620212,0.0,0.0,0.0,0.005306496960433957,0.0,0.02013478873524341,0.0,0
-0.0020088569782696227,0.0,-0.0031774926467313187,-0.003172160798089455,0.0,-0.006892580818836028,-0.0008458219816712765,0.002212599948360234,0.0,0.006261903646657563,0.0,-0.0008167527865635059,0.0,0.0,-0.0024133832935113973,0.0025499127104075796,-0.0030984339447473674,-0.009028392244879196,0.0,-0.0008751136118023219,-0.0012155253454326225,0.003925163288897732,-0.0031102332126562563,0.0,-0.0036468828510956767,-0.002367732960932915,0.0016475794212013467,0.004338050899440514,0.0,-0.003209071377615711,0.0,-0.0010255718451731325,0.004180070265272881,0.0,-0.003187648404526195,0.0,0
-0.007019814534216529,0.0,-0.00175986965443108,0.0,-0.0015292262029961941,0.0,0.0,-0.0014539007952850326,-0.0005582668506396737,0.0,-7.563411008881656e-05,0.0,0.0030199592747225785,0.0,0.0,-0.0012035617031892745,-0.002876300663610311,-0.0030681005514242585,0.0,-0.0031706068907366484,0.0,0.0,0.0,-0.0027880173957996897,0.0,-9.634386918427055e-05,0.0,0.0,0.0031896047751973733,0.0,0.0,0.0,0.0,-0.003552662527770435,-0.0020336332228438857,0.0,0
-0.0027463640642863864,0.001562112362025014,0.015450999445502952,0.0,-0.002255149145035606,-0.002986268073865235,0.0,0.00015564460561425352,-0.003715991599668278,0.0,0.0,0.018978142066307886,0.0,-0.0016751370084043171,0.006222018482059873,-0.008063644456634182,-0.002460843795803158,0.0,0.002828985069506638,-0.0028369650341182324,-0.006821762500866023,-0.00244517047594376,-0.0045124632080147924,-0.006936636296535384,-0.0027255409311144852,0.0,-0.006448231455198156,0.0,-0.0012444687368314963,0.0,0.0036892185032959715,-0.0013515820802360112,0.0,-0.006463491171865233,-0.00796862844221475,0.0,0
0.0025145357876642316,-0.0009045276885173494,-0.005200336483545465,0.0,-0.0018835261899989252,0.005059167373844523,0.0,0.005443581709005725,-0.001851083601489397,0.0,-0.0023743420698644118,-0.0010130187386406652,0.0,-0.001831930442539235,0.002371332926446266,-0.002120680822853015,-9.821917656847095e-05,-0.0067330615745491585,0.0,-0.004616359947797313,-0.0005012539532476922,0.0,-0.0004592297962728993,0.0,-0.0028075949770239904,0.0,-0.0018572304678909884,0.005048156762440476,-0.0020105010929324426,-0.0073045557131385525,-0.0016405397648541452,0.0,0.0,0.0,0.0,0.0,0
0.006221573007490562,0.0,-0.006298660012404632,-0.0014730584148155944,0.013721374834049758,-0.004784708361677412,0.004078152093242953,-0.0008805467761302521,-0.0031547618800944815,-0.006547984231671346,0.005077887130950255,-0.0021616726392000695,0.0018503194995307685,0.008316375706484292,0.0,-0.0019233002054186352,0.0,-0.006546819435645817,0.0,-0.011000924581207324,-0.005421676068570985,0.0,-0.0016539680337485745,0.0004833645034530677,0.0,0.0,0.0,0.0033972042222322,0.0,-0.0035211584763936844,0.0,-0.00358758440754361,0.0,-0.0026995334415007475,-0.006441400409974107,0.0,0
-0.0102961858259362,-0.0007965974497184096,0.0,0.0,0.0,-0.0008679531177919085,-0.000628607875552961,0.0,-4.268443130267223e-05,-0.00038943603836799466,-0.0017928536584677136,0.0,0.0,-0.0014322872874605091,0.0,-0.0006573843960388755,0.0,-0.006695423327592551,0.0,-0.002408671270624444,0.0,0.0,0.0,0.0,-0.002265687632186744,-0.0002615792335171896,0.0,0.0,0.0011523871217405941,-0.0009260514114773548,0.0019541317924018,0.0,0.004741755841081614,-0.003288829983241027,0.0,0.0,0
-0.008614835845744944,0.0,-0.0027703080783105134,0.0,0.003469829365052298,0.0,0.0,0.0,0.0,0.009621743395833326,0.0,0.0,0.0,-0.0013522268553223904,-0.003088856922550767,0.0,0.00015976149947661888,-0.004515028418692216,0.0,-0.0076263274385703255,-0.005582566236753555,0.0,0.0,0.0,-0.004246512777600159,0.0,0.0,0.0,0.0,0.0,0.0,0.0,0.005992018523020471,-0.006089467695113777,0.0,0.0,0
-0.013591058066698192,0.0038041635502901465,-0.0004154663209107543,0.0,0.0043312599118185404,-0.0010495498660050273,0.0,0.0,0.0,0.0,-0.000816628552294353,0.0,0.0,-0.0012805324637790688,0.0,0.0,0.0012880706623168976,-0.007591165751366643,0.0,0.002391844082573822,0.0,0.0,0.0010499329827865778,0.0,0.0,0.0,0.0,0.0,0.0015343039808123269,-0.0015804021186099928,0.0,-0.00036988186369580353,-0.008603985202216677,-0.004847238979512541,0.0013309563398977917,0.0,0
-0.002726420311334582,-0.005038487650404618,-0.002139738534692041,0.006432744214430014,0.0031121585202916035,0.0,0.0,-0.004040921978314676,-0.0007160508104073112,0.0,-0.001977253990034847,-0.0010023829147716187,0.0,0.0016701588797959118,0.006837684866040952,0.003067060203515369,0.004609523325336046,-0.007394051356103148,-0.0011919591742625849,-0.005815952270661477,-0.007552431502572579,0.0,0.0,0.0,-0.0014239122784388217,-0.00022993767560801817,-0.0023757311704681095,0.0,-0.002741007793914584,-0.002088560903563649,-0.0019701909982901573,0.0,0.0025666031770702684,0.0,-0.002845583579520524,0.0,0
-0.006929201219490929,0.0,-0.0017452429522245936,-9.574345260180446e-05,0.0,0.0,0.0,-0.001923569791354748,0.00876195964565875,0.0,0.0,0.0026199375809471716,-0.0031944089722209927,0.00160536238574071,-0.0038063311275337913,0.0,0.00603985765712441,-0.0019283987373772008,0.0,-0.004566779849901544,-0.0036286794121803438,0.0,0.004422209626355281,-0.004841248379088943,-0.0017994006373889706,0.0,-0.0026417194187244417,0.0,0.0007707284142229569,-0.003079786765304642,0.0,0.0,0.0024862348039782277,-0.00249203930029313,-0.00898098311135092,0.0,0
-0.007844093007680599,-0.0019864390431886293,-0.002303309662385523,-0.0025712923870309587,0.0,0.0,0.0,0.0,0.002326953783909243,0.009896206578494627,0.0,0.004302646259132815,0.0,0.0,0.00627018759726835,0.0025383526116931733,-0.0001663098648532621,-0.00556892900514572,-0.004492882263155606,-0.004766817238825626,-0.006834902303810249,0.001565512276380223,0.0047354911990064195,-0.008400614921317141,-0.005122659900975245,0.0,0.0,0.0,0.0,0.0,0.0,0.0,-0.007945055923116784,0.0014207122025910075,0.0,0.0,0
-0.0024681399556702047,0.0,0.0,0.0,-0.0012962871951621205,0.0,0.008061791684382489,-0.002116205064761015,0.0,0.0,0.0,-0.002758296238588844,-0.0013587802237743506,-0.0016471081562912482,-0.002735129592764295,0.0,-0.0022638669557157555,-0.004424524400340228,0.0,0.0,-0.0033020109633798635,0.0,-0.0009474204763922492,0.00018600380411776834,-0.001999810058981773,0.0,-0.0003295819956131544,0.0,0.0,0.0,0.0,0.0,0.0,0.0,-0.005547877224074644,0.0,0
-0.00658438738976304,0.0,0.0,-0.000503883148797418,0.0,0.0,-0.001747560108568392,-0.0018464566984340805,0.0,0.0,0.0,0.0,0.0,-0.0010545000420753305,0.0,0.0,0.0,0.0,0.0,-0.000551181516345287,-0.005846240465374237,-0.0016083228654287468,0.0,-0.0035359482276885374,0.0,0.0,0.0,0.0,0.0,0.0,0.0,-0.0006397922590334068,0.0,-0.001028970291501008,0.0,0.0,0
0.0,-0.00040383587298370633,-0.0010951665504502794,0.0,-0.0023611910621726085,0.0,0.0,0.0,-0.0008089400351425177,0.0,-0.00048160519015720814,-0.0027421737814927205,0.0,0.0,0.0,0.0,-0.003714283410572158,-0.002523686867579943,0.0,0.0,0.0,0.0,0.0,0.0,-0.0007932200031175301,0.0,0.0,0.0,0.0,0.0,0.0,0.0,0.0050353895086399005,-0.0052360219552752794,0.0,0.0,0
-0.003408771488926877,0.0,0.0,0.004260110606084364,-0.000772857540462885,-0.0037413138404136376,0.0,0.0,0.0012887155483353068,0.0,0.0,-0.003033016869456975,-0.0002665611169266245,0.0,-0.0023487913302514185,0.0,-0.001967173415950735,-0.0032111119351355744,-0.0008185219569250811,-0.004254398266758791,-0.005410684640863895,0.0018105028266961363,-0.0032008202659670705,0.0,-0.0028649551154352076,0.0,0.0014035455966561986,0.003163208647432269,0.0,0.0015086565158324507,0.0017134320364680503,-0.0034119368313031656,0.003405149311864081,-0.004168767813633168,0.0,0.0,0
-0.0028489162177778534,-0.00035184542094468047,0.0,0.0,-0.0022339012306934795,0.0,-0.002053301759566655,-0.001938185194056516,0.0,-0.00022217666255041276,0.0,0.0,0.0,-0.00025742843246557776,0.0,0.004720631234963653,-0.0029541679702390572,-0.005545628716853432,0.0,-0.0035280119340192176,-0.003238565662046255,-0.00156732614182069,0.0,-0.0024731495731246957,-0.0028968408686447294,-0.0015081211353687913,0.0,0.0,0.0,0.0019097749696071226,0.0,0.0,0.005345282984036728,-0.0042497638257974445,0.001565280218319729,0.0,0
-0.00523767434456752,0.0,-0.0027551362650176077,0.0,0.0,0.0,0.0,0.004309245470129055,0.0,0.0,0.0,0.006164523349467095,-0.0017789843789017907,0.0023665913193597855,0.0,0.002124626877303035,0.0,-0.0025429213909594966,0.0,-0.006769746777526069,-0.008066077677025425,0.0020213857562204605,-0.001642134201971542,-0.0017811378510714313,0.0002409217902624319,0.0,0.0,0.0,0.0,0.0015361936747699152,0.0,-0.0006900735311722472,-0.0003399453754604434,-0.0042888530221180405,-0.0075638235480054855,0.0,0
-0.11332265063663072,0.038810019044772014,0.02462130071512515,0.004149799867364748,-0.045441280606234126,0.017582689432057846,0.026144895699651394,0.003338413091063003,-0.009366119634367618,-0.005248686562694096,-0.04114535483605846,0.008626526818612834,0.00689189989233646,0.037180012485661676,0.0450902150854688,0.034282786844341356,0.041672469795976205,0.05550257988204669,-0.011547114374638696,0.08981078562597902,0.060922087004335754,-0.005053598184383564,0.0,0.04410065867290947,-0.1250678178773434,0.0,0.044469429597586735,0.0,0.0,0.03638333026658018,0.017311227682381317,0.0043702122410811655,0.029092985962813647,-0.15275208575520824,0.07444179653188629,0.0,0
-0.015540283403884624,-0.00015239717626479242,0.0,-5.695188607923731e-05,0.006525238185348435,-0.0012875517287639017,-0.0038652446865190754,0.0023135787410250817,0.0,0.001340826273757224,0.0,-0.002956458601627772,0.0,-0.003349818166060477,-0.0022217634917653575,-0.0037528919502026093,0.001083189162578818,0.00320401362905204,0.0021056444194882994,-0.005910596675637728,-0.0018308229769222124,0.0,-0.0008317827155026972,-0.00441369776171087,0.0021096026002060154,0.0,0.0,0.00025568553442793573,0.0032793277293722304,0.0,0.0019977625795940743,-0.0010096060684315219,0.0,-0.00510794813856353,0.003318846208717554,0.0,0
-0.01568272967000738,-0.001205139240178339,0.0,0.0,0.002554887845352044,0.0,0.0,0.0,-0.0012037106646186377,0.0,-0.0015320900131708635,0.0,-0.0032249191925728536,-0.001949403820854401,0.0015606326055827107,-0.0030372209739947644,0.0,0.005365480735338585,0.0,-0.0047549269953196,0.0,0.0,0.0,0.0,-0.0017041700731665178,-0.0013002704482192244,0.003303767606796318,0.0,0.0007168652086857547,0.0,0.0,-0.0026206367984110994,0.004010199376664516,-0.004050715852274945,0.0,0.0,0
-0.023300681055723665,0.0,0.0025304836463721685,0.0,0.0018430420163034543,-0.002055419484104334,0.003721543983298363,0.0,0.0,0.0,0.0,-0.002199589502575176,0.0,-0.0015885910398373755,0.0,0.0,0.0011786252160999725,0.0013178910177619057,0.0,-0.006907188590893397,-0.0018011179905484307,0.0,0.0,0.0,0.0,0.0028788882428669046,0.0016875299721280058,0.0,-0.0007540849069031246,0.0,0.0,-0.0007321157295797382,0.004125904912401362,-0.003693414469596247,-0.0010058066018393506,0.0,0
-0.02422445494409437,0.0,-0.0052670674082374086,0.0020914865679973653,0.0,0.0,-0.005969376604413932,0.0019250802950221324,0.0,0.0,0.002240509842953735,-0.0032365562971439373,0.0,0.0,0.0,0.004033925981547043,0.0009700797556579149,0.00199086838045493,0.0,-0.0115960103932169,0.0,0.0005619238510574142,0.0,0.0,0.0028822195451732482,0.0024662845145286575,0.0014596483989521144,0.0,0.0031855693822630086,0.0,0.0,0.002520610588972232,0.002410122245361859,-0.007440373277081905,0.0042414092098781025,0.0,0
-0.05404367027507308,-0.0074115250754812545,0.007299894318381719,0.002947675295524312,0.0,-0.006309625878728409,0.004488786450862573,0.004712801468417424,0.0,-0.014572502509729721,0.0,-0.017427965017380684,0.013676931094653403,-0.02222649273136959,0.02480596569431543,-0.07647340153436305,0.015396134685103459,0.01824995811739129,-0.020359690160510136,0.08131547446039382,0.026402076135451414,0.02947968950428357,0.02383877529040768,0.014909864486755426,0.03516702542421922,0.0004791097008620087,0.0,0.0,0.0,0.0122034331440681,0.03650609225090884,0.0,-0.012705600587082592,-0.025154593384470698,0.004611434329592892,0.0,0
-0.015777506599009363,-0.005626207931423183,-0.001903319710528249,0.001824912752465455,0.0029043857587109003,-0.0019437308756242208,0.008580083717506199,-0.006690108738206481,0.0,0.0,-0.0011423321351411878,0.0012620496358801774,0.00934489658778394,0.0,0.0,0.0015700875670980126,0.0,0.0,0.0,-0.003867310435348616,-0.002771663474560774,0.001558395348550726,0.0003276961744008292,-0.0066327102447361775,-0.0037574505087237245,-0.004045929301313385,0.0,0.0,-0.0016046661488178398,-0.0006086010517151544,0.0,0.002700152667146098,0.005445134761056651,0.002407791919538261,0.0,0.0,0
-0.0016630515161258459,0.0,-0.002118998641377159,-0.0014051173823335689,0.0017754346088064235,0.0,0.0029566577091894603,-0.0008571828995668,0.0,-0.0011108752659617083,0.006411759740634683,0.0,-0.002151789703632146,-0.0005023497631053179,-0.0009453816239182089,0.0,0.0,-0.004786859958128115,0.0008067640344892466,0.0,-0.005054941115448532,-0.0036139552314387205,0.0,-0.00153892619082739,-0.0035423615770370774,0.0023411817204317125,-0.0026637512568561204,-0.00093274993797251,-0.0008337908298467804,0.005083953586568552,-0.003245005352953465,-0.002396412317219997,0.0049065654756606444,-0.005216719255487563,-0.004491187632046242,0.0,0
-0.006146596109927693,-0.0027712287223659758,-0.004161983512748651,0.0032263145149352577,-0.0010960124598606803,0.0,0.0,0.0028897820505722287,-0.0033851495001982657,0.006584969479254262,-0.0027520949028203776,0.0,0.0,0.006026361122058519,-0.0015799259131311137,0.0020409990346221497,-0.004314269736135133,-0.004608119419926201,0.0,0.001177818365290715,-0.00494921398024849,-0.00202370492749206,-0.0033255065046169452,-0.002826713187610577,-0.00671975808246859,-0.004035628189935924,-0.0018503849764399196,0.00563543152809031,-0.0002057619078388423,-0.0014304745595595666,0.003703918380647605,0.00677514064538069,0.0025008173644511756,-0.004780223346272038,-0.002460582200596924,0.0,0
0.0,-0.00040145162675712026,-0.001358588935864532,0.0,0.0,0.0,-0.0022998438785081913,-0.001897941923897389,-0.0011598665908674746,0.0,0.0,0.0,0.0,0.0,-0.00033277004107638955,0.0,0.0,-0.0014595106970093901,0.0,-0.002102711490071548,-0.003433094527749177,-0.001645909709101467,-0.0004961438755795169,0.0,-0.0031208895606595613,0.0,0.0,0.0,-0.0008513693792699439,-0.002144823111130864,0.0,0.0,0.0,0.0,-0.0020841752279599814,0.0,0
-0.003024588861339761,0.0,0.0,0.0,-0.0006938062257098798,-0.0031058159377439745,0.0,-0.0024516063987598353,-0.0018428891064058033,0.0,-0.003953828956966367,-0.0008185681941887063,0.0,0.0019085242364520643,0.0,0.0,-0.0006291359125478204,-0.003332947503986815,-0.00014159277804182385,-0.0027433256877076226,-0.004652521425551564,-0.002438928680637203,0.001933347717513458,-0.0015718152913287633,0.002319088636938587,-0.0011157978481252432,0.0,-0.002009185268837619,0.0,0.0,0.0,0.004387416427204506,0.0,-0.00037093939010570407,-0.0004401741256266495,0.0,0
-0.003787665393147897,0.0,-0.0017402149574984069,0.0,0.0,0.0,0.0,0.0,0.0,-0.0002795238289104316,0.0,0.0,0.0,0.0,-0.0017761974967639763,0.0,0.0,-0.003918227609476893,-0.0010855408193793795,-0.0019500584629889666,-0.0030051122322319935,-0.0014942633254543375,-0.0011706869228387145,-0.0010358514948849912,-0.0012623504197527868,0.0,0.0,0.0,0.0,0.0,-0.00235608669156228,0.0,0.0,0.0,0.0,0.0,0
0.0,-0.002413679986766632,0.0,-0.0022336100098451312,-0.0002217095743523693,0.0,-0.0015532840297489809,0.0,0.0,0.0,3.943049218535124e-06,0.0,-0.001391244588711031,0.0003981432767396249,-0.0025051805509971963,0.0,0.0,-0.000967951617361958,-0.003140211055690769,-0.003971246923640922,-0.0030589817815525073,0.0,-0.0004207983531945452,0.0,-0.0009543382034771818,0.0028927337281278802,-0.0008167170606417093,0.0,-0.0014690388325189366,-0.0027655949195705834,0.0,-0.00018236496352688636,0.0030647044073411943,-0.0048881719148290625,0.0018353342219048392,0.0,0
-0.016541184315866476,0.0,0.0,0.0,0.0,0.0,0.0,0.0,0.0,0.0,0.0,-0.002306525275211825,0.0006690222411387431,0.0,0.0,-0.0013306168609455128,0.0009407618911883007,0.0037852265343430655,0.0,0.0,0.0,0.0,0.0,0.0,0.0,0.0,0.0,0.0,0.0010294679356563712,0.0,0.0,-0.0018501266689596332,-0.006145667815188678,-0.00618925406196099,0.0029946532564834975,0.0,0
-0.005748719397336166,0.0028389644977418714,0.0033999079108821173,0.0,0.0,0.0,0.0,0.0,-0.001197964201213218,0.0,-4.106572207095806e-05,0.00016216304660918892,0.0012784103503516496,-0.003806561912903175,0.0,0.0006646059383427975,-0.0027479674602612267,0.01452074669799832,0.0,0.0,-0.00569118469415303,-0.0041684946345359524,0.0,-0.005149796477421343,-0.006891594472800211,0.001777833589174772,-0.0019226435128236483,0.0036403184376488746,-0.003528487905239732,0.0,0.0,-0.0024918678110526053,0.002183830957029777,-0.006071814183414635,-0.00592877293213161,0.0,0
-0.0095179980686872,-0.0004484300412321443,0.003833791249545782,0.0016118961644601597,0.0024013939313180634,-0.0009319187087274484,0.0,0.00028058932022367546,0.0013330026666955898,0.0006205492275280745,-0.0029591692709142977,0.0,0.003995135535224363,-0.0021977151911483253,0.0,-0.001353854752218764,-0.0024625233258856226,-0.00305971628946961,0.0,-0.0059972960600756615,0.003192743135879731,-0.0026551032522530993,-0.0029419161913199093,0.0,0.0004239449004275871,-0.0035901131753505624,0.0,0.0,0.001922506044768949,0.0,0.0,0.0,-0.0016070165674186374,-0.004851845428119613,0.0,0.0,0
-0.014436632712006407,-0.001585934839058123,-0.0005963102864123021,-0.0011483348174458558,0.0015398582382751271,0.0,-0.002505446356027589,0.0,0.0,0.0,0.0015445669839865147,-0.000287477241898452,-0.0004438221866003539,-0.002609864845497976,-0.0009804298772673932,-0.0021192913316229523,0.0,-0.0005841365407233212,0.002503508181064653,0.003805863161575836,0.0,0.0,-0.0036710982571049396,-0.0014415719430501343,0.00047243747181257586,0.0,-0.0025576168761547546,0.0018012554665723958,0.0,0.0022169632882993074,-0.0013564792251833653,0.0,0.0019069290080376408,-0.006656897483983433,0.002231928096067686,0.0,0
-0.013806985422227986,0.0,0.0,-0.002533662422711448,0.0008910828483802242,-0.0010374605197107762,0.0,0.0,-0.0007593816454164995,0.0,0.0,-0.00038557176171234036,0.0,0.0,0.0013644388205365692,0.0,-0.0014563734024127973,-0.0093504072796688,0.0,0.0028175543701448405,0.0,-0.001384945121232788,-0.0019060686629094863,0.0,0.0,0.0,0.0,0.0,0.0,0.0,-0.000797496709217105,0.0,0.0030217970300919555,-0.003209096389420678,0.0035980110903893713,0.0,0
-0.01677697502127034,0.004542038263973685,0.0005412639606754064,0.0,-0.005474691112829212,0.0,0.0,0.0,0.0,0.0,0.0029217524125944015,0.0,0.0008009732546632581,0.0,0.0,-0.002063594716138179,0.0032903468436966143,-0.015356888914388668,0.0,0.00941826472744506,0.006023400000187699,0.0,0.00024140742720180452,0.0028267930901856655,-2.1230625913383377e-05,0.0016588854065374486,0.006450127410308011,0.0,0.0,0.002994856493561773,-0.005417641263609231,0.0,0.007451115109349794,-0.007950740303461126,0.011493516646617859,0.0,0
-0.0002354892260477073,-0.0007527480023256817,0.0,0.0,0.0,0.0,0.0,-0.0012389149092756938,0.0,0.0,0.0,0.0,0.0,0.0,-0.0016960870558949312,0.0,-0.0028087415156012093,-0.003689054410185211,-0.00137058596535688,0.0,-0.0033317817021867435,-0.0017215809435831683,0.0,-0.0009914111039495052,-0.0027943906210209906,0.0,-0.00115557719678434,0.0,0.0,0.0,0.0,0.0,0.0,-0.001971554280335034,-0.001079984360954453,0.0,0
-0.007428283211315376,0.0,0.0031373853349490567,-0.0042730972572851186,0.00014884433108725058,0.0,0.0,0.0012693061961449046,-0.004341532667490135,0.0021153651072082958,0.004906191490443023,-0.008369854834735166,0.004689773005790962,0.006521900364003653,0.0001636649963140048,0.0,-0.002920897184352192,-0.004773352356234079,0.0021923920052825427,-0.0016364918472089977,0.0,-0.0016115927981696424,0.0,-0.00228661267726792,-0.003899245517269954,0.0,0.0,0.0026294038932337853,-0.004341604250672888,-0.004108446567844136,0.005384789708422758,0.0,-0.004433339563091241,0.0020176770954880414,-0.005669776868569773,0.0,0
0.0,-0.005119637882004719,0.005906516047440089,-0.002159258028829248,0.0001522513332117701,0.0,0.0,-0.0008091026241451879,0.0015865462171092638,-0.00260902247149786,-0.0008258119123121683,-0.003245380390473734,0.0,0.0,0.0027582281352109264,0.007235013425142907,-0.003291806440212922,0.0,0.0,-0.008260993623469368,-0.0027708992304578866,0.0,-0.004181505062982667,-0.0022223880441549944,0.0,-0.004170667445342401,-0.0014165326496188221,0.00379616659071643,-0.002842853301823512,0.0,-0.0053300452653179085,0.008041979196315897,0.0011760561433181358,-0.00529527416983679,-0.0010190126191235716,0.0,0
-0.007466933091459401,0.0,0.0024905595038442934,0.006367715076854267,0.0,0.0,0.0,0.0,-0.0015739766420677357,0.0,-0.003956533955101261,0.0004489974379355242,0.0,0.0,-0.0014370686541883,0.0,-0.001770473152491221,-0.004884584500530398,-0.0074658929576749584,0.0,0.0,-0.0021797860979274296,0.0,0.004395488248950403,0.0,-0.0014472644539920336,0.0,0.0,-0.00475022546391518,-0.00210728485630241,-0.0014392418418203872,-0.0017899683375276765,0.0,0.0,0.0037285724439123577,0.0,0
-0.0035920681728865613,0.0,0.0,-0.0025613305726992744,-0.0007048828916942799,-0.0008094577645025848,0.0,0.0,0.0,-0.000647788997050805,0.0,-0.0020392626779556417,-0.0021928469286298,0.0,-0.0012240253636124577,0.0,-0.0006011438400951182,-0.002187127753140131,0.0,-0.002672426214279137,-0.0016104034447760294,0.0,-1.0525103129082685e-05,-0.00021084420791757822,-0.0006839059952527887,-0.0001799725308002681,0.0,-0.0005599309537388495,0.0,-0.00014265015567304216,-0.0011270114704231263,-0.0010128045306234922,0.0,0.0,0.0,0.0,0
-0.00910501298526824,-0.0011785090055433335,0.0,-0.002262337036954534,-0.0014459883682553694,0.0,0.0,-0.002055032860625384,0.0,-0.0016158607645404153,0.007562460524549219,0.0014037116198575479,0.0,0.0,0.0,-0.002628677625092173,0.0042661014263988,-0.0007397930108159444,0.0011440484223370626,-0.003298146477727589,-0.0037685586606730315,0.0,0.0,-0.002407336409893679,-0.0041807474100099785,0.002255005216036897,-0.0029253905837523728,0.0,0.0024340354137076794,-0.002995489187918013,0.0,0.0,0.0029119794920678347,-0.0013632068456616768,-0.003531435666082123,0.0,0
-0.006225164965211589,0.01050436649226103,0.0,0.0,-0.0019899292956580927,0.00011171001666665799,0.007055184322896063,-0.0055828966392864315,0.007123779203770532,0.004721699044244943,0.0,0.0,-0.0007649749570788298,0.0,0.0,0.0,0.0,-0.00931500400849962,-0.0014950402262764563,-0.008882492583614445,-0.007304733158420772,-0.00537967553447217,0.00292259521279526,-0.0070469129496582355,-0.0039794688869940024,-0.0010670898453013845,-0.0016548863358428758,0.0042378116541251,0.0,0.0,0.0,0.002597763142058191,0.001423365429086075,-0.002631427972165083,-0.002237091451849166,0.0,0
-0.05802532058548792,0.0,-0.003045501142543811,0.0,0.007272974771499299,0.0,0.0,0.0,0.002222306297805734,0.001995740874019034,0.0,0.0035250758752310186,-0.007362233016273353,0.0,0.003249033760534874,0.0073116443855341055,-0.005203866933091682,0.0028021417442135213,0.0,0.0,0.0013931924933148038,0.007112563696146612,0.007580373694141651,0.0,0.0,0.004419768097209517,0.0,0.0031070258909535724,0.0,0.0,0.004956041646809914,-0.018121429502637128,0.0073187384994748885,0.008046482172765306,0.0,0.0,0
-0.003532142103086062,0.0,0.0,0.0,-0.0012882779000846004,-0.0009065192055576072,0.0,0.0,-0.0011731634123325523,-0.0013292718749233624,-0.0009645564993005256,0.0,0.0,-0.002752522825069539,0.0,-0.0014550163439038832,0.0033306410048316686,0.010521478275871486,0.0,-0.004262188226207859,-0.006505228740629833,0.0,0.0,-0.004461679978432178,0.0,0.0,-0.002698736423443524,0.0,-0.0011912928657429403,0.0,0.0,0.0,0.0006102202883262718,-0.0037547441329133326,-0.003160219607426837,0.0,0
-0.0018246799147959665,-0.0005018040047189608,0.0,-0.0017699322643955782,0.0,0.0,0.0,0.0,0.0,0.0,1.0378501998983912e-05,0.0,-0.00021661832977975908,0.0,0.0,0.0,0.0,0.0032314446309897357,0.0,-0.0002618209079244209,-0.0014872368122922732,0.0,-0.0009103722921273458,-0.0043266677566899435,-0.003864703849422336,-0.0029082488939829953,-0.0009007000399102158,-0.0027914538354939255,0.0,0.0,0.0,0.0,-0.002997047142728876,0.0,-0.0034410992860262023,0.0,0
0.0,-0.0035379762784115507,0.0,0.0,0.0,0.0,0.0,0.0,0.0,0.0,0.0,0.0,0.0,0.0,0.0,0.0,0.0,0.0,0.0,0.0,-0.0034319438598657288,0.0,-0.0032562701005172724,-0.0003943669447004517,0.0,0.0,-0.0016949998936871332,-0.0036560131812835303,0.0,-0.0002575695648291443,0.0,-0.001104182868975434,0.0,-0.0027872492645517155,-0.004839990240478119,0.0,0
-0.0036672484800740193,0.0,-0.0002764890789036801,-0.0011119386748485768,0.0,0.0,0.0,-0.0016931571001457546,0.0,0.0,0.0,-0.00292760992889883,0.0,0.0,0.0,0.0,0.0,0.0,0.0,0.0,0.0,0.0,-0.0011715001716580558,-0.0033300379939638024,-0.001009102228851838,0.0,0.0,0.0,0.0,0.0,0.0,-0.002303143885567486,-0.0008510046275814163,-0.0026721645850423335,-0.003959823814489411,0.0,0
-0.00604467629451837,-0.000990417997941482,-0.0030200850477762682,0.0,0.0,-0.002407427118952846,-0.0014929825319368937,0.011104034418513825,-0.00021059397801402596,-0.0028807274664924953,0.0,-0.0011563110208358998,0.0024042815395161404,0.0,0.0,0.0,-0.001534456455718901,0.0009965213772417352,-0.001175745915498312,-0.003876810529998073,-0.005254638320406964,0.0,0.0,-0.0007419358206965346,-0.002373576172151602,0.0,0.0,0.0058479458399692775,-0.001409512606143957,0.0,0.001937798759769834,-0.003360781627287526,-0.00412471862231448,-0.002790180658417826,-0.002422934162803054,0.0,0
-0.0042301196928216205,0.0,-0.0010196555563566612,0.002666048938706452,0.0,0.0,-0.0014694908782348186,-0.002323608925465039,0.0,0.0010081474299579109,-0.0016859457827724201,-0.003950059520144345,-0.0012993757451101528,0.0017423460533898404,0.005876890830491046,0.0,0.0,0.0,-0.004106131000886884,-0.005517421512720253,-0.004704716545463377,0.0,0.0,-0.0006371199867384622,0.0,0.0,0.0,0.0,0.002009357285262127,-7.548372089182103e-05,0.0,-0.0014734684507916294,0.0,-0.0014116472152763651,-0.00424557529205229,0.0,0
-0.002682218371652537,0.0,-0.0014977204284937417,0.0,0.0,-0.0011786812552770322,0.0,0.0,0.0,0.0,-0.0019879623427723333,0.0,-0.0015392451892579657,-0.003034739314238061,0.0,-0.001801756437578626,0.0,0.0,0.0,-0.0026820722717938407,-0.0005725831294007182,0.0,0.0,-0.0028115532613153032,0.0,0.0,0.0,0.0,0.0,0.0,0.0,0.0,0.0,-0.0023981332204649547,-0.002660364065673649,0.0,0
-0.0044076463939635825,-0.00025913804828921693,0.0,0.0,0.0,0.0,-0.001059069151736292,0.0,-0.0018875364348476262,-0.005002194174015033,0.0,0.0,0.0,-0.0004213758102874498,-0.000936776074745273,0.0,-0.0009041675387748024,-0.0011576564796240503,0.0,-0.0011076766429968259,0.0,0.0,0.0,-0.00012850885371550107,0.0,0.0,-0.0017609386511034312,0.0,0.0,0.0,-0.0015695387311662166,-0.004231959950934362,0.0,-7.829850173006817e-05,0.0,0.0,0
-0.004485068188720957,-0.0033125299540556616,0.0064990836651457355,8.32103674026703e-06,-0.0013859369978984812,-0.005608723089568158,-0.00537019826728004,0.0,-0.00016854615303469778,0.0012886743594016066,0.0,-0.0013516147710156549,0.003754643489172115,-0.004696489986776586,0.0009375179083187899,0.0016436728690327588,0.0,0.014450780259230987,-0.002324935652390337,0.004910976506932113,-0.005876709517105024,-0.0028726030109122048,-0.0017775063264534804,-0.0037785715226943024,-0.0019287840015239305,-0.0060502982668523475,0.002007730600744704,0.0031384276096961825,0.0,-0.0047997875591284265,0.0018397111556091657,-0.0009090866655096706,-0.0029095834830031434,-0.0017077368004949646,-0.004129400877539626,0.0,0
0.0,0.0,-0.0009765952057379558,-0.0010691331681886543,-0.000385644545780183,-0.0006180931650428272,0.0,-0.00025024561517273075,-0.0014023134878675377,-0.0008062746886930372,-0.0018565697465753963,-0.00039914578668201684,0.0,0.0,0.0,0.0,-0.0024424441940543067,-0.006007541422114346,0.0,0.0,0.0,-0.001857674295086545,-0.0010266402008569367,0.0,-0.002667253510230127,0.0,0.0,0.0,0.0,-0.0004316093999222027,-0.001279593344515352,-0.0005716552283773772,0.0,0.0,-0.0009056552009044927,0.0,0
-0.0023242903634881364,0.0,-0.0030819543361658573,0.0,0.002790981408939455,0.0009399208891944766,0.004840865387181575,0.0,0.006537112835772466,-0.0009851230443247067,-0.0015500412368275858,-0.0019565158864990437,0.002037868167769502,-0.0014022210910204628,0.0,-0.003373204846409143,0.0050938679552944765,0.0,-0.0031136340755846177,0.0071376783125592395,-0.005999124477818182,-0.0002656637450534724,0.0006619347952841234,-0.008098030853523822,0.00024119664878971024,-0.005659051554605116,-0.0036646833497527456,-0.004752790957851578,0.0029785366123724457,-0.0050778997755779424,-0.005794912400772009,-0.0029028776423289486,0.0,0.00665634520997894,-0.004830785588090251,0.0,0
0.0,0.0020765012502758284,0.0,0.00426271857310322,0.0,-0.0011213103720864514,0.0,0.0,0.0,0.0,-0.0012500873290908214,0.0,-0.0005481342442150911,-0.0013173369436664413,0.0,-0.0015261505549297343,-0.002477900212994322,0.0,-0.0008407914591041266,-0.0034316844428236,-0.005166156494709822,-0.002150619338141858,0.0,-0.005386651045774479,-0.0035155921172820917,-0.0031989141273607454,0.0,0.002532725456068428,0.0,-0.0023134057512957406,-0.001343852490231395,-0.0024310663481659075,0.005086659506411478,-0.0007199852033439591,0.0,0.0,0
0.002546669771398466,-0.005476133002727129,0.0,-0.0008812059207980156,0.00483149473947752,0.0,0.0025813690279213827,0.0,-0.0029568242196039386,0.0,-0.0006784006492968301,0.0027496863842022294,0.0022603433723321006,0.0,0.0,-0.0009566891132579722,-0.001168751800449227,0.003362023188270734,0.0,-0.0058599762116484065,-0.005495836226068588,-0.004228626621709666,-0.001689153406933563,-0.00558760196631433,-0.0030025093149674783,-0.0009368770196310213,0.0,0.0013334507987062538,-0.004551582816532926,0.0,0.005095816500692303,-0.003102179835942867,0.004858648044667566,-0.0015414446655624527,-0.006286742725581777,0.0,0
0.0,-0.0034560813625559603,0.0031722828185930603,0.0,0.0,0.0034436056193078986,0.0,0.004249738291369976,0.0,0.0,0.0,0.0,0.0,0.0,0.0,-0.0030288761004410845,0.0016610086987275472,-0.0011215091372856621,-0.0016203025343735514,-0.002436714454976228,-0.007384160794593396,0.0,-0.0002972069180706752,-0.007140109516446565,-0.003031021760716252,0.0,-0.0003958205694017278,0.0012693331401213875,0.004557168802753981,0.0,-0.004955326813254644,0.0,0.001148482817008578,-0.0056904943578794595,0.0,0.0,0
-0.035941845285187665,0.0018138492615636698,0.0,0.0,-0.007646727187360315,-0.0156047713303222,0.0,0.0,0.0020232185358986087,0.0,0.0,0.0047182064782531966,0.006919845933981242,0.0,0.0064200851620008085,0.0,0.0,0.013109406467428721,0.0084663436228014,0.013216836609958697,0.02053452477250045,0.0,0.007228703061885558,0.0,0.013324326274558138,0.003195840174484668,0.004994600182846079,0.0,0.0,-0.05111047045549151,0.0,0.0,-0.000696430796477363,0.0,0.00313961495420304,0.0,0
0.015945860139087775,-0.00502739422991314,0.008593795369933526,0.0018221352132279645,-0.0015132633208207193,0.004586907706947542,0.0014941923306577918,-0.014268993657416818,0.0007954825614294925,0.00646358167758454,-0.0021661040924562795,0.00043426066609200605,-0.001878187207396394,-0.001170707254651267,-0.0014930099785608112,0.0,-0.001808902089989875,-0.008719560428224214,0.0,-0.002927129765365479,-0.011611997422096195,0.0,0.0073723353915505435,-0.0017652606316016564,-0.002480354286081667,-0.0019229474623154714,0.0,0.0009594824423753219,0.0015485287198479698,-0.002529081662700747,0.0,0.005862852191029877,0.0,-0.005116881134024556,-0.0063188197257080855,0.0,0
-0.007870753043945786,0.0,0.0,0.0,0.0,0.0,-0.0010899591383569187,0.0,-0.0008455380258745761,0.0,-0.0012607952172007872,0.0,0.0,0.0,0.0,0.0,0.0,0.0,0.0,-0.004083462878037828,-0.002743865813778508,0.0,0.0,0.0,-0.0012127906665061244,0.0,0.0,0.0,0.0,0.0,0.0,0.0,0.0,0.0,-0.005702928425531967,0.0,0
0.0020280728359917104,-0.002060488317691859,-0.002556442234436485,0.0021072095767685917,0.0,-0.0011279623446597666,0.0,0.0033989079562761976,-0.002704484519983056,0.0,-0.00291499076769139,-0.0008645655899213814,0.0,-0.0017826955235891078,0.0,-0.0009113291434794589,-0.002424124493610598,-0.0036137571664983325,0.0,-0.005226558922222283,-0.0038988752554494502,-0.0014968305112528762,-0.0029985562356246147,0.001821724959787602,0.0,-0.00226462924200791,0.0,0.0,0.0,-0.0013092285058240911,0.0,0.0,0.005453977741867773,-0.0029602000686038753,0.0015242005616949161,0.0,0
-0.013200446744693615,0.0,0.0,0.0,0.0,-0.0010031775361504347,0.0,0.0,0.0,0.0,-0.0009177899853140835,0.0,-0.00077715019452646,-0.0014212509217113665,-0.0008462210192257421,0.0,-0.0006480708373934968,-0.004890086838573326,-0.0008862569590408346,0.002522722370174631,-0.00010026618837822055,0.0033440688936895455,0.0,0.0,-0.0005182148465617711,0.0,-0.0028597414986998356,0.0,0.0,0.0,-0.0005736620532963749,-0.002459427061974715,0.002125162640328644,-0.004234517496045656,0.0023865558159168777,0.0,0
-0.011700833969980865,0.0,0.0,0.0,0.0,0.0,0.0,0.0,0.0,0.0,0.0,-0.0004527829552659535,0.0,0.0,0.0,0.0,0.0,0.0,0.0,0.0,0.0,0.0,0.0,0.0,0.0,-0.0006215116422647451,0.0,0.0,0.0,0.0,0.0,0.0,-0.005145300786188325,-0.00697337555959723,0.0,0.0,0
-0.00724613626645263,0.0,0.0,0.0019506598528470289,0.0030441205448402775,0.0,0.0,0.0013008062458271512,0.0,0.0,0.0,0.0,0.0,0.0035037180911818484,0.0,0.0,0.0,0.003142017419823624,0.0,0.0,0.0031632448655037264,-0.0016377912246485105,0.0,0.0,0.0,0.0023451998089020023,0.0,0.001406205877918414,0.0,0.0,0.0,0.0,-0.005340638015288586,-0.016153930149781042,0.003729740345595027,0.0,0
-0.009337075250186169,0.00027965002491782263,-0.0010862853189850807,0.0,0.002295326731910817,0.0,-0.00500132378902947,-0.004555851476800939,0.0,0.002066200834483732,0.00022564847669543663,-0.0014960298607717712,0.0,-0.0037835393125559853,0.0,0.0,0.004175981935197195,-0.0015189067014558758,-0.00017549116192093505,-0.0035950312547737085,-0.0018125622908063104,0.0,-0.0005246274617219636,-0.001520153459218084,0.005450466775666953,-0.0019262669699323543,0.0,-0.0022916032335993436,0.002386727047450233,-0.001478263622295971,0.0,0.0,0.0,-0.004850201626214556,0.0030974372722177325,0.0,0
0.0,0.0,-0.0010880384914306901,0.005662502076314678,-0.0017317209184104102,0.0,0.0,0.001975965419524361,0.0,-0.0029960861372182552,0.001656931930765799,0.0,0.0,-0.0026712429637982234,0.0,-0.002684679340397469,-0.0010797442050383534,-0.002894337096673734,-0.0001808380644132793,-0.004607044346582804,0.0,-0.002555118886302879,0.0,-0.0018142470289908557,-0.0004659489993705725,0.0,-0.0019897410532885335,0.0,0.0,0.0,-0.00423823560642037,-0.003490465786509475,-4.929812970939519e-05,-0.0020302526325565945,0.0022949531893974445,0.0,0
-0.002253642462537363,0.0001361247605018329,-0.0009123104319348223,-0.0011647097366665209,0.0,0.0,0.0,0.0,0.0,7.251314695498708e-05,-0.0016106240175696694,-0.0024281671536542705,0.0,0.005471818684474757,-0.003756537661310456,-9.417123236984342e-05,0.0,-0.005307181081611299,-0.000622188062225749,0.0,-0.0009541426934420266,0.0,-0.0014104084277974966,-0.0023351859759459586,-0.001483890162269595,0.0,-0.000699397941647121,0.0,0.0,-0.00017020951213955567,-0.002223165602061458,0.0,-0.0031378052300558893,-0.0035943794746272615,0.0035009731968251682,0.0,0
-0.0019433250688945408,0.0,0.0,0.0,0.0,0.005000243348377088,0.0,0.0,0.0018897995780597116,0.0,0.0,0.0,0.0,-0.0023113346856593647,-0.004423435566174133,0.0,-0.0013880141138351632,-0.004957651522682833,-0.0019593044482102513,-0.0029134186208782426,-0.004475670386874941,0.005241526441346554,-0.0007416357321199215,0.0,-0.0032480710652134743,-0.0006120129252744979,0.0,0.0,0.0,-0.0028613905881674875,0.0,0.0,0.0,-0.0015535336169792402,-0.0035465524883405986,0.0,0
-0.002958408338574233,-0.002888312917585088,0.0006688126970783424,-0.001033684236410708,-0.0016720414128197653,-0.0006300852709679827,0.0019658418021154637,0.007822952783742022,-0.0009501647937527141,0.0,-0.0028950880990608633,-0.0052329100356264206,0.0037486107636138534,-0.000823463421528455,-0.003663846306740711,-0.002386741414555345,-0.0004924905618694477,-0.006066731359494865,0.01228293310854769,-0.003119577997457713,-0.007157070792107125,0.0,0.0,0.0049542210523528295,-0.0012976397083322457,0.005677377586175269,0.0031154900002018852,0.0,0.0005116062416081124,-0.0033626437577101206,-0.002330275509446725,0.0,-0.003293479870938007,-0.0073164217886604755,-0.005980549903317794,0.0,0
-0.003977981287264532,-0.00029134336902607267,0.0,0.0,0.0,-0.004030572266377274,0.0005976393785080728,0.0,0.0,0.0,-0.004954625204238623,0.0,-0.0025851815438715556,-0.0033546012344187756,0.007066057976425853,-0.0042420231829536645,-0.0043859362404238085,-0.006167389762689727,0.0,-0.003025626511550769,-0.003345607018579767,0.00991668314302365,-0.00110552192378874,0.00776833270010857,-0.0014702191321707937,-0.001297625930138995,0.0,0.0,-0.005699227162256209,0.005089714433078662,0.0,0.0,5.564661467772499e-05,-0.0026148102139778332,-0.0027495637236167325,0.0,0
-0.007550407173185229,-0.0028988406317098105,0.0018339239779240357,-0.0021086644156530234,-0.0011395363540888889,0.0040934706486251,-0.00044075566207026523,-0.001239470834528879,0.0,0.00251060535581894,-0.000977740870163081,0.0,0.002783311289841234,-0.005412014971665258,-0.00187305538038921,-0.0025297883996589126,0.0,-0.00122556153553607,-0.0011772000730946894,0.0,-0.0075049495414461626,-0.0024400580057834936,-0.007385925934120311,0.0,0.0030442615390074844,-0.0003426338008959246,-0.0001705593315502499,0.0036116794478178458,0.004996357243784174,-0.005017710922408216,0.0026948979259310726,0.0034324898361118472,-0.0016690474364813902,-0.00014093650796020488,-0.0005599209439937948,0.0,0
-0.0039092647770893356,0.0,0.0,0.0,0.002978942232777493,0.0,-0.0032025240065310582,0.0,0.0,0.0,-0.0015611729341103305,0.004996846004259039,0.0,-0.0031708750223051517,-0.0019354375176916941,0.0,-0.002763423351719504,-0.003956403979589006,0.006581597367701484,-0.002145205352626955,-0.007459414238734804,0.0,0.0045578299836102785,0.0,-0.004400091071592329,-0.0006880251781426824,0.0,0.0,-0.0016222299597219412,-0.003260964588241934,0.003979279483211762,-0.00024459300081264876,0.0,-0.004794913714311019,-0.0027837378398610085,0.0,0
0.0,-0.002516691711807044,0.0,0.0,0.0,0.004889600997736741,-0.001886501195337274,0.002892445880729321,0.0,0.0,0.0,0.0,-0.002307295223079173,0.0,0.004729194999503463,0.0,-0.0004405149492927848,-0.007162595484482445,-0.0010704365575609004,-0.005089117495876575,-0.003045491277064616,-0.004611902606374816,-0.002305807945305461,-0.0046980257907533775,-0.004779159155703655,0.0004659989596389737,-0.0014997376248692296,0.0,0.005392095472040018,0.00026485402943669665,0.0,0.005296710503267309,0.0,-0.003147061395610237,-0.004174343890756275,0.0,0
-0.0032105799647015616,-0.001719298066592106,-0.002160180127031751,0.0020431348051787863,0.0,0.006275177771988026,0.0025491598978868214,0.005301109362248059,-0.001947554283939787,0.0,-0.0027149390018622647,0.0,0.0,0.0,0.0,0.0,0.0,-0.006180555354003997,0.0,0.003723237861535081,-0.004081136440620155,-0.0011321361132749634,0.0,-0.001448608807326924,0.0,-0.0034635252464384567,0.0,0.0,-0.0037145512962605395,0.0,0.0,-0.0031168520687269593,-0.002207402196691759,-0.001178942067840608,-0.006419340125046285,0.0,0
0.003159691333465256,0.0,0.0022145039657978827,0.0,0.0,0.0012985319685473887,2.7691418213990067e-05,-0.0006042462427916851,-0.0018525562230660494,-0.0037461854449996825,0.0,0.0009215331863585574,0.001943310460798967,-0.004244918484878267,0.0,-0.0025826145809700334,0.0,-0.004755241966849187,-0.0032934331841865273,-0.004922161314223697,-0.0053748611210049455,-0.002815200401696721,-0.0039043341835148203,0.004879515161465416,-0.0056556847763464015,0.0033517760733396077,0.0,0.0032662070480171247,0.0030727667118057847,0.0,0.0,0.0022984851960176226,0.0,-0.002941430987712015,-0.004544925073108913,0.0,0
0.004860575399022651,-0.002816932082657543,-0.00223847837190025,0.0,0.0010916434634874051,0.0,0.004802321373947013,0.007663341171549193,0.0019670289647928923,0.002012977531875101,0.002064726658762291,0.0,-0.005509788464054314,0.0,-0.003488647709529686,-0.0046124574567391816,-0.003953655112668325,-0.009143330340772395,0.0005340722943432143,-0.004015913219311377,-0.003346437313207581,0.0,0.0,-0.0014210076950747451,0.0025127299945443327,0.005515162822140292,0.0,0.0,-0.0030052657939176847,0.0,0.00023967274290081846,-0.0064760604419962856,0.0,-0.004797686808356538,-0.0032423730687006456,0.0,0
0.007750584444677447,0.0055696016189469835,-0.009436864232374567,0.0,-0.0024210311137977817,0.001216633997891491,0.0,0.0,0.0013556849499683035,0.0,0.005481073100181202,0.0012305575073073094,0.0,0.0,0.0,-0.000546721511339889,0.0,0.006712394222779655,-0.011426561980277713,-0.006760371037066204,0.006283525014589472,0.0,0.011107926699188283,0.0,-0.0017153508264789324,0.0,0.0,0.002849996335773415,0.0021873535281784567,0.015479570086470143,0.0,0.0,-0.056936625602329836,0.008862484776695653,0.0,0.0,0
-0.004034260163188884,0.0,-0.0011373290195882018,0.0,0.0,0.0,0.0,0.0,0.0,-0.0008412557330332325,0.0,-0.0026625403990651873,0.0,0.0,0.0,0.0,-0.002500697843174255,-0.002507652780614657,0.0,-0.003235892997084223,-0.005001470314723007,0.0,0.0,0.00013247515468707438,0.0,0.0,0.0,0.0,0.0,0.0,0.005073606940906794,-0.0017597756919814289,0.0,-0.00407872392471589,-0.0024165109127076458,0.0,0
-0.04020315370003792,-0.002626938325031936,0.0,0.0,0.0,-0.002307059745858902,0.0,-0.006145575624762486,0.0,0.011393947506660012,0.0,0.0,0.010356882988030273,0.0,0.0,0.0,0.0,0.00660610005287102,-0.0035288620348873797,0.0034465123906864854,0.0014454393662963352,0.0,0.0,-0.002307504576360417,0.0,-0.004437727354271267,-0.004737998560741715,0.00519489044064247,0.007991639883793223,0.0,0.0,-0.0029305879531908692,0.0009351970089802195,-0.0037773626967586215,0.0014788825775548312,0.0,0
0.04652729002957361,0.0,0.0,0.04219093094971405,-0.034900594848167335,0.0,0.0,0.0,0.006248931178896038,0.023497519850192893,-0.11845034807279804,0.0,0.05594168234583933,-0.034818978935985526,0.0,0.04662553464420478,0.019047432513186174,0.020173436541011138,0.07611524576083192,0.10201407542046781,0.037911406430005505,0.024650139004480074,-0.023654059498644357,0.02319440383081111,0.0,0.0,0.0,-0.040077084770725406,0.0,0.038325530406372835,0.048376167101258104,-0.06445132744970158,-0.19019272216219482,0.04580042711815571,0.0,0.0,0
-0.003090801877098645,-0.00221572654667867,0.0,0.0,0.0,0.0,0.0,-0.0012396226144103142,0.0,0.0,0.0,-0.0012605342736357367,-0.00032096530727621683,-0.0032232155175149174,0.0,-0.0008997414243597865,0.0,-0.0032432901678088005,-0.0007538137740375733,0.0,0.0,0.0,0.0,-0.0017397241006082292,-0.003124872327672936,-0.0006130924358291076,-0.0003673866586967822,0.0,0.0,0.0,-0.0006309528898146514,0.0,0.0,-0.0018645037124497353,-0.000384714729353617,0.0,0
-0.005833046512821899,0.0,-0.0005692159799932134,0.0006294348309275442,0.0,-0.0018406498790359573,-0.001753523482248726,-0.0019641940006256417,0.0,0.0,0.0,0.0,0.0,0.0,0.006622518818475118,-0.0008328878634082784,0.0,0.0,0.0,-0.006509776285818903,-0.007485947570214237,-0.0024148773799718103,-0.0016849526925849035,0.0,-0.005558201926346974,0.0,0.007335947659923535,0.0,0.0044173435719255735,0.0,0.0,0.0,0.0008194947084366908,-0.0019782799170849474,-0.006341559797962467,0.0,0
0.0,-0.0005579168856757065,-0.000809173355878893,0.0,0.0012616092882081864,0.0,-0.0003051281115456572,-0.001872043395615947,-0.002505848975280645,-0.0020109076700422644,-0.0018021475939492871,0.0,0.0,-0.0024164595061934085,0.0,0.0,-0.001673289568433835,-0.0036637051753990496,0.0,0.006003770392585521,-0.0012703907872827003,0.0,-0.0007186195126056661,-0.007582192239236818,-0.005496637655027345,-0.0015009181062197554,0.0,0.0,-0.002123757115035218,0.0027960994463557746,-0.0004641696258102415,0.007035145476039182,0.0,-0.0029897950725117986,-0.002275897949873925,0.0,0
-0.005076710250952723,0.0009645381195365798,0.0,-0.00105612911592279,-0.00010807867984534893,-0.00013945297283976706,-0.0019787148396038633,0.0,0.0033170207930560127,0.0,0.0,0.0009623934466199763,0.0008173434026258165,-0.004333326830842089,0.0,-0.0029404320598774856,-0.0037331774460344007,0.004063172237494238,0.0,-0.0059148853308268025,-0.002690745729564777,0.0,-0.001820501875175909,0.0,-0.002894748957237107,0.0,-0.00042488779444633374,0.0,-0.0019589426229869233,-0.0022242580823871303,-0.002851127993309932,0.0028340213052972358,0.006257090424364665,-0.003984264331552551,0.0004412909786666343,0.0,0
-0.0035499049942933577,0.0,0.0,0.0,0.0,0.0,-0.00138301938632791,0.0,0.0,0.003175573036590874,0.0,0.0,0.0,0.0,-0.0018500215555174186,0.0,0.0,-0.0033097430980332404,0.0,-0.0001564183419275189,-0.006430321285826339,0.0,0.0,0.0,-0.002542445425002743,0.0,-0.0007350400617917347,-0.0021058376636365326,0.0,0.0,-0.0007356721913045448,0.0,0.0,-0.0048506632386743145,0.0,0.0,0
0.0010452389592862442,0.0015017542822835749,0.0,0.0,0.0,0.0,0.002033216834580929,0.00031795855465459956,0.0006228488731945307,-0.00018139718416056573,0.0011188785426995238,0.0,0.0,0.0011661287249159706,-0.0017349503310147062,0.001492667143750348,-0.0010353362454209097,0.004467362293631843,0.0010750715147702782,0.0,-0.001530992231294148,0.0,0.0,0.0,0.0,0.0,-0.004376904975944521,0.0004535602512842953,0.0,0.0,-0.0018543402235673147,-0.0008078249040993674,0.0023988614635496964,-0.008320778888863765,-0.01909890255261511,0.0,0
0.0,0.0,0.0,0.0,0.0,0.0,0.0,0.0,0.0,0.0,0.0,0.0,0.0,0.0,0.0,0.0,0.004717402536613854,-0.006927424798262856,0.0,0.0,0.0,0.0,0.0,0.0,0.0,0.0,0.0,0.0,0.0,0.0,0.0,0.0,-0.01960760815218915,-0.00422686349324236,0.002826251424829663,0.0,0
0.0,0.0034559604248149472,0.012060731886913827,0.0,0.0,-0.000334922648566755,-0.00354560760522772,0.0,0.0,0.0,0.0,0.0,0.0,0.0,0.0,0.0,0.004774903488393486,-0.012925267899922833,0.0,0.0,0.0,0.0,-0.001139055718808907,-0.0020918559006401836,0.003207494845282702,0.0,0.0,0.004883494172721658,0.0,-0.0038314309172732333,0.0,0.0,-0.024561743639033417,-0.008583209325828097,0.005412266354923683,0.0,0
-0.010337962029686693,0.003048894493038256,0.0011415478469082774,0.0,0.0030645693462955648,-0.0006877885609417516,-0.0005981825613779942,0.0,0.0,0.0,-0.0008009372588951466,-0.00039236578794452494,-0.001784827813828134,-0.0012721713846328836,-0.0012445951421745094,-0.0019918122861006925,0.0,-0.004265380753245197,0.0,-0.0036194047850629453,0.0,-0.0030864106207893396,0.0,0.0,0.0,0.0007255025804648313,0.0024851962450288053,0.0,0.0,0.0,0.0,-0.0011955793202252667,0.0,-0.0036352352556527114,0.0,0.0,0
0.013370673903182723,0.0,0.0,0.0,-0.0034249894250765883,0.0,0.0,0.0,0.0,0.0,-0.0023961395517039324,-0.001541028349580553,0.0,0.004163452516627647,0.0,0.0,0.0018900191070141353,0.0,0.0,-0.009867089595168497,-0.008812143790615236,0.0,0.0,0.0,0.0,0.0,-0.0032841301023702374,0.0,0.0016861943293290378,0.0,0.00031400642274321085,0.0,0.0,0.005193538011381036,-0.020109835036753475,0.0,0
0.022894030456216317,-0.011257243629663315,0.0,0.0019476595664835628,0.0,0.0,0.0,0.002751771292672675,0.0,0.0,0.0,0.0,0.0,0.0,0.0,0.0016464797362958524,0.0009969975793794206,0.0030185008548503658,0.00808588305973827,-0.012735813084080453,-0.012413383948214002,0.0,0.0,0.003615220690321635,-0.006810217279835751,-0.007036556656208141,0.0,0.0,0.002701225362575611,0.004545595713986127,-0.0013181589935834749,0.0,0.0,0.01173212849904252,-0.033404947916397934,0.0,0
0.017478841387600648,0.007100088864500295,0.0,0.0,0.0,0.002245158836179124,0.0,0.005162675680044799,0.0,0.0,0.006638343957518169,0.0,0.004294243787396189,0.0,0.0036272485329189048,0.0,-0.009306567199196645,-0.001367995997932186,0.0,-0.019350031016954206,0.0,0.0,0.005258571417702767,0.0,0.0,0.0,0.0,0.0,0.0,0.0,0.0,-0.005337214982615307,0.0,0.010653226181224799,-0.04812834194065714,0.0,0
0.01626880781487187,0.0,0.0,0.002940906996374088,-0.004975215178869966,0.002745193467411542,0.00519355450524799,-0.0014890562285864765,0.0024216782810274656,0.0,0.001398796099751101,0.0,-0.0029642320996673397,0.0036096689794153083,0.0,0.0,0.0035867331757143232,0.0015184334187526675,0.0,-0.012379325624138342,-0.013213295967295749,-0.006651844041241809,0.0,0.0,-0.002730870320077367,0.0,0.0,0.0035467432726455127,0.0,0.0,-0.0037886499158099746,0.0,0.0,0.009807980338824218,-0.02766347853533979,0.0,0
0.023282250904039518,0.0,0.0,-0.002128367962013995,0.0,0.0,0.0,0.0,0.0,0.0,0.0,-0.0063257530128718285,0.0,-0.00483318565974881,0.0,0.005018241894653189,-0.005215048197397259,0.007544365828975155,0.0,-0.006011014492918192,-0.009366994233531333,0.0,0.0,0.0,0.0,-0.002325634130059233,-0.007668366097040287,0.0,0.0,0.006612257472079268,0.0,-0.0022008553563593173,0.0,0.007061013920542604,-0.024483739574770187,0.0,0
0.012837786333216078,-0.0017961762754574193,0.0,0.0,-0.004684906113750093,0.0,-0.002598204296973676,0.0,-0.0014384620974589538,0.0,0.0,0.0,-0.002876906375157623,0.0034059177463584976,0.0,0.0020521036929059253,0.0,0.005450539968711833,0.0022679219916773665,-0.014370910369640276,-0.01088472841883577,0.0,0.0,0.0,0.004516008631734228,0.0034737842101866022,0.0,0.0,-0.0012576257377187796,0.00227154538180677,0.0,1.363587559213896e-05,0.0,0.0061496635027650124,-0.025995752032620677,0.0,0
0.022217440782333706,0.0,-0.010321481830063326,0.0,0.0,-0.003541678021608886,0.005119555049013906,0.0,0.004025493418170032,-0.0028804430329135437,0.0,0.0016315569905442345,0.0,0.0002069663918801644,-0.0025953946075178438,0.0,0.000283273154052163,0.0,0.00306300871472309,-0.01784246859822735,-0.013093450129603506,0.0,0.0040065249283294255,0.0,-4.749452146807491e-05,0.0,-0.005394828540361128,0.0017633740818046892,0.0,0.001563379911404278,0.0,0.005399404692213521,0.0027690080693257265,0.009126809995900487,-0.02649938559435247,0.0,0
0.020596528581833206,0.0,0.0,0.0,0.0,0.0,0.0,0.0,0.0,0.0,0.00480269292392526,0.0,0.0,0.0,0.0,0.0,0.0,0.009610444831669228,0.0,-0.014130407600355964,-0.01729112789496087,0.0,-0.0020257495704296123,0.0,0.0,0.0,0.0,0.0,0.0,0.0,-0.0027946429969400196,0.0,0.0,0.015495743893370087,-0.035295234660381106,0.0,0
0.027454693587237396,0.0,-0.0049478630154776845,0.0,-0.007189012937135022,0.0,0.0,-0.01288485581973068,0.0,0.0,0.0,0.0,0.0,0.0,0.0,0.0,0.0055247266911616095,0.020122649294539257,0.0,-0.02029538002704227,-0.013429286578188909,0.0,0.012067569418068002,0.0029220128241984663,0.0,0.0,-0.010709094884933735,0.00200722480837735,0.0,0.0,0.0015241478891262336,0.006451832474526016,-0.0007627444026428286,0.012386423782708137,-0.041274795597061126,0.0,0
0.013129690784276105,0.0018081725959135128,-0.0032980173371552177,0.0,-0.005760324177846121,0.0015065531351659848,0.004255488096458634,0.0,0.004579897012292059,0.0,-0.003094403816448348,0.004506693255047678,-0.002805083229874583,-0.0026788160138433224,-0.005837148336453052,0.0042705733984421835,0.010318297582849412,0.005632856515510025,0.0,-0.010950223222006865,-0.012954725345078867,-0.004238841302111422,0.0019028574373288973,-0.005403368218990322,-0.001854022736178171,0.0,0.0,0.016395181362212186,0.005224464183742248,0.006886827307281897,-0.009327242671449246,-0.01162277820384041,0.0017078577417138105,0.01020314087340029,-0.03532102823134971,0.0,0
0.01425661693239408,-0.001761824787626039,-0.0025961669725989515,-0.002983806188417973,0.0,0.0,-0.001780432025014119,-0.0006965075929244772,0.0,0.0,0.0,-0.006847868910600214,0.0,-0.0008749219835170866,0.0,-0.003928889850072744,-0.001426663053015221,-0.005719843664791617,0.0,-0.01007706488851403,0.0,-0.0022014489917639864,0.0,0.006927346151688483,0.0,-0.00571141571127348,0.0011345798667720469,0.0009541582568770622,-0.0025962590893328927,0.004454808181536169,0.0010092792805759785,0.0,0.0014283395002382675,-0.004917236361304304,0.0,0.0,0
0.012643772071920963,-0.004071156814924259,0.003865164269209246,0.0,0.0,0.0017635506062150489,0.0,-0.005484987848426607,0.0,0.0,0.0,0.0018634001584939726,0.0020650826152582877,-0.0008933669887240271,0.0,-0.005087082951156815,-0.002312119311015639,-0.004296751434025992,0.0,-0.011005205690380007,-0.004258763957418882,-0.007955806015942082,0.0,-0.0002801874380976088,0.0,0.0,-0.004124493628395133,0.0018301318109007403,-0.0026294776996629516,0.00404154717426126,0.0,0.0,0.0009206810587168789,0.0,-0.0005491518874914461,0.0,0
-0.008636174909052764,0.0,-0.00017932981846323438,0.012813147247195627,0.005907721162484445,0.0038555241801563446,-0.010183477228239982,0.0,0.0,0.007722482020331008,-0.0003165547673982846,0.0015921705099266098,0.0,0.0035597695309924717,0.0015687828988318446,0.0,0.0,0.0021394543013811785,-0.01383924288231762,0.0,0.0,0.0,0.0,0.001005864556857187,0.0,0.0,0.0,0.0021331313887169097,0.0,0.0,0.009744709255791038,0.0,0.0038767591840920307,0.007707999059590276,-0.05257721346426422,0.0,0
-0.0065817628763016915,0.0,0.0038911570917757464,-0.0028483103760067892,0.0,0.0033004516540390467,0.006391697211404616,0.00038017789655182317,-0.002772743576051641,0.0,0.00042975330006841955,0.0048471610660549575,0.0035764335752597647,-0.0013484929154872058,0.0,-0.004174874675786271,-0.0019718540657509068,0.0,0.0038720548243351798,-0.0025343038135962645,0.00743324462160995,0.0,0.0,0.0012291146262166965,0.0,0.0,-0.005880200453977541,0.0,-0.0006779882073044695,0.004197073132984159,0.00038480181132628593,0.0,0.0026103946192785493,0.0011684925422486049,-0.03702595478628015,0.0,0
-0.012906356994072936,0.0,0.0,0.0,0.0,0.0,0.0,0.0,0.0,0.0,0.0,0.0,0.0,0.0,0.0,0.0,0.0,0.0,0.0,0.0,0.0,0.0,0.0,0.0,0.0,0.0,0.0,0.0,0.0,0.0,0.0,0.0,0.0,0.0,-0.011998801796422601,0.0,0
0.0,0.0,0.008956505753194236,0.0,0.0023338563371185297,0.0,0.0018775947798620777,0.002631715180189544,0.0,-0.000929543008615337,0.0007314336390931534,0.0,0.0016303664888166986,-0.001450906723627612,-0.0011777459576349113,0.0,0.0,0.0,0.0,-0.007132786681903636,-0.0073956772474136675,0.0,0.0014810976037088223,0.0,-0.0024999644265206815,0.0,0.0,0.0,-0.0005222210203502479,0.0009854567503404636,0.0,0.0,-0.009142558409674031,-0.003398568352991007,-0.011533803732249315,0.0,0
0.015691724175494748,0.005995700338848167,0.0,0.0,0.0,0.0,0.008464126815552652,-0.0018596580549058797,-0.003658526649865647,-0.0034483831697793618,0.0,0.0,0.0,0.0023135185475661496,0.0,0.0035458568463568635,0.0,0.009321675437260257,-0.003808037797156438,-0.005701609968902025,-0.006525434072827945,0.0,0.0,-0.005874641767033822,-0.0038714644245693305,0.0011618498883857328,-0.0048419004278524936,0.0,-0.0027219661833159806,-0.004393823961910421,0.0,-0.000454784837384491,-0.008251964943267937,-0.0005421525852394397,-0.01550517444465419,0.0,0
0.004092836712463141,0.0,-0.0008814511946298826,0.0,0.0028165294922142528,-0.00444762505288187,-0.004103959878896097,-0.0015077545288493478,0.0,0.0,0.005057735393323447,-0.0019962831547613207,-0.0012743369319505845,0.0,0.0013951368524526835,-0.004271269232427133,0.0,-0.0017876634793665008,0.0016772745954276515,-0.0008680225205194005,-0.004941960615604808,-0.0007438677469058934,0.00045235144582861093,-0.005365013403310412,-0.005360913595158644,-0.0009574005668319399,0.0009820447258801486,0.007002242146947116,-0.0015006289526250016,-0.0024405587185413764,6.551583317876032e-05,0.0022357435398458556,0.003894283414791132,-0.005845872782725269,-0.006328078338893529,0.0,0
-0.0048246037582949175,0.0,0.0,0.0,-0.0003595578122314813,0.0,-0.0013373891242967207,0.0,0.0,0.0,-0.0009631799146524263,-0.001107715109075568,0.0,0.0,-0.0005859953755749658,0.0,-0.0009618969753955395,-0.00570617769480723,-0.000844322093696956,0.0,-0.0024273900041856845,0.0,0.0,-0.0005046138079483685,-0.0005605372769004018,-0.0002821678392668476,-0.0013147789911006444,0.0,0.0,0.0,0.0,0.0,0.0,-0.003196047483676325,0.0,0.0,0
0.0,0.0,0.0,0.0,0.0,0.0,0.0,0.0,-0.0008220545826914038,0.0,0.0,0.0,-0.001694700038213165,0.0,-0.003186469831848465,0.0,-0.005846913966561555,-0.004364650541463108,0.0041468920081390356,-0.0031086971001251964,-0.005917057304295766,-0.003341353887977784,0.0,-0.0007284292708790431,-0.0032575704814298816,0.0,0.0,0.0015723757180313238,0.004853019565502988,0.0,0.0,0.0,0.0,-0.0027272712775186364,0.0,0.0,0
0.0,0.0,0.0,0.0007044255755237224,0.0,0.0,-0.0026244677331431847,-0.003398617956850975,0.0,0.0,-0.002194124695069753,0.004834200162843301,0.002374015036229101,0.0,-0.004727145200442556,-0.0023953506095093,0.0,-0.004764550476689493,0.002803449712319473,-0.00635512523962266,-0.0064042826523612595,0.0,0.0,0.0,0.0044346462475975375,0.0,0.0026861274442030866,0.0,0.0,-0.00022698375032583919,0.0,0.003214006632936273,0.0,-0.006035191682806104,-0.006048911683111967,0.0,0
0.0,0.0,-0.0007402270987167443,0.0,0.0,-0.002060712099644711,-0.0004052978636820059,-0.0021603010520959186,0.005836765069968901,0.0,0.0,0.0,-0.0028265329117247496,-0.001466661573885403,0.0,0.0,-0.004652015331765532,0.0,0.0,0.0033199737726399355,-0.0038537031972209358,0.0,0.0,0.0,0.0,0.0,0.0,-0.0014289797340791878,0.0,-0.0023396592601681557,0.0,0.0,0.0,-0.005891325816103958,-0.005754203894852195,0.0,0
-0.007850442353775737,0.0,-0.001771813215866354,0.0,0.0,0.0,0.0,0.0,0.0,0.0,-9.77302621627735e-05,0.0,0.0,-0.0022392297325882224,0.0,0.0,0.0012725294552787742,0.001753063498072255,0.0,-0.0007092629480043966,0.0,-0.004011205728911609,0.0,0.0,0.0,0.0,0.0,0.0,0.0015944720202474196,0.0,0.0,-0.002465338920282309,-0.008165540195546737,-0.004746925133087977,0.002540305168612835,0.0,0
-0.006977139311954337,0.0,-0.0005855301615503156,0.0,0.0,-0.0011480202576116534,-0.00047255476874546136,-0.0009442810336815804,0.0,0.0,0.0,0.0,0.0,-0.0009509318706517432,0.0,0.0,0.0,0.0,0.0,0.0,0.0,-0.002140474502586924,0.0,-6.268727660443771e-05,-0.0005528161751759242,-0.0014926964154279992,0.0,0.0,0.0,0.0,0.0,0.0,-0.004686148152661488,-0.004943807058650936,0.0,0.0,0
-0.008117196465190638,0.0,-0.002014832876695154,0.0,0.0,-0.0004734622628488636,0.0,0.0,0.0,0.0,0.0,0.0,0.0,0.0,0.0,-0.0005290200114643117,0.0,0.0,0.0,0.0,0.0,-0.0030892586588775516,0.0,0.0,-0.0003927538143872509,0.0,0.0,0.0,-0.00027600902209597747,0.0,0.0,0.0,-0.007163321395642866,-0.0028412638408122186,0.0,0.0,0
-0.009384118856209578,0.0,-0.0004585344202806879,0.0,0.0,-0.002283301420885637,-0.0001810492104463787,0.0,0.0,0.0,0.0,0.0,0.0,0.0,0.0,-0.0018393674942230247,0.0,0.004424315251533868,-0.00014558207502542812,0.0,0.0,-0.0032402601812993865,0.0,-0.0014189968521920464,-0.0009855710660604865,0.0,0.0,0.0,0.003337252989994295,0.0,0.0,-0.0005800632570069669,-0.006511357833733439,-0.005692251587281736,0.0,0.0,0
-0.008941681083528491,-0.010481815012757668,-0.0005701292966414594,3.5940748749590586e-05,-0.0006939005154377189,0.0,-0.008932945300593074,0.0025607599959843247,0.0017304289671974268,0.006485190298869413,0.0017559722390467858,0.0037330302817216313,-0.0005695759206446912,-0.0033180907590951623,-0.004599791717986598,0.003034830334483276,-0.003280390376960357,0.0,-0.005037525512329465,-0.007593538230296117,-0.0005986206041644076,0.006692145954405086,0.017828327864274345,0.004307107408980594,-0.006173784398706514,-0.002918623535690681,-0.0021261612464880835,-0.003699416602921628,0.0008930012038878414,0.004707116776326833,0.0,-0.0004623955195681059,0.002928439886081154,-0.005485460732816288,-0.006120620691668098,0.0,0
-0.012896434715519663,-0.004216110052247206,0.0019867826857586685,0.0,0.0020803885271883393,0.0015025556344732676,-0.002701453210086051,0.0014981454890231132,0.0024438185749982265,-0.0020926679872315963,0.0,0.0025070132939327343,-0.0013325136048976305,-0.003105205275230516,0.0021915081125519304,-0.00019850491477756607,0.015574768765647614,0.0,0.0038483638712267206,0.0,-0.006940811926096261,0.0019701438977863003,-0.002618732248150057,-0.003991978271449623,-0.003918643367369161,-0.013931746458380762,0.0016700747352545466,0.0029511438891320226,-0.0032434140811871902,-0.0021529500826727842,0.0,0.0077227246095159935,-0.0024487599813980774,-0.005124717198258225,-0.0019449638098234141,0.0,0
-0.0070677331047217,0.0,-0.0032792697612391264,0.0,0.0,0.0,0.0,0.0,-0.0010935217261525442,0.0,0.0,0.0,0.002827860370563463,0.0,0.0,0.0,0.0,-0.0024428833003172974,0.0,-0.0011450322573879437,-0.004323608140712492,-0.0007218686206916547,-0.0012034750025255417,-0.0014738531308643296,0.0,-0.00011947478785987286,0.0,0.0,0.0,-0.0016937788720891966,0.0,0.0,-0.0013306881434430886,0.0,-0.0018448486208449792,0.0,0
-0.0064231914670467155,-0.002046083949225045,-0.0064257234716723986,-0.0033127427679660957,0.0,-0.0014693582004889703,0.0,0.0,0.0,-0.0011049926027200977,-0.001602872329824093,0.004491067862017052,0.00022104316018353837,0.0,-0.0009511443357033535,-0.002951358600736083,-0.0012084604492389349,-0.004457578489557523,0.0,0.0,0.0,0.0,0.003660511627324414,0.0,-0.0012246085893113225,0.0,0.0,0.0,0.0,0.0,0.005505014092623581,0.0,0.0034499327397212497,-0.0049694040199419484,-0.0040689487834440555,0.0,0
-0.007170322392386323,0.0,-0.001004541573963922,-0.0029747001509147614,-0.0017789931892540098,0.0,0.004727763362263857,-0.0029352454426397325,-0.0037420445212277853,0.0020013450042960616,0.0,0.0,-0.0038911509614073868,-0.003573388724772506,0.0018311407446452187,0.0,0.0040976079774271085,-0.0029901125825287284,-0.0011669615479759127,0.0,0.00435659831979884,0.0007732941421813932,0.0027940590043100955,-0.0038739724592940766,-0.007997868111529263,-0.001105241100590177,0.0,0.0,0.0016434008605182063,-0.0032994479562706886,0.0,0.0,0.0,0.0025738009587630726,-0.002207194757734881,0.0,0
-0.011206205784698579,0.0,0.0,0.003538576294607757,-0.00491979106129936,-0.0010998725728361709,0.002548400247858908,0.0,-0.0018566497141531359,0.0,0.0,0.0,0.0043551238005391305,0.0011653266925109,0.0,0.0,-0.004062398731972517,-0.002716966532005069,-0.0004721230042020447,-0.004067969895512255,-0.004892279059814911,0.0,0.0,-0.0023721173894122546,-0.0056256959942863755,0.002242241439509419,0.006033236151887587,-0.00025823413347464603,0.0,-0.0011735367860067625,0.0,-0.0021836882133271012,0.0,0.003677466954891712,-0.0015650178070905248,0.0,0
-0.02171960351223319,0.0005537465342062523,0.0,0.0009474215355269798,0.0037802320231655816,-0.002318096050464526,-0.0031583755895732255,0.0,0.0,0.0,-0.0010234521356814075,-0.0011898189344494068,0.0,-0.0004762254924446954,-0.001393106036777042,-0.0020054192883039307,0.0017018413569175733,0.0035845469448706657,0.0,0.00023885687801725357,0.0,0.0,0.0,0.0,0.002857662097251014,-0.00045233205147447134,-0.002202908441619954,0.0015261678182134817,0.0011541353734131942,0.0,0.0,-0.000476489834579244,0.003085203822332482,-0.006637811305298522,0.002842812239140357,0.0,0
-0.0005020302065514983,-0.00041964957725701494,-0.0006748295758944966,0.0,0.0,0.0,0.0,0.0007757794937391478,0.0,-0.002766472979424833,0.0005806832150471612,0.0,-0.0035151342208141144,0.0022165830855599223,-0.001076362531405926,0.0002603079159354841,0.006191140527083811,-0.008194309758385653,0.00871819629371812,-0.0050013554636139795,-0.007330549905499625,0.0,-0.003460573509333835,-0.0004403831365749119,-0.004394693960687421,0.0,-0.0011638309812870467,0.0,-0.002975367800715491,0.0,0.005915344514181618,-0.0004221490745965908,0.005409782686618438,-0.004919630771901268,-0.007391850137201294,0.0,0
-0.0021487860068615276,-0.0030468114534968893,0.003032382996918648,-0.0010215410105132972,0.0014104907177048475,0.0,0.0,0.0022348234232405385,0.0,0.0,0.0,0.0,-0.0032461170396861838,6.657734902186628e-05,0.0,-0.0026965332003085155,-0.0023547624911376156,-0.004679217440984837,0.0,-0.002279021723018861,-0.004819040744535353,0.012978006299769041,-0.0010656321693629255,-0.005669147611022285,-0.0011701796343448762,0.005518902297539951,-0.003574268398853091,-0.0026269808546490526,-0.0016961184051228209,0.0,0.0,0.0,0.0,-0.0056475922801275035,-0.0020807884794305544,0.0,0
0.0009997490845646115,-0.005617866001899958,-0.0030316613879894988,0.0,-0.0006576362224169736,0.004286029631044826,-0.0050086610879336085,-0.002242251109741951,0.0017640223649047339,-0.0020881172670803774,-0.0030710134582431024,0.0,0.0005837424156565631,-0.005110235285982185,-0.0066194682375283805,-0.0006403368906865975,0.0,-0.006478940769867437,-0.0004257683343573208,-0.0021172279146463723,-0.003716820088578364,0.0,0.009425794458163814,-0.0007340921473574096,0.0,0.001534443304918566,-0.005027044854933825,0.0008751558451856314,-0.0050117901595337615,0.004045370438136805,0.0,0.007969209554717487,0.004459589012764099,-0.0008734204645096374,-0.0020521102860316665,0.0,0
-0.0024440848710177844,-0.002268569287220271,0.0,-0.0005361118135296729,0.002754206891185548,0.0,0.0,0.0,0.0,-0.001412841348239349,0.0,0.0,0.0012554768604222328,0.0,-0.00048217987234801756,-0.0023483580554241015,0.0,-0.005922640867263705,0.0,0.0,0.0,0.0,-0.0018044475452317253,-0.0030461997449549427,-0.004338481581764068,-0.005018641329013915,0.0,0.0,-0.00029996676205326623,-0.0022973645956873745,0.0,0.007953300255294591,0.0,-0.004324452192415475,0.0,0.0,0
0.0,0.0,-0.0008076127476588217,0.0,0.0,0.0,0.0,0.0,0.0,0.0,0.0,-0.0009858340695829537,0.0,-0.0016472747497694477,-0.0008635312443917305,-0.00036361289064595957,0.0,0.0,-0.0019487476315142558,-0.0031527394154938462,-0.0008908818246610436,0.0,0.0,-0.0018262879231434892,0.0,0.0,0.0,0.0,-0.0005325434510156588,0.0,-0.0005965249026965843,-0.0018036669662143795,0.0,-0.004785159282658285,-0.004723089212784436,0.0,0
-0.007916621999248368,-0.0019405057705194143,0.0,0.006406814383554541,-0.0021720209783563454,0.0,0.0013209197194438494,0.0024994159166855097,-0.001881805746033596,-0.004144434580794372,0.0,0.0006505772809220644,-7.080748217988207e-06,0.0,0.0,0.003561675297816587,-0.005378846018457911,-0.005136996816795409,-0.0008657580645054988,-0.0046609395172110876,-0.004991623573872213,0.0,0.0,0.0,-0.007229337942022468,0.0029440964281539834,-0.002388021089423997,0.005478026784654536,0.0,0.0,0.009527655269288038,0.0,0.0001717916480686574,-0.0031638208838992393,-0.00562353409396614,0.0,0
0.0,1.7263136470490426e-05,-0.0026269581129304714,-0.000526074610648886,0.0,-0.0005220173523960409,-0.0014384847978881547,0.0,-0.0014321738247444946,0.0,0.0,1.8165406152770026e-05,-0.0003777622284720828,-0.00043671265467524166,-0.0008966912647633703,0.0,0.0,-0.007286996781032687,0.0,0.0,-0.0010023483479215164,0.0,-0.0023432336532342806,-0.001289311975143859,0.0,0.0,0.0,0.0,0.0,0.0,0.0,-0.000521300821130696,0.0,-0.004311131635244141,0.0,0.0,0
-0.0061966632317314585,0.0,0.0,0.0,0.0,-0.00196823405284667,0.0,0.0,0.0,0.0,0.0,-0.0003343849399396615,0.0,0.0,0.0,0.0,0.0,-0.007647896378134928,0.0,0.0,-0.0009687951689813288,-0.0020512356278539695,-0.0005407890622215075,0.0,0.0,0.0,-0.001924379598260647,0.0,0.0,0.0,0.0,0.0,0.0,-0.0033080227261724493,0.0,0.0,0
-0.006487169333071035,0.0,-9.734132935468879e-05,-0.0011595002971157464,0.0,0.0,0.0,0.0,0.0,0.0,0.0,0.0,0.0,-0.001087274468056165,0.0,-0.0019580535719559765,0.0,0.0,0.0,0.0,0.0,0.0,-0.004160991853233158,1.2465929075657098e-05,-0.0008364811955988839,-0.001636559322448691,0.0,0.0,0.0,0.0,0.0,0.0,0.0,-0.004822130230039793,-0.0027103586070156595,0.0,0
-0.007883337656476237,0.0,0.0,0.0,-0.0008089919198299886,0.0,0.0,0.0,0.0,0.0,0.0,0.0,0.0,0.0,0.0,0.0,0.0,0.0,0.0,0.0,0.0,0.0,0.0,0.0,0.0,-0.0009632431585366987,0.0,0.0,0.0,0.0,0.0,-0.0013249751996581933,-0.0050422912964639905,-0.002040202980216458,-0.006910088909130228,0.0,0
-0.01065171161941277,-0.0017323416055088372,0.0,0.006132884302167569,0.0,-0.0023033533912525414,0.0,0.0,0.0,0.0,0.0,0.0,0.0,-0.000973717488911486,0.0,0.0,0.0,-0.007613876465705553,-0.0007225835610172513,0.0,0.0,0.0,-0.0009563698081327657,0.0,-0.0031583579370910997,0.0,0.0,0.0,0.0,-0.0013127550638095775,0.0,0.0,0.0,-0.0060355680519016295,0.004374899524051547,0.0,0
-0.007086158460243287,0.0036960668068725428,0.0,0.0019539282832956007,0.004084865971010713,0.004276477582165477,0.0,0.0,0.0,0.0040427865062351446,0.0,0.006765635478024756,0.0011519153347901087,0.0,0.0,0.0022791095371792513,-0.004626566325752422,-0.004665223904328249,0.0,-0.006162184657941506,-0.008488138918569367,-0.00043538174739312166,0.0,-0.004762261313408132,0.0,0.0,-0.004252411408503187,0.005361566473476348,0.0017548282179718276,-0.005904535423447284,0.0,-0.0008333982510966289,0.0,-0.003996760857632835,-0.009107458264572321,0.0,0
0.0,-0.0026999145997826414,0.0,-0.0016006348196786757,0.0,0.004189568441031353,-0.0018812381877444304,0.0,0.009874520389317572,0.0017668625625467515,0.0,0.0,0.004732248544752961,0.0,-0.00437996455069313,0.002984900974216169,-0.003003666543102094,-0.006364688720980411,0.0009741188322667293,-0.008580412471382831,-0.011388052699349907,0.0020915711685042275,0.0044128377390674715,-0.002034868389219795,-0.002407075164010398,0.0,-0.003213898401923114,0.0,0.0,0.0015764083211658973,-0.0033910214354092626,-0.002286865075128325,0.0,0.0,-0.00432403525633069,0.0,0
-0.005177661581585491,0.005136345803962938,0.0,-0.0026649378710111534,0.0,0.005503895960923033,0.0,-0.00360801302413024,0.0,0.0,0.0,0.0,0.0,-0.0003124107859339299,-0.002307985333272899,0.0,0.0,-0.0015020842613754073,0.0,-0.002496296811531079,-0.005792024813471206,0.0,0.0,-0.004284200446234098,0.0,0.0,0.0,0.0,0.001360215095685839,-0.0012647318511150572,0.0,0.0,0.0,-0.004186966287976775,-0.0033222384506031433,0.0,0
-0.004464685436151864,-0.002029418270240622,-0.0008289161970599912,0.006105917074555348,0.0018991874163403995,0.0,0.0,0.0,0.0,0.0,-0.0005483931683196652,-0.0006661008960040908,0.0,0.0028693026519262615,-0.0016747670226667035,-0.002620271345376942,0.0,-0.0014829706516895492,0.0,-0.00654080370557022,-0.0039033432325392544,0.0,-0.00044187928783330537,-0.005465193387444638,0.0,0.0,-0.001393803813257877,0.0,0.0,0.0024895537899449934,0.0,-0.000641665884646678,0.0,-0.005604811234613923,0.0,0.0,0
-0.0024192863411557387,0.0,0.0,0.0,0.0,0.0,0.0,0.0,-0.0010921416536426695,0.0,0.0,0.0,-0.001128143512636465,-0.001698572809647906,-0.0009242782361329468,-0.0025344091958368667,-0.0014900725152713471,-0.00101704195495308,0.0,-0.005457233398143928,-0.001626253227540305,0.0,0.0,0.0,-0.0023182573240209474,0.0,0.0,-0.00014895330331029513,0.0,0.0,0.0,0.0,0.0,-0.0031221376978674484,0.0,0.0,0
0.0,-0.0017072301317165508,0.0,0.0,-0.0010729798412684424,0.0,0.0,0.0,-0.0002552262401641953,0.0022817287569445724,-7.141488180664365e-05,-0.0006288027900237072,0.0,0.0,0.0,0.0,-0.0008056601894368744,0.0021455798492133,0.0,-0.002564029727733148,-0.005607355137854669,0.0,0.0,-0.005558879891864808,0.0,-0.0011741405870191856,-0.002024526610915926,0.0,0.0,-0.001945590579580187,0.0,-0.0018661108701538722,0.0,-0.0038421115781661144,0.0,0.0,0
-0.008063401321316088,0.0,0.0,-0.0007411743933285383,-0.0010409472569243125,0.0,0.0,0.0,0.0,0.0,0.0,0.0,0.0,0.0,-0.0024813327021670005,0.0,0.0,0.003925542979968916,0.0,0.0,-0.003171312673090781,0.0,0.0,-0.0044590471985964455,-0.0016706804635744626,0.0,0.0,0.0,0.0,0.0,0.0,-0.0030532194218168443,0.0,-0.0032493500920591574,-0.0009461203389687783,0.0,0
-0.0139215826330439,-0.0012663252681038596,-0.0016376674051659878,0.0,0.0014757542153271135,0.0,0.0,0.0,-0.0014772879132817825,-0.0019254687111895797,-0.00028431570630900097,-0.0009720057423160936,0.0,-0.00022202259750791537,-0.0012527780552494146,0.0,-0.0005297607698339205,0.004018881348582528,0.0,0.0,-9.673244024280704e-06,0.0,0.0,0.0,-0.0032426473528784027,-0.0010398840570769838,-0.001117117208091065,0.0,0.0,0.0,0.0,0.0,0.002319952612573273,-0.006542466155121012,0.002705514048706028,0.0,0
-0.00751771592823795,-0.0007471393332828296,0.0,0.0,0.007180978866219016,0.0,-0.0019387195444835878,0.0,0.0,0.0,-0.0016942249294122367,-0.0010394971813259017,0.0,0.0,-0.0008212524564807353,0.0,-0.0008655917429442416,-0.002667133876229732,0.0,-0.006802803643517865,-0.002648299761388598,0.0,0.0,0.0,-0.002672760633069258,-0.0018993877928326275,0.0022425499650558316,0.0,-0.0002298843592261968,0.0,-0.0011311738835203657,0.0,0.0,0.0,-0.0016867321919820759,0.0,0
-0.006285658043098255,-0.0007624946078886406,-0.0013208752244443921,-0.0002577956708582872,-0.0031029268193957012,-0.0008839752138026016,0.0,0.0,0.0,-0.005064074483208529,0.0,0.0,0.0,-0.0019491244686739616,0.0,0.005059408281943778,0.0,-0.004186983817030036,0.0,-0.0045055427935924925,-0.008931039375389055,0.003783220183043313,0.0015783695609501895,0.0028225666510654558,-0.0002699322212756959,0.0010628313834171834,0.0,0.006236179591194522,-0.0035862392191141684,-0.0023545046831761063,0.0,0.0,0.0016921495362928604,-0.0005388459607404172,-0.0031735010128783325,0.0,0
-0.006054242920596741,0.0,0.0,1.9066963893291803e-05,0.0013065385903792835,-0.0008198614730622891,-0.0029022784028743423,-0.0019806496847632055,0.0,0.0,-0.0007145219909461057,0.007008355004012815,0.0,0.0,0.0,0.0,0.0,-0.0038219927773337466,0.0,-0.0034767346435248133,-0.006771358067183347,-0.0033341665467687726,0.0,0.0,0.009864337433560685,-0.0002997162161275,-0.0020626133922664854,0.0,0.0,-0.0027595286129374233,0.0,-0.0018470109475095533,0.0,-0.006306260038621558,0.0,0.0,0
-0.0040062613262292724,-0.0015047031359047142,0.0,-0.000589591300275528,0.0,0.0,-0.0002142260264022132,-0.0012280041637553318,0.0,0.0,-0.0006137923421420515,-0.001324140726242089,0.0,0.0,-0.0009995623768489312,-0.003427863953539279,0.0,0.0,0.0,-0.0022692802935163807,0.0,0.0,0.0,-0.0018191027835002837,0.0,0.0,-0.00031595456725228417,-0.001569447134845789,-0.0026054760480279985,0.0,0.0,0.0,0.0,-0.002480913040012203,0.0,0.0,0
-0.005887614845365393,0.0,0.0012369767836032362,-0.0017873390359375773,0.0,0.0,-0.0022472317976909902,0.0,-0.002003561992083243,0.0014933404713842653,-0.0032237007060932853,-0.0005631016638475696,0.0,0.0,0.0,-0.00025921222957841215,0.0,-0.004032765707634183,0.0,-0.0042549636787274706,0.0,-0.0002376351918965577,-0.0014258719197704195,0.0,-0.0012469738258251203,0.0,0.0,0.0,0.0,-0.0020679810613935265,0.0,-0.0019429163749177753,0.0037841274825542327,-0.0031666655457453937,0.004086994162781025,0.0,0
-0.007463606785278829,0.0025845628464647376,0.0020459874681439624,-0.0029547668798106646,-0.0024910755086680536,0.0007708257980656185,-0.0015379757797900166,-0.007968589647068964,-0.0005611348908350454,-0.005370683080817528,0.013837650229261431,0.0036140853715719906,0.0,-0.0013420969193100381,0.0,-0.002558299472182639,-0.0009704171513791357,-0.010351784930891395,0.0012518080349774446,-0.005695393887556117,-0.007641686044393862,0.00839540731910275,0.001971932550394997,-0.005784306248853453,-0.009357025970314705,-0.00428327622112713,0.004132209192443942,-0.0008013321156304624,0.0,0.003734533281560576,0.006317196521123847,0.0,0.0,-0.002534623147767673,0.006070884969428647,0.0,0
-0.002680067258122598,-0.002756022979903145,0.0,0.0,0.0,0.0007478333106881979,0.0038892652032282878,-0.00203566341116916,-0.0034597633934869906,-0.0027335616103416876,0.0012410072537672992,0.0,-0.0003705700521820085,0.0023995546804519534,-0.00223157120331603,-0.003841296165394173,-0.004341030843190764,-0.0037193903856051424,-0.003015135503396415,0.0,-0.007442293512069286,0.0,0.0006296330805652438,-0.000636410686670749,-0.005431824111313981,-0.002155543016902552,0.0024705684640973693,0.003959867782963082,0.0,0.003261504211626291,-0.0009591666462139211,0.0,0.01471001613631837,-0.0007673764466334077,-0.009685390311954856,0.0,0
-0.006207161894803743,0.0,-0.004649312840158368,0.0027896657983940247,-0.003171474889327564,-0.002308900290749039,0.003011636796150741,-0.00407723779395398,0.0,0.0030970541114405423,0.0,0.0,0.0,0.0,-0.002241546021294887,-0.00040861118905653147,0.0008220950780961617,0.002269817573300888,0.0,0.002278714394673844,-0.004801511350211493,0.0,0.0,0.0,-0.0035343426299534863,-0.0029607985859649204,0.0,0.0,0.0008643148637892043,-0.000505589483847007,0.0,-0.0018058737063607157,0.0,0.00036927567547076327,-0.003783041029795202,0.0,0
-0.00904245988033689,-0.0016916992925383467,0.0,0.0,-0.0018402172848159557,-0.0013440643307714736,0.0027755956080960003,-0.00042247929896323456,0.0,0.0047995462832705294,-0.0011603144714154975,-0.0001491399370084921,-0.004329911450245112,0.0,0.0035918727329966615,-0.0033913585706743577,-0.010698658275274261,-0.002593430346683822,0.0033861251705908143,-0.005627436701118464,-0.002167437963039637,0.005496241494143997,-0.0005686095716338577,-0.007368709696164498,-0.004279937481199858,0.0025386534020114117,-0.0029670247037266472,-0.004038332661565663,0.0,-0.0025244525655100376,0.0023610767766016868,0.0,0.009530275340471487,0.0,0.006773460260342739,0.0,0
-0.011010886619971771,0.000787089904252375,0.00580467800049796,0.0,0.0,0.0,-0.00016346084239879683,0.003138563642938406,-0.002870756451498816,-0.001916105623540168,-0.0017185670704666998,0.0,0.0,0.0,0.00679767189613903,0.006636147706137131,0.0,-0.009432344867660583,0.0008204443643283735,-0.013677956904237542,-0.004960804336555403,-0.0004171644296892669,0.0021770777063123475,-0.007183484970046738,0.0,0.007435989699970465,-0.007506167859903755,0.0016643976821755363,0.006377842355870711,0.0,0.007814258921420406,-0.005920728575912008,0.0,0.0,-0.007628560742321957,0.0,0
0.0,-0.002640865091461769,-0.0028308235821702405,0.0,-0.004047969651690057,-0.0018053818944043466,0.0,0.0,0.0,0.009212767207221275,0.0,0.0,0.0,-0.0013797782053666951,0.0,0.0,0.003955710957090663,0.0,0.0,-0.007153345203810602,-0.0003874244459049322,-0.0005790702830356723,-0.0016473389361154698,-0.005966444088568742,-0.002452800987646576,0.0,-0.0013534023376374545,0.0,0.0,0.0,0.0,0.0,0.0,-0.0038915841594526386,0.0,0.0,0
0.01110665258756509,0.0,0.0,0.0018568545531160907,0.008278338986057093,0.004136029719027574,-0.0005942284752818807,-0.0016847103987544158,-0.006379344117707239,-0.00397675147987702,0.0030305603421464716,0.004344319766118624,-0.002767289030424246,-0.006259464675699934,-0.00453537381007637,-0.0002510125375892015,-0.0067798863321497675,-0.0020271747392453508,0.0036031920645618917,-0.0022981255534881236,-0.003914808087306896,-0.0036450845390184716,0.008124610556386627,-0.007087235292561632,-0.002245911338446854,-0.0009842136394364307,-0.005938071480838506,-0.0005667468648522195,0.0007222991409202284,0.0,0.0,-0.005776737920102996,0.004251781448573966,-0.0035764858927240344,0.0,0.0,0
1.3582665608077067e-05,-0.0002272368611062966,0.0,0.0,-0.0012971563173416298,-0.000928891239826864,0.0,0.0,0.0,-0.0030436224153339397,-0.001373338856808771,0.0,-0.0030009064178828848,0.0,0.0,0.0,-0.0004315710560571474,-0.004462383776057729,0.0,-0.0016289333968158531,0.0,-0.00033792100251435307,-0.0006596343714937243,-0.0014862002473009332,0.0,0.0,0.0,0.0,0.0,-0.002097402943425908,-0.0013147210535507433,0.0,0.0,-0.0019360981935319876,-0.0007542116472343437,0.0,0
-0.0026205808917194244,-0.0011315001242230012,0.0,0.0,0.0,0.0,0.0,0.0,0.0,-0.000804248360624734,-0.0009729183129447123,0.0027291961691472966,0.0,0.0,0.0,-0.0034673215593965046,0.0,-0.0056863225770488034,0.0,-0.0061197796384412,-0.0061776326354553825,0.0021768230092465424,0.0,-0.004061985949316284,0.0,0.0,-0.0004589750891873097,0.0,0.0032739556586287273,0.0,-0.0017011987453938995,0.0,0.008317938633836666,-0.008266318212019851,0.0,0.0,0
0.0,0.0,0.0,0.0,0.0,-0.0007052446714270645,4.010224079699639e-05,0.0,0.0,0.0,0.0,0.0,0.0,-0.0005136378246533166,-0.00061217182451031,-0.00036275018290257455,-0.000752281363244569,-0.004943329167236394,0.0,-0.004551505628575393,-0.003063361471223634,-0.0012260807372180705,0.0,-0.000893008043289092,0.0,0.0,-0.000996825630353457,0.0,0.0,0.0,0.0,-0.00030311611874486277,0.0,-0.005951655312299336,0.0,0.0,0
0.0,0.0,-0.0011257730004623461,0.0,-0.0008452430544932309,0.0,-0.0008003847825679104,-0.0006265090136543769,0.0,0.0,0.0,0.0,0.0,-0.0022710823174552945,0.0,-0.001530099560029135,0.0,0.0,0.0,-0.005871822314989388,-0.0016294902355834392,0.0,0.0,-0.001747522553138686,0.0,0.0,0.0,0.0,0.0,0.0,0.0,-0.0009818115444211808,0.0,-0.004516368784438351,-0.002470039203729634,0.0,0
-0.0004543017445694042,0.0,-0.0016957578103712861,0.0,0.0024004499073049302,-0.0012492578207586361,0.0,0.0,0.0,-0.0010302552672605562,-0.0021135439384147407,0.0,0.0,-0.000369411838187444,-0.003428242178560474,0.0,-0.004674363145158959,-0.0027928240680109967,0.0,0.0,-0.006890924194206043,-0.0020884006060487488,0.0,0.0,-0.0022704614426458884,0.0,0.0,0.0,0.0,0.0,0.0,0.004001485936636918,0.004015581894223122,-0.0020634446816202284,-0.0036187054449276813,0.0,0
-0.0054222413001157425,-0.0007744717844462088,0.0,0.0,-0.0016002308266568378,-0.0005281669784790399,0.0,-3.8661155935571145e-05,0.0,0.0,-0.0004886691509336508,0.0,0.0,-0.00023133913548956377,0.0,0.0,-0.0030316271984880167,0.0,-0.0015304958419079398,-0.0018181540315757704,-0.0038824602483781305,0.0,-0.002076610352272637,-0.0023449222714963993,-0.0008323288088496078,0.0,-0.00023758619787769678,0.0,0.0,0.0,0.0,0.0,0.0,0.0,-9.325177498726439e-05,0.0,0
-0.0036890292015402336,0.0,-0.0008209780684280633,0.0,-0.0007216310124424216,0.0,0.0,0.0,-0.00029902749418056273,0.0,0.0,0.0,0.0,-0.001463981148000673,-0.00034033613609630057,0.0,0.0,0.0,0.0,-0.004216675687975481,-0.0036422423166239328,0.0,0.0,-0.004421557831688188,0.0,0.0,0.0,0.0,0.0,-0.0008839394347396492,0.0,0.0,-0.0007414122486113196,-6.997913674386794e-05,-0.0030115867255054232,0.0,0
0.0,0.0,-0.0026230826848323507,0.0,0.0,-0.00046554229705133714,0.0,-0.002302350204992567,0.0,0.0,0.0,0.0,0.0,0.0,0.0,0.0,-0.001355977765867872,-0.001160811559516382,0.0,-0.005704999372304442,-0.003046549015876548,0.0,0.0,-0.000294541572585708,0.0,-0.001066693524017762,0.0033936947030844015,0.0,0.0,-0.0013012774283124272,0.0,0.0,0.0,-0.0020272416040050625,-0.006367004116298057,0.0,0
-0.007289450964869416,0.0,-0.002256280933358105,0.0,-0.0014865641186122959,0.0,0.0,-0.003296621593870477,0.0,0.0023541961793880437,0.0,0.0,-0.00039710716807742855,0.0,0.0,-0.0013940733645724365,0.0,-0.0038814541882505834,-0.0015237115112114877,-0.001560514595017913,-0.0038271040945476106,0.0,0.0017839894060773065,0.0,-0.002008181646881972,0.0033816937733047113,0.0,0.0,0.0,0.0,0.001678475955133053,0.0,0.0,0.0,-0.005231177577157822,0.0,0
0.0,0.0030582774551867033,0.0,-0.00024789364478808805,0.00040623158512680704,0.0,-0.0017476762888973547,0.0,0.0,0.0,-0.0008518841717874959,0.0,0.0,-0.002029771360430316,-0.0022625660468567404,0.0,-0.0011924620237041405,-0.00138300457999402,0.0,-0.0030917098941937765,0.0,-0.0017381891677875569,-0.0009792731158844922,0.0,-0.003573970948512987,-0.002018349050920113,0.0,-0.00020673185384527135,0.0,0.0,0.0,0.0,0.002805690960667361,-0.005755875228061041,-0.003716218372640804,0.0,0
-0.008127570768659522,-0.0013470587162734379,0.0,0.0,0.0,0.0,-0.003330426782747724,0.0,0.0,-0.0017316354346013224,0.0,0.0,-7.091000028512317e-06,-0.0016330318129651395,0.0,0.0,0.0,-0.005855936074745016,0.0,-0.004118170018623148,-0.00040959941058177894,0.0037059065160220416,0.0,0.0,-0.0032620851823870305,0.0,0.006498753647156379,-0.0011526769388734443,0.0,0.0,-0.002425810766656957,0.0,0.0,-0.0017385246108865132,0.0,0.0,0
-0.006160012590986779,0.0009409332694880675,-0.005876423755166599,0.0,0.0,-0.005085722870353541,0.0,0.0035789418447273852,0.0,0.0035053301121585117,0.0,0.0013224642227523552,-0.002925258687525534,0.002883062291201527,-0.0010716354437224813,-0.002677493297453216,0.003931484730096184,-0.005557749850177702,0.0,-0.00469966159377774,-0.004043653271708962,0.0005850056342348356,0.0,0.0,-0.0007969624211001677,0.0,-0.002233284275940892,0.0,0.0003326921613620204,0.007455461580586826,-0.0018238046649893063,0.0017267810835247936,-0.0024924694033319453,-0.005752982158748764,0.0,0.0,0
-0.010194719753213451,0.0,-0.002306708373865717,0.0,0.0,0.0,0.0,0.0,0.0,0.0,-0.0009361147285756129,-0.0005770745750923569,0.0,-0.0016356173827472022,-0.0012099879298348604,-0.0005626693123779159,0.0024668802300593855,-0.003027380843217199,0.0,0.0,-0.0008691052136316879,0.0,-0.00088433031564242,0.0,-0.0026022643925151193,0.0,0.0,0.0,-0.0006381765413371133,-0.0005623486609948364,0.0,-0.00013051035069309338,0.0027403638381814184,-0.00401788464046296,0.0,0.0,0
-0.004781873407124808,0.0,0.0,0.0,0.0,-0.0005454031841671076,0.0,0.0,0.0,0.0,8.755127572472086e-05,-0.0012423905614085452,-0.0005841260750096389,-0.00048531663616083605,0.0,-0.0006072743809000618,0.0,-0.0036636633071775696,0.0,-0.0004357152666729086,-0.0003723402489082681,0.0,0.0,-0.0010917535298943918,-0.0008609011546632602,-0.0010317254438288706,-0.0011764577377731372,0.0,0.0,0.0,0.0,-0.0015044945870875178,0.0,-0.006339796591308993,0.0,0.0,0
-0.0038169914173870126,0.0076655126144334566,0.00512528640140246,0.01003401525787115,-0.0019672634061001335,-0.004229780301185771,0.006165251476037949,0.0014077036857130822,0.0005236825617374988,0.0,-0.004888968882536423,-0.0007751438805462433,-0.0027385647365730415,-0.0028634469899320673,-0.004966438533253108,-0.00648900127260972,-0.001402949793173597,-0.005663339452138288,0.004053937360594399,-0.004602094615189072,-0.006477674628638869,0.0,-0.004896363580962411,-0.004726491784601025,-0.001083762297289511,0.0,0.003225454264612081,0.0012445496006364563,-0.0013060246409428385,-0.0009743313615912154,-0.0034598119615809214,0.004356553156718632,0.0,-0.005228110938313015,0.0038762846148554936,0.0,0
-0.0026799491031204463,-0.0030607764576784263,0.0,0.0,-0.0010866432019974726,0.0,-0.0003919967347265962,0.0,0.0,0.0,0.0,0.0,-0.002610407703986063,-0.0008140698513290788,0.004050679740206389,0.0,-0.000845655151444121,-0.005211331027701827,0.0,0.0,-0.00457646764039039,0.0,-0.0012087545679296933,0.0,-0.0010669286111460706,-0.001321028497121274,-0.000103716133538276,-0.00054475955586682,0.0,-0.003303544532798928,0.0,0.0,0.0,0.0,-0.00018636611133655487,0.0,0
-0.004818045215904353,-0.0024363825833851574,1.843594090119705e-05,0.0,0.0,0.0,0.0,-0.0034610181569622554,0.0,0.0,-0.0011091464621792023,-0.0015417694348322697,0.0,-0.0011100970263171535,-0.00023789019962364635,-0.000313066251174608,-0.0007298277275072958,-0.0008543709906443067,0.0,-0.004326773011193537,0.0,0.0,0.0,-0.0018544416408499418,0.0,0.0,-0.00025536623906019675,0.0,0.0,-0.000796216898653211,0.0,0.0,0.0,-0.0009918509708504199,0.0,0.0,0
-0.0027337261508960818,-0.0017218376826120254,0.001251188263260905,0.0,0.0027595024867164237,0.005390202165656128,0.0,0.0,-0.00023310187451666694,0.0026648233972553386,0.0,-0.001497316369924345,0.0,-0.002401983077824425,0.0,-0.0018780621093068264,-0.0021088763564074014,-0.00321984197327808,0.0,-0.0030402454694619715,-0.002603617843831483,-0.00248221564501188,0.0,-0.00021400484020612503,-0.005123727085968191,0.0,0.004202387815699334,0.0,0.0,0.0,-0.0019061703681087746,-0.003308217032230068,-0.00038089909982719667,-0.0062663261564639555,0.0,0.0,0
-0.0036274478541862454,0.0,0.0,-0.0033348957574285847,0.0028266338101472863,0.0,0.004857402681453639,-0.0001675009030575702,0.003667498401784431,0.0036858744150516307,0.00248676676347908,0.0018567580467834474,-0.004189764324805573,-0.002420978273164222,0.0,0.0,-0.003363205760621418,0.0,-0.004333622187720911,-0.0034150335798590545,-0.005873957633445707,0.00921526749260633,-0.004202909225114757,-0.007734053883544865,-0.004238575884259843,-0.0032156339277202408,0.0007794123796710537,0.001614798835549268,-0.00015558158606265914,-0.0021740964150660266,0.0,0.0,0.0,-0.003456866654303316,0.0,0.0,0
-0.005768465959079012,-0.003926200987288622,-0.0013318335621978978,-0.004691631193231094,-0.0007368829106787366,-0.0005943312090911525,0.0,0.0,0.0,-0.0005700972835288148,0.0015269608806905816,-0.00415808126893959,0.001356875298611834,0.0011766421576429767,-0.004502403545958966,-0.0030662886398755934,0.004309344887083282,-0.0028513446603605093,0.00636495655573964,-0.006197749039520156,-0.0027200171451007933,0.004874578357449223,-0.0018640769779149483,-0.004455993124103996,-0.0052231877816426705,0.007419596783740517,0.002045514206694383,0.009441194456225023,-0.0014971790986372992,-0.004131405978117265,0.00021834658892580579,-0.0045010795521516255,-0.0009136193323149022,0.0,0.0,0.0,0
-0.009706034430266429,0.0,0.0019176179973217561,-0.0014191397879721552,0.0036490027661526155,0.00567991848165666,0.0,0.002430432347731324,0.0,0.0,0.0027491595359560015,-0.001753045174633207,0.0,-0.0023973434602720368,-0.00540203905955923,0.0,0.0,0.0,0.0,0.0,-0.003838041902770626,0.003429806415882059,0.0,-0.0002038267687445332,-0.00495616442551546,0.0,-0.0029397844398190327,-0.0036868380566165994,0.0,-0.0003586253338140038,0.0,-0.0036874955633470854,0.0029959131832866265,0.0,-0.007471331401587029,0.0,0
-0.007214705691514208,0.0021439078087228144,-0.00018671655186092438,0.0008502644934262809,0.0046155914347900465,-0.004535478133506653,0.0,0.002243957280347206,0.004244178543032857,0.002058395473161584,0.0009270288758616952,0.0064977540623405135,0.004765747061553188,0.003035134548054115,-0.00281028989835341,-0.005786976079938615,0.0008879192661387502,-0.005323498403522228,0.006216524889751444,-0.006022573521917202,-0.0009724312239877501,0.002107348005960322,0.003244607002815988,-0.0021640674819265993,-0.010870311075392575,-0.0004614178317054025,-0.0021532915174576448,0.0,0.003591618972097359,-0.0003924506236700145,-0.0036767319596629497,-0.0020200258655357958,-0.0067439719927117085,-0.005630585313656797,-0.00543231362866407,0.0,0
-0.0033710112384080404,0.0,0.0,0.001447747655063304,0.0031976288446195905,0.0073561298000054285,-0.0005630552599518819,-0.0019228502052824992,-0.001974337899949111,0.0023211384935134857,0.0017146607106320565,0.0039033249497650445,0.0,-0.006500786108696934,-0.0014993659538808984,-0.002210591540802444,-0.0016136875785530444,-0.004285923216279211,-0.002455836401435367,-0.005264696255699205,0.0,0.0,0.0,0.0,-0.002765028622364951,0.0,-0.003104972567832572,0.0,0.0,0.0006936905879629272,0.0053544711534765236,0.0,-0.004079167135295264,0.0,-0.00934534128753732,0.0,0
-0.0034209451675056264,-0.0032174189535794386,0.0028520184160238916,0.0,0.0018955100203310491,0.0,0.0,0.0,-0.0016448936879490733,0.0,-0.0005199989687856453,0.0,0.0,-0.0014787265847005248,0.0,-0.001647795574284992,0.0,-0.004724194735082505,-0.001300126754478595,0.0,-0.0027834927550715004,0.0,0.0028580166120552846,0.0,0.0,-0.001867601224438126,0.0,0.0,0.0,0.0,0.0,-0.0014029527419257468,-0.0013291333165644866,-0.0009700089563298723,-0.006266114704644481,0.0,0
-0.0018797422594630886,-0.0023976010429329437,0.0,0.0,0.0024980236945745045,0.0,0.0,0.0,0.0,0.0003570778905797146,-0.0010799018420257001,0.0,0.0,0.0,-0.0025343018336831443,0.004081532521822058,0.0,0.0,0.0034985800537560697,-0.0011864524517873655,0.0,0.0,-0.005041997235901899,-0.0055121831045564585,-0.0032504228441220333,-0.006742015696758497,0.0,0.0,0.0023943324449393704,0.0,0.0,0.0,0.0,-0.003626330535754353,-0.004546456835616618,0.0,0
-0.00022847707275911792,0.0,-0.002497181040688157,0.0,0.0,0.0,0.0,0.0,0.0,-0.0003035512546395981,-0.0003022884565670229,0.0,0.0,0.0,0.0,0.0,0.0,-0.003732826235955727,0.0,-0.004591106138406624,-0.003346976613923238,0.0,-0.002294179047501446,0.0,0.0,0.0,-0.002950369226156271,0.0,-0.0021869203572580493,0.0,0.0,0.0,0.0,-0.001369246045995636,-0.0011380795897836561,0.0,0
0.008101212546530956,-0.0011983640228835555,-0.004290887741765521,-0.0024307154032501056,0.0,0.0,0.0,0.0,0.0,0.0,-0.0012489899146424688,0.0,0.0,0.0,0.0,-0.00029300468268994996,-0.0013790109846225156,-0.0043143834549404245,-0.0015290959774917896,0.00028099200250539984,-0.005896649219057649,0.0,0.0,-0.0013147712973067072,-0.0016128393714455226,0.0,0.0,-0.000614264546342807,0.0,-0.000185761052215843,0.0,0.0,0.0,-0.002676173018557998,-0.0025031593533462633,0.0,0
-0.006562387610251404,-0.0012827273485670183,-0.0020698130473332265,0.0,-0.0012320886552475696,0.0,0.0,0.0,0.0,0.0,0.0,0.0,0.0,0.0,0.002527948598504106,0.0,-0.0019275767138945575,0.0,0.0,-0.007006500536682807,-0.0022848939351340167,0.0039951222905170655,0.0,0.0,-0.005900341889288256,0.0,0.0,0.0,0.0,0.0,0.0,0.0,-0.0014855673126979551,-0.0017224377835800692,0.0,0.0,0
-0.004809165457492511,-0.0010936975750886204,0.0,0.005735000783249315,-0.002148205680860069,-0.0006125825559954532,-0.0010050145294693037,0.0,0.0,-0.0020906725700971067,-0.00048553588595033094,-0.0028399482433605727,0.006005640666425419,0.0,0.0,-0.0015954344944405915,0.0,-0.004686252544649483,0.0,-0.00657728353331571,0.004232492152404284,0.0,0.0,-0.0018653776918655467,-0.00441206468042721,-0.0009194216904418335,0.0029534024261471097,-0.0010073680107913429,0.0,-0.0017296614141409667,-0.0010096165326869094,0.0,0.0,-0.0033943761065235853,-0.0015343134497569286,0.0,0
-0.002312975482164153,0.0,0.0,0.0,-0.0017480420871005238,-0.0005810323026343516,-0.0016463650563978355,0.0,0.0,-0.002199704756906429,-0.0006258953488834422,0.0,-0.0008189554505067393,-0.003580918184353521,0.005078416830433643,-0.0006630036865143112,-0.001510639817555875,0.0,-0.001374472838038765,0.0035801813967818786,-0.004934599969112371,0.0,-0.0009969466845417864,-0.002960050278954549,0.0,0.003787936167516747,0.0,0.0,0.0,-0.003348803147452159,-0.002705565359147736,0.0,0.0,-0.0023533996600629725,-0.0030263653640392914,0.0,0
-0.005384996402639103,-0.0028251558463170154,0.0,0.0,-0.00017774565245056443,0.0,0.0,0.0,0.0,-0.0005618715173970439,-0.001325833241391652,0.0,0.0,-0.002865748913874993,-0.0017411902968010858,0.004536522337666772,-0.0012612699499603057,0.0,-8.534440590304528e-05,-0.004774932138682734,-0.002105729930033427,0.0,-0.0023851714823772585,-0.000563080412820633,-0.004671213517853319,5.993123780145154e-05,-1.8794592723341098e-05,0.0,0.0,0.0,0.0,-0.001375975925901923,0.005471411403754199,-0.0029013281739552893,0.0,0.0,0
-0.008500476849759074,0.004900793105632054,-0.0008754282980447147,-0.00606011196403148,0.0,0.0,0.0,0.0,0.0,0.005352806350817527,-0.006839386889142872,-0.001643069842581038,0.004112505917902498,-0.0030231437258196707,0.0010155326014538774,0.0001962395333341596,-0.0021143606782182997,-0.0038200371444321365,0.004976861836953549,0.0,-0.0033853091010982972,-0.0004457229070277562,-0.0012936804412407733,-0.0015426663044513583,-0.0040228830225028924,-0.005861425872968259,-0.0036442149816805565,0.008594343675536777,0.0,-0.006395265941194518,0.003194358646848951,0.004221862545897607,-0.0016889010954071562,-0.0031370874636256004,0.0030547438229988344,0.0,0
-0.010688718010493162,0.0,-0.005275470603190308,0.0,0.0,0.0,0.0,-0.004226959113247538,0.0,0.0,-0.002659934807656581,0.002261307658779543,0.006048748603145862,0.0,3.365838207636122e-05,-0.00679618349042312,0.0,-0.008460964419754004,3.9746400650996754e-06,0.0056354688590986276,0.0,0.0,-0.0004235329874537113,-0.0033321695609128616,-0.0071579985962279,0.0023019489187277413,0.0023499301114415206,-0.00033990386362901305,-0.00016659114735195107,0.0,0.0,0.007639242136523621,0.0,-0.0016871720634817552,0.0,0.0,0
-0.010840428484688604,0.0010325478596906,0.0,-0.001864729981936838,-0.0008632218226461669,0.0,0.00017861686479449614,0.0,0.0014970937890502573,0.0,-0.001202373511458541,0.0,0.0,-0.0012873530646044468,0.0,-0.002415908173024568,0.0,-0.0040584116417259645,0.0,0.004013718123696399,-0.00165310535949743,-0.0013379121291111622,-0.0011508359307180998,-0.0009193425116156278,0.0,-0.0014485203085465043,0.0,0.002804004865240225,0.0,0.0,0.0,0.0,0.0,-0.005425157936861564,0.0,0.0,0
-0.0050325574557745865,0.0,0.0,0.0,0.0,-0.002181864427172341,-0.0018854245299787355,-0.00275685022062557,-0.002196309827900192,-0.0011245140309569948,-0.00032854492817340126,0.0,0.0,-0.0022795659946863263,-0.00025290409346118755,-0.001519080674816414,-0.0003213338900304756,-0.004973977075838159,0.0,-0.0008361053551337376,-0.001340392143575452,-0.0009570405061196711,-0.004551913333804545,-0.00033695726032157526,0.0,0.0,-0.00081486313222899,0.0005821028035457273,0.0036746252287015,0.002690592519762076,0.0,-0.0004786102831260718,0.002864098051716544,-0.0042307550180880225,0.003613241666154645,0.0,0
-0.00578895612765125,0.0,0.0,0.0,-0.0006713922851975646,0.0,0.0,0.0,0.0,-0.001162916939152826,0.0,0.0,0.003941309064803423,-0.00038970302192683077,0.0,-0.0024912275338825948,-0.004484662567630247,-0.0022612593956033277,-0.001127499110709535,-0.004881741461334202,-0.004592256333745315,-0.002319856151655034,0.0,-0.0019372349343866051,0.0,0.0,0.003602524803449516,0.0,0.0,0.0,-0.002764257436404835,0.0,0.002360094832194806,0.0,0.0,0.0,0
-0.004039841971553408,-0.0028322791588143268,0.0,0.0,0.002896105519832044,0.0,-0.0013932270295807837,0.0,-0.0035686785438493593,-0.0010033602574551271,0.0,0.0,-0.004591635785999627,-0.0018159091025961639,-0.0034827788427945843,0.0,0.0,-0.0024546740652481693,0.00322745019949877,-0.006029141743022618,-0.004629448674558996,0.0,0.0,-0.0005808080223655639,-0.0037640929015425074,0.0,0.0,0.0,0.0,0.0,0.0020212529740259656,0.00014865054514229346,0.0036086242810697477,0.003420171387325161,0.0,0.0,0
-0.011339502797490615,-0.0005985139141883011,0.0035992791396701118,-0.00010882513583839297,0.0,-0.0022802368402914893,0.0,-0.0035592102651063593,0.010544154473944927,0.002454688800888881,0.002830794601321489,-0.0009975973026096977,0.0012871854434959554,0.0012765460617893865,0.0012654340499231248,0.0,0.0,-0.005420661734626671,0.0,0.00044482973129271556,-0.004911666993675861,0.0,-0.004858861722517636,-0.0011226248465510476,-0.00025376708901047294,-0.002414486173037048,-0.0027473500949536794,0.0,0.002416201838183501,0.0025115375743927975,-0.0030592093353207935,-0.0035819127571696083,-0.0004557632982512432,-0.004729740410893905,0.0,0.0,0
-0.0012092307564043597,-0.0006182535518318422,0.0,0.0,-0.0001433715355546175,0.0,0.0,-0.0010083226550700929,-0.0005048053866915954,-0.0022021824844924336,0.0,0.0,4.6676254413279396e-05,-0.0009590846708087812,0.0,0.0,-0.0005278451523553723,0.0,0.0,0.0,-0.002921356187761428,0.0,0.0,-0.000215013607910077,0.0,0.0,0.0,-0.0031222723026117934,0.0,0.0,-0.0023771836108360525,-0.0029060706261164445,-0.0018224989628612919,-0.002015455730861913,-0.0023865579995196416,0.0,0
-0.006663737829689769,0.009091035715682844,-0.004047085981348755,-0.00040153549397488125,0.0,1.1950076088636886e-05,-0.0036461189205327675,-0.002538934242048337,-0.004275143673649158,-0.0004146011118984019,0.0055275951256061676,-0.0035590434559883864,0.0009138908866528657,-0.005083615048001374,0.007157953923078725,0.0,0.008148198848780656,-0.0045712699839448164,0.001539018973596341,-0.013185355339589075,-0.006461087228271496,0.01035664505445759,-0.0017998174468277673,-0.006592710756791622,-0.0021628816454206798,0.0,0.0,0.0032463454956507456,-0.004164241599953891,-0.002902178885128455,-0.002906123352324958,0.009004558244380451,0.0025564936290035666,-0.005532692921386337,-0.0015383400234821216,0.0,0
-0.00416338857078656,0.0,-0.002105454348460873,-0.0018527685086725107,0.0,0.0,0.0,-0.0021629805220480685,0.0,0.0,-0.0013869271709522435,0.0,0.0,-0.0008939949894423094,-0.001122573804751762,0.0,-0.0008495138232961876,0.0,0.0,0.0,-0.0010827920398652489,0.0,-0.0021890449669366,0.0,0.0,0.0,0.0,0.0,-0.0007372175117490678,-0.00047028641177923033,-0.003217133672948761,-0.0015377893858534437,0.0,0.0,-0.0011700060498645512,0.0,0
-0.004054209239819432,0.0,0.0,-0.0006756448371701656,0.0,-0.0013842830526507766,-0.0007911047919074364,-0.0034949727539394745,-0.004565523405784644,0.0,0.0,0.0010721333068646865,0.0009607277083158973,0.0,0.0,0.0,-0.0007295058155024435,-0.0032217085147482347,-0.0009935762825474777,0.0,-0.004920905753235837,0.002841443584824429,0.003981482965585023,-0.003048338130080123,0.0,0.0,-0.0025637201106639405,0.0,0.0,-0.001976838783120207,0.0021758369863050337,0.0,-0.00029950801698627413,-0.00316476687078919,0.0,0.0,0
-0.002524146391272227,0.0,0.0,0.0,0.0024705461801898553,0.0,0.005038257245105331,-0.002733986045153583,0.0,-0.0014539941388264548,0.0,0.0,0.0,-0.0025101350594789185,0.0026314703101454383,-0.001607794827996242,-0.0036792109336341253,-0.009476705069556144,0.002099547441127798,-0.0045319374807148895,-0.0023360522964805982,0.00192366160479279,0.0,-0.0033096976568043014,-0.00580663512228106,0.0024255788268413014,-0.0017526427132726456,-0.0010929758572666972,0.0,0.002034242842968638,0.0018025099592765353,0.0,0.007404914711958215,-0.005426419930770224,-0.004507768943932972,0.0,0
-0.0035935878568372956,0.0,-0.00024360571412479118,-0.001184953743973319,0.0,-0.0008451726912003184,-0.0008124089527538927,0.0,-0.0004130971927636092,0.0,0.0,0.0,0.0,0.0,0.0,0.0,0.0,-0.006198595246114466,0.0,0.0,0.0,0.0,-0.00283154167297501,0.0,-0.0019247284205043819,0.0,0.0,0.0,0.0,0.0,-0.00023201791288292813,-0.002291087863665204,0.0,-0.004385473280484709,0.0,0.0,0
-0.0053062548657944,0.0,-0.0028046284189737376,0.0,-0.0019477335052286988,-0.004889294413879387,0.004231947958752604,-0.0018765210943180455,-0.0012639257946946984,0.0008481390373885597,-0.0030949768996376918,-0.00473096375330307,0.0019457921012662066,0.005051156599939721,0.0,-0.006297566236045584,0.007389564016571735,-0.0024801264391513624,-0.004074337534118428,-0.0034174941068936763,-0.004367902191260221,0.0,0.0,-0.003776580091728396,-0.0033885600275621363,0.0,-0.001772334150810438,0.0047369055139994745,0.009401146562531413,0.0,0.0,0.0,0.0013914822688347137,-0.0022158667296551192,-0.0022473383545092464,0.0,0
-0.003788229914141348,-0.001636753018463043,0.0,0.0,-0.004204631549414386,0.0,0.0,0.0039442991850523555,0.0,0.0017406600187741725,-0.0014563506460297843,0.005174352025109279,0.0,-0.002210602338974333,0.0,0.0,0.0,-0.006539570407380278,0.001667554242674279,0.0,-0.004394196594757301,0.0002240442039364619,-0.0020372511428464967,-0.002428531935626088,-0.005397670043341206,-0.0023302635793652233,-0.0009660683899392652,0.0,0.0,0.0,0.0,0.0,0.006906863069962453,-0.0072026983936315896,0.0,0.0,0
-0.007541099852965191,-0.0014723205640322517,0.0,0.002289093562323541,0.0005400441528227672,-0.0013482846474048753,-0.0013796526541884682,-0.004771017650820485,0.0031227966997618268,0.0,-0.0034003979676268795,0.0,0.0028024352068810932,-0.004212020531400335,0.0,0.0019467711536683822,-0.0012920786636436287,-0.003803806374206852,0.0020800068424156664,-0.008304198011504857,-0.0060597779810321935,-0.004309653470382957,-0.0039593365154806616,0.0005915924620001565,0.00011667360495567075,0.004443975860224206,-0.0018414319769389281,-0.0013536206310622663,-0.0011770305366107941,-0.0008066814405884805,0.003461697488905966,-0.004609608992237337,0.017651021483947895,-0.001438509527368214,-0.0008675306361511197,0.0,0
-0.009266835477053863,-0.003870721668824155,0.0,0.0,0.0,0.009376499471626772,0.00031566944508831,-0.005182866925106924,0.0,0.0036451311222399094,0.00022611909078903397,0.0,0.0,0.003387030094428628,0.0,0.0027758669081822222,-0.0008721889532719865,-0.008983114761612624,0.0,-0.007702350663337806,-0.006016431352573782,-0.0032639957573742206,-0.001040126657368449,-0.0023863506624279265,-0.006676614821694076,0.0,-0.0023506780380226117,0.0,0.0,0.020601026967898933,0.0,0.0012759110083943386,-0.002548508511744801,-0.001842159403162645,-0.00435781908171427,0.0,0
-0.006678406256793682,-0.0009269442222768773,0.003608580043147993,0.0019022423952447538,0.0012756490431373303,-0.0036555165048420876,0.0,-0.005039602327220543,-0.0013526033911850557,0.0017539914154459432,-0.0015540079859427426,0.004628487451958402,0.0,0.002574001373936704,0.0,0.0,-0.0018674774994210048,-0.0037119859709634035,0.0010636398092283249,-0.004044357451208671,-0.0008527865234769162,-0.004855381655767784,0.0,0.0,-0.003533253851780797,0.004361340400514551,0.0,0.0,-0.0031440061777506067,0.0,-0.004460791918964512,-0.001619069109461839,0.0,0.0032660848206745945,-0.002039776013971671,0.0,0
-0.07142313654207638,0.0,0.0,8.253149873702947e-05,0.0,0.0,0.0,0.0,0.0,0.010669114179592319,0.0,0.0,0.0,0.0,0.017413185206664128,0.0,0.0,0.0,0.006148313004220131,0.0,0.001379828078699329,0.0,0.01205359943763585,0.0005003085236458173,0.004090651142925572,-4.466166329436747e-05,0.0,0.0,0.0,0.0,0.004137349183506042,0.0,-0.012614006674745923,0.004373434296217348,0.0,0.0,0
-0.005340188633166882,0.0,0.0,0.0,0.0,0.0,0.0,-0.0007527458873607004,0.0,0.0,0.0,0.0,0.0,0.0,0.0,-0.001553844662226712,0.0,0.0,0.0,0.0,-0.00017195850088808656,0.0,-0.0014269122648444884,-0.005224300510287851,-0.0031024368516554446,0.0,0.0,0.0,-0.0005615178298794056,0.0,0.0,0.0,-0.0013596052981217314,-0.00546412023483568,5.5078363619492227e-05,0.0,0
-0.008485772763551476,0.0,0.0,-0.0013130120656657343,0.0,0.0,-0.001127691992048903,0.0,0.0,0.0,0.0,0.0,0.0,-0.002044569019888166,0.0,0.0,0.0,0.004059986976776906,0.0,-0.0007404913869286005,0.0,0.0,-0.000645375369556986,-0.0027889294155395198,-0.004034151024347793,0.0,0.0,0.0,0.0,0.0,-0.0006892742813160197,0.0,0.0,0.0,-0.007093271967581201,0.0,0
-0.005469201319692179,0.0,0.0,0.0,0.0,0.0,0.0,0.0,-0.0007425703177153422,0.0,-0.001473615066986839,0.0,0.0,-0.0015371680720971308,-0.0014096326453659602,-0.00026944635385876164,0.00030251591012591945,0.0,0.0029822309337173823,-0.0013443640003067089,-0.0017925747275344985,-5.0185566074747964e-05,0.0,-0.0017706040904053799,-0.0014262116283109483,0.0,-0.0006647984497769028,0.0,0.0,0.0,0.0,-0.0018055672964875872,-0.0010475327202272282,-0.00272788663927707,-0.0046559402593735096,0.0,0
-0.005990709740965358,0.0,0.0,0.0,0.0008466240419401089,0.0,0.0,-0.0007661971433475826,0.0,0.0,-0.0008511822875725818,0.0,0.0,0.0,-0.0014067691106810672,-0.0023834946035832484,0.001978924147125351,0.0036148287296214744,-0.0005005103893017401,-0.0007691687236047052,0.0,0.0,-0.001091514923759556,0.0,-0.0038621610387708275,0.0,0.0016391439268283075,0.0,0.0,0.0,0.0,-0.0015702213149747768,-0.0034983249338476794,-0.004546212060610639,-0.005745606884142971,0.0,0
-0.007824160966293027,0.0,0.0,0.0,0.0,0.0,0.002521664488008802,0.0,0.0,0.0,0.0,-0.001115366833818091,0.004644353496450755,0.0,-0.0010147930670803712,0.0021375392332080626,0.0,0.0,0.0,-0.00233479720745598,0.0,0.0,-0.0009085863367346513,-0.004391719224839085,-0.002303056252816201,0.0,0.0,0.0,0.0007878285706156298,-0.00030630866033103007,-0.0011211371673403362,0.0,-0.0024059915974205485,-0.006627485537623651,-0.00464053524617777,0.0,0
-0.005759465041600935,0.0,-0.00014592037604460855,0.0,-0.0002705254684365719,0.0,0.0,0.0,0.0,0.0,0.0,0.0,0.0,-0.00021281513545023324,0.0,-0.001972613839381145,0.0,0.0,-0.0006845691994774816,0.0,0.0,0.0,-0.0034369179375599605,-0.002738318334668391,0.0,0.0,0.0,0.0,0.0,0.0,-0.0011624151068737897,0.0,0.0,-0.004220728614836543,-0.004298263255317833,0.0,0
-0.006294250669805222,-0.0004897570324136148,-0.0005228167309202682,-0.0013007611773986232,0.0,0.0,-0.0009086089871084725,0.0,0.0,-0.0014685485758219215,0.0,0.0,0.0,0.0,0.0,-0.0028855306238985963,0.0,0.0,0.0,-0.0016130052966826232,0.0,0.0,0.0,-0.0009981735088599084,-0.001325116846335703,-0.0011978308012781564,0.0,0.0031704992588914107,0.0,0.0,0.0,0.0,0.0,-0.00521633053469731,-0.003852320783318486,0.0,0
-0.010213161236220172,-0.0018933812915699474,0.00616588618054011,-0.002185746438126466,0.006145586537389645,0.0,-0.007905983595338997,0.0012759484377005855,0.0,-0.0007515033850227575,-0.0017183699499334713,0.0,0.0017446104605966777,-0.0012310116675022138,-0.0024949301866395435,-0.0019407143392087978,0.0,0.0016126242370599932,-0.0008822714398122309,-0.00041585830177239696,0.0,0.0,0.010655723466445827,0.00087342983938743,-0.00299616767214911,0.0007083842116582785,0.0,-0.0013820539313809394,0.002572867151540846,-0.001243410605675406,0.0,-0.0027316460182675337,-0.005276228272541718,-0.003422998607301943,-0.007972175893503245,0.0,0
-0.017448357712514233,0.0,-0.0012673371892519946,0.0,0.0,0.003166588609716865,0.0,0.0,0.0,0.0,0.0,0.0,0.0,0.0,-0.0012878043605467182,0.0,0.0,-0.005433469517248562,0.0,0.004832050927782732,0.0,0.0,0.0,0.0,0.0017741712962975533,-0.0027559137056647493,-0.0017789807110992783,0.002233852914004025,0.0,0.0,0.0,-0.0007961743160028547,0.0,-0.006137946193674214,0.0,0.0,0
-0.00536011454445491,-0.0011361097895736078,-0.00013594737214739044,0.004445191252465689,0.0012087368619453998,-0.0026728857808305598,-0.005032677454557511,0.00636601838538776,7.710919140966688e-05,-0.002710547332824943,-0.000977741726435104,-0.0016328942951495185,-0.0016328642130339823,-0.0018484608916474062,0.0,0.0,0.0,2.8738163555328287e-06,-0.0022232544439788134,-0.004661518689046697,-0.003938525739358189,0.0,-0.0024851477112348094,-0.0038719891818677884,-0.0023949479367405585,0.0,-0.0010038968975866593,-0.00026507195202528827,0.0028888971797914192,0.0,0.0018866996898364843,0.0,0.003449457452159599,-3.6568138035728457e-05,-0.0012477017214371257,0.0,0
-0.008937290572240525,-0.0005142465992598487,0.0,0.0,0.0,0.0,-0.00306709208577694,-0.005143169605452778,0.0,0.0,0.0,0.0016677632281058403,0.0,0.0,0.0,0.0,-0.0024528408977443905,-0.005602702395641704,0.005407057704063346,0.0,-0.0029605367584044206,0.0,0.0,0.004742443131438245,0.003814527845992826,0.0,-0.0025356757402965344,0.0,-0.004439948858157971,0.0,0.0,0.0007045257017859515,0.0015325499960378716,0.0,-0.0068580414625481305,0.0,0
-0.010969155281253298,0.005605635286144506,-0.0007934940007162831,-0.006503460539415616,0.0,0.0005319899599389615,-0.002250260537929997,-0.001232915128505437,0.006901605113808755,0.0,0.0010790242145336055,0.0,0.0013437579949471866,0.004037825590770756,-0.003969701776581325,-0.0038280593617347454,0.0,-0.0037129073080994354,-0.0014638695355565527,-0.006126137622594574,-0.007853299152262594,0.0,0.0,-0.002140469770405582,0.0,0.002933837730650434,-0.0016947250044215627,0.0,-0.0017638220367467137,0.0018227033409115982,0.007653831681504713,0.001728458074595318,0.0,-0.003979069299681285,0.0,0.0,0
-0.00469052113558992,0.0,0.0,0.0,0.0,0.0,-0.0007448955032535924,0.0,0.0,0.0,0.0,0.0,0.0,-0.0009144007770425442,-0.0009401878029201324,0.0,-0.0018401873336129325,-0.001842683202491189,0.0,-0.002275272359902539,-0.0039977183333833165,0.0,-0.001441386164210048,-0.00038219200612920977,-0.0008412899881215119,0.0,0.0,0.0,0.0,-7.51396585191963e-05,-0.0010231800059823898,-0.00039737082524032743,0.0,-0.003564425998912147,0.0,0.0,0
-0.012329312951032671,0.0,0.0,0.0,-0.0017402598420722737,0.0,0.0,0.0,0.0,0.0,0.0,0.0,-0.0008809792212392128,0.0,0.0,-0.0014372860324842946,0.0,0.0018639739081879746,-0.0006911878746290823,0.0,0.0,0.0,0.0,0.0,0.0,0.0,-0.0011110960500924248,0.0012170771033462589,0.0,0.0,0.0,0.0,-0.0012368059884526994,-0.009075857025281374,0.0015389338119426409,0.0,0
-0.043492856363413344,0.0,-0.01737266278635318,0.008664430457227342,0.012384130542812751,-0.002695558970067834,-0.012678036363970848,0.006782648719759745,-0.006229315727646782,0.0,0.01920731678645003,0.009926639390039056,0.011608542482072983,0.0,0.0,0.006767450124691058,0.011693427797396766,0.0013358139732692906,0.0,0.008069841686277007,0.011618963892577546,-0.0021353660393372597,0.014738166262896452,0.0,0.011762467691596628,-0.00717661176281659,0.0012691926927528637,0.0037259954521490007,0.0020372586296351683,0.0,-0.017722518349835827,-0.00908861434107464,0.0,-0.010981826802004055,0.017371728203115354,0.0,0
0.0,-0.0020715292796496636,-0.000684454824718783,0.0,0.0,0.0,-7.10329963979348e-05,0.0,0.0,0.0,-0.0022205671003336217,-0.002035611337115612,0.0,0.0,0.0,-0.0012435035460431653,-0.0011600230834975247,-0.0009365604659611465,-0.0011366736780588922,0.0,-0.0029728081455455066,-0.003944872226714726,0.0,-0.0029357836598807737,0.0,0.0,-0.0027924272811644156,0.0,0.0,0.0,0.0,0.0,0.0,-0.0007591461451793569,0.0,0.0,0
-0.0018923752330375113,0.0,-0.0023986998336459884,-0.0030122257284210304,0.0,0.0,-0.0018271492821103042,0.0,0.003121604208684122,0.0,-0.0013839728601225479,0.0,0.0,-0.002716514132414285,0.0,-0.0004617063416299228,-0.0009034484224767756,-0.0008760844865312101,0.0,-0.001415637345247305,-0.0018828399543114088,0.0,-0.0025216943825263375,0.0,0.0,-0.0024123249737931438,-0.0012582087570868407,0.0023414361244875805,0.0,-0.0006859830519676849,-0.001548228842253125,0.0,0.001447232858499498,-0.0038008600869896382,-0.0008773132473672597,0.0,0
