trx_amt,user_total_txns_3d,user_total_amount_3d,user_avg_amount_3d,user_median_amount_3d,user_max_amount_3d,user_min_amount_3d,user_unique_recipients_3d,user_unique_channels_3d,user_unique_types_3d,user_total_txns_7d,user_total_amount_7d,user_avg_amount_7d,user_median_amount_7d,user_max_amount_7d,user_min_amount_7d,user_unique_recipients_7d,user_unique_channels_7d,user_unique_types_7d,user_channel_diversity_score_7d,user_type_diversity_score_7d,user_night_txns_7d,user_weekend_txns_7d,user_peak_hour_txns_7d,user_off_peak_hour_txns_7d,user_avg_start_balance_7d,user_avg_end_balance_7d,user_min_balance_7d,user_max_balance_7d,user_balance_volatility_7d,user_avg_amount_per_recipient_7d,user_max_amount_to_single_recipient_7d,user_recipient_concentration_ratio_7d,user_avg_time_between_txns_7d,user_txn_frequency_score_7d,user_days_since_last_txn,actual_label
0.008756061468842247,-0.0023542409590840284,0.0,0.0,0.0,0.0,-0.0024474026371009146,0.0,0.0,-0.0010862699584854487,0.0,-0.000578061325359973,0.0,0.0,0.0,0.0,0.0,0.001069994452038566,0.0,0.0,0.0018878808452531667,0.0,-0.0007452100858523273,0.0,-0.008429491191043064,0.0,0.0,-0.003104997544856327,-0.0005333177514487634,0.0,-0.0009711895400516201,-0.0013363999168548675,-0.0005358662470137394,0.0,0.0010981030570388732,0.0,0
-0.004449834665661539,-0.0019919124519203364,-0.0028622775353798627,-8.45277004817094e-05,-0.0014332306254084188,-0.0005628935068845713,0.0007432832832395619,0.0,0.0005229989449766581,0.0008739677123201684,0.0,0.0,0.0028412394851219363,0.0,0.0007366509674240964,0.001223095223334214,0.0005893257622856231,0.0027132502574673117,-0.003435261640795019,0.002354797192622255,0.0,0.0,0.0,0.0,-0.0011460799911071305,-0.0026642392614145594,0.0006334012070471128,0.0007054304600595253,-0.0012511043425096004,0.002376385669514504,0.0,0.0,-0.012032616129739517,0.002592789403522082,0.00371048520275301,0.0,0
0.0052423241487402775,0.0018260490636016966,0.0,0.0,0.0,0.004082804497625617,0.0016416534777188776,0.005210622353989027,0.0,0.002876808417670396,0.0020146304757811115,-0.0059070210430989,0.0,-0.0009408506579793421,0.0,0.0010405323905671256,0.0,0.0017380380258097546,0.0023525056076845996,0.002450019810416383,0.0,0.00215558519773187,0.0,0.0,0.0,0.004925972735187245,0.0,0.0,0.0,0.0008394575001489428,-0.0033646603347759845,0.0,0.002602485844143166,-0.014772713742606898,0.00011190952101457208,0.0,0
0.006304823253046102,-0.0019575411699370563,0.0007313847014353997,0.0,-0.000458484602875949,-0.0006235047064835804,0.0,0.0013674445506757465,0.0,0.0,-0.0010600098771461372,0.0,0.0,0.0,0.0,-0.0017429299292345012,-0.0016456555084820384,0.0014903194499360519,0.001859581634501494,-4.813107980247766e-05,-0.005534499575624127,0.0,-0.005959035638768466,-0.0008898267628302846,-0.0010605783395522378,0.0,0.0,-0.0030274382271808105,0.0,0.0012228993433762358,-0.0009310375572390228,-0.0019597381238743534,0.0006198402998891588,-0.0016915166771816724,0.0,0.0,0
0.0040671979178210395,0.0006080020659761363,0.0,0.0,-0.0003454809199968345,0.0,0.0007638228848703088,0.00112082643886644,0.0,-0.0019339713240822376,0.0,0.0,0.0,0.0019228329115582813,-0.0001235475649933252,-0.001105284002462123,0.0,0.0013325573776926992,0.0,-0.0012893634215885934,-0.003091282337067901,0.0010956556674513115,0.001429250552820731,0.0003923863090575169,0.0009204063542072961,0.00039651202708171856,-0.0023300653785673447,-0.00038702611924867463,0.0,0.0006256267498042056,-0.0026837828036945354,0.0,-0.003930507136343448,-0.0013818285043357007,-0.010573031859600642,0.0,0
0.0,0.0,-0.0017014932930410353,0.0,-0.0025766916208739858,0.00437820402455431,0.0,0.0,-0.00215124092693616,0.0,-0.0007430528206634167,0.0,0.0,-0.001064017348008772,0.0,0.0,-0.00047569155324389003,-0.001755072266527209,-0.00103359192904921,0.0,0.0,0.0,0.0,-0.0010340659284301796,0.0015704170499370883,0.0,-0.0014088044667221243,-0.0017177082123499335,0.0,-3.111584515994758e-05,0.0,0.0,0.0,0.001470009978890175,0.0,0.0,0
-0.004038992398775064,0.0,0.0,0.0,-0.0010310823631929885,0.0,0.0,0.0,0.0,0.0,0.0,0.0,-0.0017575315874252522,-0.0010695652028234004,-0.0014792052576886718,-0.002965640297183131,0.0005464507758231136,0.002353469452007291,0.0,0.0005460426529009502,0.0,4.353460522591345e-05,0.0009521851973177257,0.0,0.0,0.0,-0.0006426171801078863,-0.0016076739533810434,0.0016677926314409746,0.0013287117601453074,-0.0015522219319276012,-0.0004563155678992772,0.0,-0.0025909044404689567,-0.0015601594606603764,0.0,0
-0.0036446390551068703,-0.0009804530940738538,-0.0019926822679624343,-0.003788570397566635,0.004457266372228856,0.0,-0.0004158860481557752,0.0013145759332347105,0.002071472577659387,0.0016241070636036556,-0.002241915133622579,-0.008118881619451023,0.0,0.003596110598183314,-0.0017738181348703743,0.0,0.0030666759077044928,0.0,-0.002130475732851607,-0.0004094001476555866,0.0,0.0017259949631169746,-0.001954039600328345,-0.0017422000256179092,0.0,0.0025828090658133983,-0.0036008259437217784,0.003796933752361277,-0.003434300195648363,-0.004655441786157606,0.001864720720895531,-0.0007211644111952509,-0.006933575737758849,0.0030501416845917315,0.0016688044827338905,0.0,0
-0.002966779464399324,-0.007266071625112745,0.0,0.0,0.0042601135960978285,-0.0009369510968713934,-0.0037305750602954855,0.0,0.0,0.0,0.0,-0.001521600330401714,0.0010338335177955686,0.0,0.0005927420649996442,0.004132190735267523,0.002220874580232448,0.0012494507390233413,0.0,0.0,0.005542696882589937,0.0,-0.006309231486945156,0.0,0.0036702409051821146,0.0,0.0,-0.0029659424146282446,0.0,0.0016800030769180629,0.0014267276035492612,0.0,0.0,0.0,0.002726685650203475,0.0,0
-0.027626581584347772,0.0034243808129064126,0.004155142265042217,0.0023857774984715583,-0.003027078037183481,0.0019102066042487806,0.0,0.0006983700830620898,0.0031133592199246883,0.0027846780466594403,0.002523349438967977,0.0009866566167772638,0.0,0.002970114190838982,-0.006328632753047458,-0.0019040977006343964,-0.00021644060561587503,0.0,0.0,0.0,-0.00544923755589441,0.0029748209723144963,0.0,0.0,-0.0017381713652326188,0.0,0.0011776189500755665,0.0048963996140003845,0.0,0.00555100821473478,-0.0042784685920002966,0.0,0.006540236435039806,0.0073464702191835644,0.0,0.0,0
-0.004846060614804582,0.0014663410632917236,0.0,0.0,0.0,0.0,-0.000724350635406617,0.0,0.0,0.0,0.0,0.0,0.0001404022050837039,-0.0017460991633619,0.0,0.0,0.0,0.0,-0.0006959980807444096,-0.0012675442057394099,0.0,0.0,-0.00127722465803859,0.0,0.0,0.0,0.0,0.0,-0.0014301434510209604,0.0010845929317177035,0.0,0.0,-0.009287984895760083,0.0029507805885149313,0.0010888503427657868,0.0,0
-0.02890540581344946,-0.0017695167300481195,0.0,-0.0015541931216030789,0.0,0.002748021452203195,0.0031677752155024434,0.0,-0.001908056181910063,0.0017171526980708429,0.0,-0.003784134201178716,0.004644447611494916,0.003491125533022575,-0.003765887115440403,0.0,0.0006865024158837728,0.0028624625789414526,0.0,0.0,0.0037318914749577647,0.0,0.0002358875121998614,-0.0011857860056466898,0.0,-0.002875882546277603,0.0,0.0021838984354796854,0.0,0.0015907616893022474,-0.0017795220031975618,0.0,0.00255222998968132,0.001120939967670341,0.0,0.0,0
0.007863570208690737,-6.33380142171212e-05,-0.0026264799014437583,-0.001164006643359034,0.0,-0.0018477583690877314,0.0,-0.0006144413303797247,-0.00037121552834110284,-0.0013466093768625626,0.0,-0.0027914389164171863,0.0,-0.0014793365150301498,0.000708836829081201,0.0,-0.003262357330632116,0.0,0.0021818888829124106,-0.001892201895986328,-0.0011675808948877488,0.0007194507683810381,-0.0020265405552432536,0.0,-0.002535729523739563,0.0,-0.004960629100859155,0.0,-0.004655299165853333,-0.001030754469699996,0.0,0.006373146881139815,-0.006990754901539189,0.0017876832009085083,0.004129207820784742,0.0,0
0.006897852750707631,0.0,0.0,-0.0006657224224248382,0.0033082694628432077,0.00191240414840381,0.0,0.000502638579049787,-0.0007855885472579537,0.0,0.0,0.0016593107791837143,0.0,0.0,0.0013730265842447286,0.0,-0.015200398515391433,0.0,0.0,0.0,-0.0033626537071947643,0.0,-0.0015198893171283667,-0.0029559284453866165,0.00461950149096381,0.0,0.0034510938253339797,-0.004691032849707925,0.002096353934552799,0.0,0.001527786553792053,0.0017351526171821632,0.0,0.004420998611995875,0.004931571766676223,0.0,0
0.009650250407659456,-0.0021321214454944827,-0.001330448621084302,0.0,0.003652795480865435,0.002244703933793082,0.0,0.0,0.0,0.0,0.0,0.003243002428395039,0.0,0.0017703236209433446,0.0,-0.001780333475571996,-0.012279782330738702,0.0,0.0,0.0,-0.002358499858754095,0.0005911932361575313,0.0,0.0,0.005807548846413745,0.0,0.0029215297888994206,-0.007933668137525988,0.0,0.0,0.0021908838186632373,-0.001371815140440756,-0.0009169371308022412,0.004182545088531505,0.006208103340106361,0.0,0
0.012529054051955224,0.0016854727941899945,0.0,-0.0011720587166779033,-0.002208995410003355,-0.0005056250199601002,0.0,0.0,0.0,0.0,-0.0011728332351874783,0.0,0.0,-0.0016009108100012036,0.0,-0.0048011437917271265,0.0,0.0,0.0,0.0,-0.0011623491418139063,-0.0003325048241093102,-0.0012032084980796635,-0.000971871749286388,0.0001445261941060189,-0.0009193034602343027,-0.0007389765829897032,-0.0013279464471538925,0.0,0.0,-0.0028568041059615773,-0.0009102500484050683,-0.004740584901170057,-0.000624722991399174,0.0,0.0,0
-0.0034822163367076863,0.0,-0.0005549115678027445,0.0,0.0,0.0,0.0,0.0,0.0,-0.000701570278867243,0.0,0.0,-0.0012691900629970554,0.0,-0.0012652138889378784,-0.0005185096418016884,0.0,0.0,0.0,0.0,0.0028785129061138404,0.0,-0.0009358891304826362,0.0,0.0,0.0,0.0,-0.0021852348019973937,-0.0010059836089659384,1.4658980227585266e-05,-0.00034992645855291674,0.0,0.0,-0.005245591121575015,-0.0012236928919227303,0.0,0
0.002047204637634162,-0.0021922167801093025,0.0,0.0,0.0,0.0,0.0,0.0,0.0,-0.0007461596144961847,0.0,0.0,0.0,-0.0016395628408183143,0.0,-0.0011341506652052956,-0.004093997328248613,0.001361610687047397,0.0,0.0,0.0,0.0,-0.0021796486497294675,-0.00047322361443837485,-0.004782662822738277,-0.0011336010920328463,0.0,-0.0008536354678494819,0.0,0.0,0.0,-0.0010121992880246684,0.0,0.0,0.0,0.0,0
-0.03179634345243413,0.0,0.0,0.0,0.004133275048490866,0.0,0.0,0.0,-0.007520003153322811,0.0,0.0,0.004599575824213933,0.0,0.0034754621424949554,0.0,0.0,0.0,0.0,0.0,0.0,0.0,0.0,0.0,0.0,0.003060026767871746,0.0,0.0,0.004886683721765936,0.001808428198786964,0.0017826628329477578,0.0016731152033203026,0.0,0.005097290369612852,0.0,0.0,0.0,0
-0.005090681982786039,-0.0007213773756872969,-0.001740480633437907,0.001549675094828154,-0.0019161093295569321,-0.000730951659406162,-0.0013402738146723635,0.0010038891368594797,0.0,0.004698322545295422,0.0011875387125347614,0.0,-0.0023626076193553327,-0.001124049495203899,-0.00013896168234518648,0.0020121082605170804,0.0022291486505737292,-0.0012308893615495206,0.0,-0.0010404474900717771,-0.0016480929546542652,-0.00010116710625662447,-0.0002962049056310231,-0.0017213280714713343,-0.002381246643675754,0.0015769690057537825,-0.0004283286201709005,-0.0018325444951659106,0.0,-0.0018276490050505314,0.0,-0.0006487755381391794,0.0,-0.0013379067125604662,-0.00042457914889846085,0.0,0
-0.013918801096993194,0.0003285432106110567,0.0021957312559306493,-0.00047485579301723987,7.594375713547536e-05,0.0,0.0,0.000408904728552929,0.0,-6.926409007778522e-05,-0.00037333193342523714,0.0,0.0,0.0,-0.0009764750100662827,0.0,-0.0012341804484271432,0.0004428510237814618,0.002243152012727921,0.0014780987250449563,0.0027111739474719146,-0.0009237313623808619,0.0007571990205423856,0.0,-0.0016879884573358797,0.0,-0.0002646656176916481,0.0,0.0,0.0,-0.0015914138260226423,-0.00114922299803277,-0.0036407008514947937,-0.0008965148468934171,-0.0003461096490141313,0.0,0
-0.0037490127532706914,0.0,0.0,0.0016361291543789032,0.0004438856719468384,0.0014777851782843058,0.0,0.0,0.0,0.0010896524694549263,0.0,0.0,0.0,0.0,-0.0012618914659153519,-0.0013128310871731766,0.001518294297981852,0.002416944752446913,0.0,0.0013787784549628296,0.005078251115050432,0.0,0.002107296758358051,-0.003962337373291686,0.0018023186562792653,-0.0013639316034138019,0.0012889701693947764,0.0,0.002403178268667079,0.006069227908159418,0.0,-0.0019951386931903754,-0.011768827758410249,-0.005659986979875391,-0.005576833996287937,0.0,0
-0.011246277825002725,-0.001360081669522785,0.0,0.0,0.0,0.0,0.0,0.0,0.0,0.0,0.0,0.0,-0.0011905469823085793,0.0,0.0,0.0,0.0,0.0,0.001346589463334082,0.0,0.001134455286108502,0.0008820737275013487,0.0,0.0,0.0,0.0,-0.001113566202055231,0.0,0.0,0.0,0.0,0.0,-0.007510922001026565,0.0,0.0019589152648170904,0.0,0
-0.00702274456969681,-0.003081699823875495,0.0011056392025225337,0.0,0.00113068853841569,-0.0008608388552929139,-0.0008055950592807717,0.0,0.0,0.0,0.0011674956050920237,-0.0011515971844996112,-0.0006497618152248428,-0.0033996492369018257,-0.001207190842194307,-0.0008624021722852783,0.00113865988842537,0.0013669067079805901,0.0,0.0016966587348735832,0.004585727602003136,0.0,-0.0023474506109909207,-0.0005525474408944878,0.0,-0.00045296401670928606,7.228442181796915e-05,0.005193521792533737,-0.0011735289743133501,0.0,0.0,0.0,-0.013327932657794046,0.004209289424038153,0.0017058864591765928,0.0,0
-0.004228678536308896,0.001663741321749164,0.0,0.0,0.0,0.0,0.0,0.0,0.0,-0.0011149581639688533,0.0,-0.00016410013644204617,-5.837885363548496e-05,-0.0001672427782870925,0.001158159537485874,0.0,-0.0037538918828727936,-0.0008089280570765071,-0.0006390773310219831,4.474194686989295e-05,-0.0016748762767778151,-9.498674174391717e-06,-0.0006312963701012077,-0.0009821686196518507,0.0,0.0,-0.0018733149979261727,0.0,-0.001450495963667518,-0.0005156346776367577,0.0,-0.0016629312925591786,-0.0006934193773892317,0.0,0.0,0.0,0
0.01025195470913146,0.0,-0.003951474604184106,0.0,-0.005474947983934869,0.0,0.0,0.0,0.0,0.0,0.0,0.0,0.003714355578527989,0.0,0.004836835254575184,0.0,0.0,0.0,0.0,0.005925689377519256,0.0019623703846552644,0.001724631242423312,-0.004369787854515431,0.0,0.0,0.0,0.0,0.004356514143987549,0.0,0.0,-0.004939779857062513,0.0,0.0008119807442818726,0.0048674538929821265,0.0008745040107898013,0.0,0
-0.0034693246969045677,-0.0016164396182272135,0.0,0.0,0.0,-0.0009047046332329483,-0.00010366194409779291,0.0,-0.0010685983008939235,0.003937808647654434,0.0,0.0,0.0,-0.00026548960195798773,0.0,-0.001807029967726053,-0.0014455071492497536,-0.001609091544533834,-0.0025883498797196767,-0.001318035852442999,0.0,0.0,-0.0016860857550244938,0.0016926646846942995,-0.0028472271097068447,-7.883563849606966e-05,0.0015926600171770975,0.0016950469684476664,-0.00017354119514846516,0.0,0.0,-0.001308342433613535,-0.005364095303801016,0.0011997256446178127,0.0,0.0,0
0.0,-0.0014425450094069326,-0.001312399383197931,-0.0012930694085709726,-0.0022549455559330235,-0.002517282098528893,-0.005081661748907232,0.0006340533715398696,0.0015702995462202485,-0.00041980068926417494,-0.003146014301053167,-0.0005835236066179245,0.0022747029494512654,-0.002407678644489725,0.0034285560349185938,-0.0014725626169045988,-0.002617286143375385,0.0,0.002126694909266369,-0.0006431227500710803,0.0,0.0,-0.002075424573614025,0.0,-0.0023762464731160115,0.0,-0.0008532382982582631,-0.0019754985401027525,-0.0003525795558469954,0.003403505518757829,0.0,-0.0006956442000495398,-0.0016418215348930185,0.0006757139112371027,0.005732818679786873,0.0,0
-0.021699202985519018,0.0024645591766474725,0.0,0.0,0.0,0.0,0.0,0.0012885938561744367,0.0,-0.0005167588134266607,0.0,-0.0024681899332438,0.001642533329012616,-0.0016106378816621413,-0.00264348547195038,-0.0007956584477289829,0.0014258871475278279,0.00717332628182468,0.0,-0.0003712436984515415,0.007087102864769766,-0.001952054283306124,0.0,-0.00017020261309861882,-0.002276285237493118,0.0,0.0,-0.0009969111405381727,0.0,0.0012469903492070156,-0.0016902605614324369,0.0,0.0017846082361899632,-0.004750333729444588,0.0015161274062223395,0.0,0
-0.0028708304594816853,0.0,0.0,-0.002527351855242486,-0.0002496957041637421,-0.002453501970822092,-0.0011149430426016752,0.0,0.003368844645015451,0.0,0.0,-0.0008699175182115827,0.0,-0.0025347710775159567,0.0028275783248366665,0.0,0.0,-0.0021759521240788766,-0.0006526334710489949,-0.000844224280087869,0.0,-0.001110110702594862,0.0,0.0,0.0,0.0,-0.001975165126323123,0.0,-0.0012838677777376743,-0.0009217436039163484,0.0,0.0,0.0,0.0,0.0,0.0,0
-0.004133874681554898,0.0008962810890726468,-0.0035235040602076538,-0.0021734986829907424,9.17075855121326e-06,0.002776075549303569,0.0,0.0006857887785239517,0.005570011630507683,0.0,0.0,-0.00023981395872663485,-0.0013967204577645287,-0.0024008851655560946,0.0,0.001679280504114931,0.0,0.0,0.0,0.0,0.0,0.0,0.0069849563775746925,0.0,-0.0037313448092580965,-0.0010236554720171103,-0.0041257035395450845,-0.00010152211597962675,-0.00325520921297514,-0.0030036883158275182,-0.0010020643361690266,-0.0014402689107796938,-0.0040935992664096876,0.0017530909369387639,-9.758838280076072e-05,0.0,0
-0.007254422435682886,0.0016063490174282288,-0.0019692853402924248,-0.0021547964011534664,0.0,-7.348920405938824e-05,-0.00040242461118657446,0.0,0.0,0.0,0.0,-0.0021450894493323437,0.0015516642577522882,-0.0006248898953565127,0.0,-0.0011948430491002388,0.0,-0.0017917779424983405,0.0,0.0,-0.0005969073760276878,0.0,-0.0019056499747060675,-0.0010227404261586228,0.0,0.0,-0.002695581042069747,0.0,0.0008522619229331565,0.0,-0.0007971327263615725,0.0,-0.0012434843895946174,0.003960735156373378,0.0015897561858635098,0.0,0
-0.012695247462649025,-0.001786968538211932,-0.0009622045225920648,-0.0004228539060484049,0.0,0.0010208590462708722,-0.0025038787251521126,-0.0005932145564771577,0.0,0.0,0.0010930255303299133,0.0,0.0,0.0,0.0011330035541282832,0.0,0.0,0.001327286674554868,-0.0003075510119686889,0.0,0.0023544575298456334,-0.0006840802477023166,-0.0011481144923337037,0.0,-0.0008623375540497766,0.0,0.0,0.0,-0.0008633518006351039,-0.00113758561748477,0.0,-0.0010652830179563332,-0.00167917716153043,0.0027087288137919163,0.0,0.0,0
0.07669761733717506,-0.0545308326802757,0.014602569275675005,0.019247072803310852,0.0,0.04019491853672099,0.0,0.0,0.0,0.0,0.006111744013365688,0.0,0.0,0.0,0.0,0.0,0.016811322087838875,0.015860466728013424,0.018121747265235154,0.0,-0.0008996524423574687,0.0,0.0,0.012134304253952883,0.0,0.0,0.016727449993056264,0.03708252343912387,0.01468181729074001,0.0,0.0,0.0,0.0,0.0,0.02155115531071869,0.0,0
-0.013904926980606545,0.0,-0.0016696505147207118,0.0,-0.0008369228772584323,0.0,0.0,0.0,-0.0025741727359515705,0.0025146163085320618,-0.0015514051864420808,-0.0008540501955971486,0.004099286119273055,0.0,0.0016269482027888196,-0.0017261364164724347,-0.0007854625216146456,0.0,0.0015439948344009742,-0.0016141883106833798,0.0,0.0011833631630550807,0.0,0.0,-0.002833364999207995,0.0,-0.0006406658581073417,0.0,0.0,-0.003025047805102272,0.0011832812476064477,0.0,-0.0003263455396912171,0.0018797616077066445,0.003811760356136635,0.0,0
-0.004253305576503807,-0.0010158519199420912,-0.0015901401177599887,0.0,0.0,-0.002632069574014876,-0.0013347428393176593,0.0,0.0,-0.0009574636586991733,-0.0020007824951174024,-0.0004214574755012857,6.729973808785722e-05,-0.0002812369395006272,0.0,-0.002770984156156872,0.008995532390048284,0.0,-0.00025126434106573247,0.0,0.0,0.0,-0.0006951902923513954,0.0,-0.0009568173613579441,0.0,0.0,-0.0013529783515629239,-0.0015604292619551608,-0.002632368429740122,-0.0012782005382039,0.0,0.0002704943526448772,0.0,-0.001089746859609348,0.0,0
0.0036921559924107997,-0.0029238549638600634,0.003558638989582247,0.0,0.0,-5.451553132557653e-05,-0.00023817634984447415,-3.5286286335627084e-05,0.0,0.0,-0.002845826215302893,0.0,0.0,-0.0017499415915126627,-0.001738924684780297,-0.0019511930411632095,0.0,0.0,-0.0009587413457773235,0.0,-0.0011621034282158751,0.0,-0.0015667936664828157,0.0014741452900441916,-0.002140217176765745,0.0037350138529222516,-0.0017797341744461926,0.0,-0.002161079452201933,-0.0011896007214912902,0.0,-0.0013588700335127612,-0.003984195779734919,0.0,-0.0023214136698622816,0.0,0
0.021306492745570043,0.0056142266218054526,0.013456231783660018,0.0,0.003089522066208291,0.010356015523557187,0.0,0.0,0.0,0.0035630717395112896,0.0,0.0014021840338916843,0.0,0.0,0.0,0.0,0.012413517099302215,0.008206783898956535,0.0,0.014044744067274661,0.011505834320878847,0.0,0.009733199692229452,0.0,0.0,-0.014481266145563238,0.007414347288013828,-0.009997042911591794,0.02498895848531025,0.0061885872085956075,0.0,-0.021662291500969773,0.0,0.011999600032605251,0.0,0.0,0
-0.019866013655568355,0.0,-0.001021453033664193,0.0,0.0,0.0,-0.0007204372693815253,0.0,0.0,-0.003246725226595143,0.0022227770938435,0.0008976903121790613,0.0,-0.0016605422338530035,0.0008833124690522782,0.0,0.0,0.003092826756472844,0.0021646826511312668,-0.0022601858689462904,-0.005892120530591431,-0.002088157911816072,0.0011262077055648335,0.0,0.002105822399378444,0.0,0.00017647072842276324,0.0,0.0024237601150694653,0.002516157414143467,-0.0041687463033301415,-0.001182429277070044,0.007146749756824656,-0.002851182648517627,0.004713243066907746,0.0,0
-0.03790203278992024,0.002015141220333142,0.0,0.0,0.0,0.0,0.0,0.0,0.0,0.0037969038050192122,0.0,0.0,0.0,0.0,0.0,0.0,0.0,0.0,0.0,0.008480517588269709,-0.004906299633624765,0.0,0.0,0.0,0.0,0.0,0.0,0.0,0.0,0.0,0.0,0.0,0.008726580487091698,0.0,0.0029881769893778456,0.0,0
0.006274535007589449,0.004362230892532681,0.0015464597525524238,0.0022516348309928754,0.0,-2.2155790943590537e-05,0.003100292372075514,-0.0044894187312598454,0.003360900839637057,0.0013539138799767872,0.005476390177472262,-0.0054211886421542755,0.0020131741994574405,0.0,0.0049027033466480605,0.0034595532074170434,0.0,0.0027537813764558117,0.0,-0.003154296981240079,0.0,-0.0045479173749898094,0.0,0.006214174879673344,-0.011658158467579772,0.00284914372626258,0.0,0.0,0.006808172683899521,0.0014706336880512439,-0.00021494988610650892,-0.0032421648989705977,0.005266597396683814,0.0,-0.02573975145682119,0.0,0
-0.005051676458346068,0.0009570038213590143,-0.0018030831912679189,0.0021811000765296273,-0.0017570368060925328,0.002731227966785811,-0.0012998721438377877,0.0016338433906545376,-0.0002043875433156523,-0.00020852461334416376,-0.0025876033011932548,0.0027907610282597996,-0.0006969208564629586,-0.0026619501603177133,-0.002451503386478788,0.0,-0.005148779438743353,-0.0018880226051464556,0.0,0.0072770197599470385,-0.001966717502825307,0.001367869294677998,-0.0018420313260205027,-0.004188503574702901,0.0033488207222142517,0.0,-0.0031051273014634532,-0.0032076395251404268,0.001794125167947154,-0.0007581274246535631,0.0,-0.00030173757871067536,-0.0018796642856971192,0.0014912029618843418,-0.0002606998027304408,0.0,0
0.0,0.004014141591908492,0.0017288111034391204,0.003842255445098747,0.001089353591639754,-0.0009464832035236543,0.0,-0.0011534451706754344,-0.002721809448863476,-0.0031400738981257003,-0.002738248815152108,-0.002094544276708732,0.0048029781956873685,0.0,-0.0006635164261567559,-0.0017620542316202823,-0.0041144854771579765,0.0,0.0018199533430108797,-0.0005136620098992919,0.003784015775770074,-0.003752504124510352,-0.007308766684487451,0.0,-0.0019420679520249897,-0.0016773486737610358,-0.0020495138032064846,0.0010308141448016808,-0.003662821277821875,-0.004291553523817663,0.00032026292128846466,-0.0010328847174798574,0.0033994631232176268,0.0033008584573928847,-0.001311207549713457,0.0,0
-0.0005210813847760039,-0.001608246377950469,-0.0008288191321429553,-0.0009863155292726725,0.0,-6.670398893128124e-05,0.0,0.0,0.0,0.0,0.0,-0.0007791080031794678,0.0027978392277195536,0.0,0.0,-0.0009841243269558923,-0.002297203280782053,-0.0021727754520250568,-0.0016283267867637655,-0.0010505631998730723,0.0,0.0,-0.0007794196881942283,-0.001028841714721266,0.003251459202550235,0.0039018938265906306,-0.0031322877634060815,-0.0024074586333567246,-0.0014590435702026598,0.0,0.0,0.0,-0.006646203485315637,0.0,0.002521900929994384,0.0,0
-0.009287708692335563,-0.003933764164773465,-0.0032478286313804535,0.0,0.0006112704630191995,0.0,-0.0004361469824856374,0.0,0.0005919089182699045,0.0,-0.001885783587492918,-0.0013425563252020686,0.0,-0.002444079372409796,0.0020917116653905487,0.0,0.0,0.002199534957391191,0.0006933133567433971,0.001022259627163064,0.0031336830302295306,0.00020915167129945545,-0.002348713416241668,-0.0010902321087852662,0.0015548599917890584,-0.0014371611600815905,0.0,0.0,0.0,0.0017588837549867018,0.0,-0.0008205169552466503,0.003556977463525597,0.0,0.0031899964371958304,0.0,0
0.0,0.0,0.0,0.0,0.0,-0.0003007835918245902,0.0,0.0,0.0,0.0,0.0,0.0,0.0,-0.0021200208724602675,-0.0004902199724227188,-0.0005460944602946699,0.0,0.0,0.0,0.0,0.0,-0.0014208755059344695,0.0,0.0,0.0,-0.00032237298840300226,-0.0006814924985648985,-0.0022023073029868957,-0.0017281973658891529,-0.0020534806071594858,-0.0007761359622936492,0.0,-0.0024241694808898903,-0.0015863645516983865,0.0,0.0,0
-0.013810347790714914,0.00221134349780737,0.0022657184899514664,0.0001561587697148162,0.0,-0.002621436024202565,0.0038152700319471784,0.001156964367397956,0.00046971544790600243,0.0,-0.0008290577085029181,0.0,0.001816880624700022,-0.004149969452303153,0.0,-0.0017910197562266,-0.0007310903679593181,0.0007871124550157665,0.0,0.0,-0.0038497685999935986,-0.0018227716984204067,0.0,-0.0005848767931025964,0.0010845360893195091,-0.002014606661090646,-0.00016006584052487735,-0.004289592362366357,-0.0016898858132372596,0.0,0.0017766437255115905,-0.0026798590706452186,0.00606121883173728,0.0,0.003332428162198836,0.0,0
-0.00964618992767714,-0.0018516207969725593,-0.00045534215299732403,0.0,0.0,-0.0007973230344415329,0.0,-0.0005035563598258195,0.0,-0.00020463137490752797,-0.0004335845879049231,-0.0008444659058542522,0.0,-0.0024485640359794936,0.0,-0.001123994489193241,0.0,0.0007468848322766631,-0.0010551246306041604,0.0,0.0029755640799017926,0.0,-0.000529245076078553,0.0,-0.0001937984521762832,-0.00033945022505526374,-0.0013804383372553756,-0.003248004047576174,0.0,0.0,0.0015807180223491829,0.0,-0.0008027680306360262,0.0018095897096624416,0.0012707279404460432,0.0,0
0.014113246362986344,-0.002044645415589974,0.0,0.0,-0.0029861376099478442,0.0,-0.003072106010409172,0.0,0.0,-0.00037084421673006147,0.0005240963634693918,-0.002333826673111932,0.0,0.0,0.0,-0.004109266857294146,0.000978888577584117,0.0022995872553396345,0.0,0.0,-0.0026340177536222408,0.002107457512151122,0.0,-0.0010503911053481323,0.0,0.0010735061913688738,-0.0012441805337011717,-0.006196513172051826,0.0,-0.00027744324328627887,0.0,0.0,-0.001918100963928775,0.004250536802835128,0.0,0.0,0
0.03822490458952886,0.0022731320943982385,0.0,0.0,-0.030392822223949824,0.0,0.0,-0.01905897621187653,0.0,0.0033504826034456703,0.007135224840440445,0.0,0.0,0.030187299519419442,0.0,0.0021978202947921387,0.0,0.0,0.0,0.0,0.0,-0.0016587125050595937,0.0,0.043355439039508364,0.028122661645140015,0.0,0.0,0.028242844104214362,0.013720440273237074,0.0,0.0,0.0,0.03261857085783419,0.0544621019295777,-0.06910199829490454,0.0,0
-0.0028433322380079125,-0.0027975876420300414,0.0,-0.0005790004834759954,0.0,0.0,0.007126169155103917,0.0,0.0,0.0,-0.001233825804992045,-0.0026569022489344465,0.0,-0.0013852592575416764,-0.0006090520919351804,0.0,0.0,0.0,-0.0012519271539262141,0.0,0.0004412981114347016,0.0037927493502496914,-0.0005742267158036239,0.0,-0.00581696018173397,0.0,-0.0008256315689025265,0.0,-0.002267103071074093,0.0,-0.0018376479690953376,0.0,-0.004835815071539872,0.002715958560727751,-0.0020087226174385128,0.0,0
0.0,0.0,-0.0006611383714486026,0.0,0.0,0.0,-0.0005911330624875199,0.0,0.0,0.0,-0.0007946529955400436,0.0,0.0,-0.0010124830094198304,-0.0011399986070730781,0.0,-0.003915843316996731,-0.0007265671453968237,0.0,-0.001577072640139628,-0.0020379713767444962,0.0,-0.0022653163995968594,0.0,-0.002124052452106985,-0.0016347224959038982,-0.0005287885329103468,0.0,-7.779954541130108e-05,-0.0010877687608481393,0.0,0.0,0.0034220412124351535,0.0,0.0,0.0,0
0.0,-0.0014696389828442148,0.0,-0.0012039029640358275,-0.00015151722102824716,-0.0009474840200796549,0.0001774209522748362,-0.0009487714413606206,0.0,0.0,-0.002426023921755157,-0.001104565554583029,0.0,0.0,-0.0008797359103267228,-0.0027165802850821425,-0.0056631029908035205,0.0,0.0010661002137861406,0.0,0.0,-0.0013360134234214097,0.003031317683349473,-0.0019279671136118843,-0.004149032550333897,0.0,5.8824194421926595e-05,0.0017369758153482607,0.0,0.002645751844498979,-0.0005741517292068947,0.0,0.0,0.0,0.0,0.0,0
-0.0036295896008396627,0.0,-0.0030713182681033594,0.0,5.2847778967188114e-05,0.0,0.002774288228791374,0.005433236637242847,-0.0016732756939402877,-0.003966783938002748,0.001033449338724313,0.0015715945818141402,0.0,-0.0007691220061405384,0.0,0.0,0.0,-0.003309721248122069,0.001028174910740153,-0.0011039169999985407,0.0,0.002262521499697079,-0.0016491853458176133,0.0024173099640290114,-0.0010267119995528435,-0.0005326266099764409,-0.00303197040309043,-0.0011195389248156717,-0.0015317248211270801,-0.002357799528317372,-0.0010973789106996945,-0.0043702720806504045,0.0,0.0006005505501822344,-2.6800858682670542e-05,0.0,0
0.005756540786341084,0.00174325413228982,-0.002252169511658409,0.0,-0.0010475323848285474,0.0,-0.0002546771600707028,0.0,-0.0015505360561760984,0.00044946499758836516,-0.002678869138815363,-0.0011992838532302874,0.0,-0.0023510526907198634,-0.0016062702815596804,-0.0021310906167856126,-0.0016267600079893504,0.0,0.0019135648622108949,-0.002048843440444772,-0.0018507052412724872,0.0012644142877392445,0.0,0.0,-0.0030666916357195454,-0.0017545303918070096,-0.0003165527857893609,0.001089912916333775,-0.0021107216839797173,0.0,0.0,-0.0005438942898076527,0.0,0.0018874471757277752,-0.0023400846319715975,0.0,0
-0.0008992778977932207,-0.0008879096098923331,-0.0006827404661249473,-0.001608950874324306,0.0015246483220842763,0.0,-0.000537659710982816,-0.0005021338222812139,0.0,0.0,-0.0015504837855316229,0.0,-0.0008672638129615779,0.0,-0.0001646493567672701,-0.0028403015363254974,0.0039548872655461795,-0.0008857084009325489,-0.00020389881995731796,-0.001315798658759596,0.0,-0.0003634431584275298,-0.00325226950232291,0.0,0.0,0.0,0.0,-0.0006312905231054573,0.0,-0.001448782629587605,-0.0007739828039108771,0.0,-0.005429883216751788,0.0,0.0028967540814619774,0.0,0
0.0,-0.000933581244515124,-0.00329190484075299,-0.0005663941194678781,0.0,0.0,0.0,0.0029871041720977896,0.0,-0.0007612278485391402,0.0,-0.0016904943630121744,0.0,0.0,0.0,0.0,0.0009089012867474286,0.0,0.0,0.0,0.0,0.0,-0.0025456513327900125,0.0,0.0,-0.0006246274868572357,0.0,-0.003323285538190372,0.0,0.0,-0.0004236727527456097,-0.0013349022119802426,-0.005705596389344466,0.0010405213821033231,0.0011636609077596213,0.0,0
-0.0044731787906127154,0.0,-0.0005563077036315758,0.0,0.0,0.0,-0.0009747051102604766,0.0,-0.0011850708174405962,0.0,-0.0003379346825017273,0.0,0.0,-0.0004518613273326499,-0.000291727569626878,-0.00015093080911530234,0.0,-0.00044995582663507185,-0.00011766116397050037,-0.001558840129620037,0.0,-0.0010006319730684918,-0.0010066900352266954,0.0,0.0,0.0,0.0,-0.001679652842366336,0.0,0.0,0.0,-0.0008889793358382852,0.0,0.0,-0.0005269393715503674,0.0,0
-0.0015780386160405494,0.0,0.0,0.0,0.0,0.0,0.0,0.0,0.0,0.0011592300643265753,0.0012464274675691898,-0.0013123509649310612,0.0005993515843723026,-0.0008122520757628335,-0.0005568626999021934,-0.00021050377688695563,0.00166939679765998,0.0,0.0,0.000995876849656006,0.0,0.0,0.0020696087329767237,0.0,0.0,-0.0019949773233101545,-0.0007816263035669511,-0.003572405085827098,0.0010764555114765987,0.0,-0.001601404422800939,-0.0012578355226744034,0.0013073310607343057,-0.007562712095237813,-0.002997413633325348,0.0,0
0.0,-0.0003333592927859618,0.0,0.0,0.0,0.0,0.0,0.0,-0.0016122516398882681,0.0,0.0,0.0,0.0,0.0,-0.00033768144855029136,0.0,-0.0028909616705137427,0.0,0.0,0.0,0.0,-0.0005505866023982308,0.0,0.0,0.0,0.0,0.0,-0.0006240594058797628,0.0,0.0,0.0,0.0,-0.003729477731635035,0.0,0.0,0.0,0
-0.0012702909912584823,-0.0032124360854423315,-0.0019294980062897955,0.0,0.0,0.0,0.0,0.00018715785925637755,0.0,0.0,0.0022623467467760656,0.0,0.0,-0.002746744429443795,0.0,0.0,-7.580736683785602e-05,0.0011756347656108716,0.0006354957253864067,0.0015105273320677609,0.000416757820670576,-0.004003874313859675,-0.0030498085500270835,0.0,0.0007737903985352151,-0.00010695278844733841,0.0,0.0,0.0,0.0,0.0,0.0,-0.0072053913164726755,0.005616735277378688,0.0039387335510987186,0.0,0
0.0061000938022751725,-0.003931484105604808,-0.0027401271652214157,0.0,0.0013331283610365505,0.0,0.0,0.0,0.0,0.0,0.0,0.0,0.0,0.0,0.0,-0.0008972516070942794,0.0,0.0021572190198060827,0.0,0.0,0.0005124749145952511,-0.004880948164334504,-0.006814652535569144,0.0,0.0012490285933928957,0.0,0.0,0.00288235554662991,0.0,0.0005391692383962561,-0.00039440288630919186,-0.001623480394516883,-0.003966847286980781,0.0037343144994092456,0.002789239677968857,0.0,0
0.004012453943321914,-0.0009933752482709467,-0.002515008738047327,0.0,0.0,-0.0002817003700606795,0.0,0.0,0.0,8.718124231382184e-06,0.0,0.0,0.0,-0.0032625002735462037,-0.0007903050421904187,0.0,-0.0061396953801909765,0.0014637902258168682,0.0,0.0035179241459407126,0.0,1.7046724672570174e-05,0.00268415289938951,-0.00147267660516923,-0.0035753300490201146,0.0,0.0,0.0,-0.0029428980057280936,-0.0019669390171166436,-0.0008161449944265394,-0.0016022364947081663,-0.0037367676223376924,0.0,0.002440095342901308,0.0,0
-0.0050245561815043995,0.0,-0.0015716336351006709,0.0013068444820306256,0.0,0.0,-0.001649689929751884,0.0,-0.002630913453275296,0.0,0.0,0.0011174631768748001,-0.00044104128387655815,0.0,0.0,0.00026015590029909334,0.0002582270593058497,-0.0012289665890160366,0.0,-0.0012094914626905161,-0.0015267337259277673,-0.0009056708421616056,-0.0030215067294589604,0.0,-0.003477551442020211,0.0009039566700392563,0.003918943378240954,0.0013475096811096602,-0.002897637645281705,0.0,0.0,0.0,0.0008047914308772879,0.0,0.0,0.0,0
-0.006739847866564002,-0.0024609076071821353,0.0,0.0,0.0,0.0,0.0,0.0,0.003955365751865682,0.0,-0.0005539458909635487,0.0,0.0,0.0,0.0,-0.0008715237168200467,-0.003090717845761622,0.0,0.0,0.0,0.0,-0.001741858753851887,0.0,-0.0004782588663494286,-0.0020926845351084177,0.0,-0.000515523865011832,0.0,-0.00082368067694306,0.0,0.0,0.0,-0.002147843243907474,0.0,0.0,0.0,0
0.0014438422067456981,0.0,-0.003141092721159004,0.0,0.0,0.008223608939354705,-0.002686176278209174,0.0,-0.0020144378818497204,0.0,0.0016765605948210957,0.0,0.0,-0.0030769523640496346,0.0,-0.000851130948979448,-0.004236911806631149,0.0,-0.0013904812957938938,-0.00015469262546773934,-0.001186842408133556,0.0,0.0,0.0,0.0,0.0015491520872761718,0.0,-0.003058089961550889,-0.002159911052380346,-0.003462012880202172,0.0,0.0,0.0,0.0,-0.0032488222890174785,0.0,0
0.0017744322516014567,-0.0037917090968292936,0.0,-0.003690552487975059,-0.003270604598002661,0.0,-0.0012914281029794803,0.0,-0.0021326258849120273,-0.0014891120506180982,-0.00039475414820879635,-0.0014158060621052297,-0.001751463913119219,-0.0006515723236493443,-0.0005979564228465303,-0.0003000599361666613,-0.0007198591891529135,0.0,-0.0016164117449674457,0.0,0.0,-0.0002482021437127253,0.0,-0.0004725259011931359,0.0,0.0,-0.0022098103141836496,0.0,-0.0014721393473355725,0.0023958297486636336,0.0,0.0,-0.001612138935585273,0.007640958288078368,-0.00024860112928209305,0.0,0
0.004787419278152955,-0.004082807681905424,0.0,0.0,-0.0013554081169819337,-0.0016463803335468492,-0.0028627993455845784,0.0,0.00013522013969582134,0.0,0.0,0.0,-0.0015192881595998736,0.003962196813875342,0.008626352380710781,0.0,-0.0012352003707952496,-0.0032286701822762344,0.0,-0.0006478480368671488,-0.003348011141931473,0.0,-0.001962900835290593,0.0014261115338337655,-0.0028563654466648007,0.0020212249525709204,0.0068823488205587945,-0.004090131862693829,-0.0034635184411550266,0.0,-0.00095882701401323,-0.0034045975511396115,-0.003077883293493886,-0.0030618756546196115,-0.002604473895320772,0.0,0
-0.00616668612352621,-0.004259917426420862,0.0007747016140202711,0.0,-0.0017639562667028715,0.0015027047015581624,0.00022835684554560324,-0.001962540597772603,-0.0010420639784206548,-0.0003291906926952276,-0.001591964835351819,0.004144376415209689,0.002563520719877419,0.0,0.0,-0.0015272211585457796,0.002146276391326862,-0.0016406219000725205,0.0,-0.0016803218410562121,0.0,-0.001815125301408284,0.0013957323186999215,-0.0013767639239652151,0.0,0.0,-0.001563568052911047,0.0,0.0,-0.002434859829260801,-0.0019763211071579267,0.0014847662288508061,0.0,0.0,0.0011070416534415643,0.0,0
-0.004412876937838522,0.0,0.0,0.0,0.0,0.0,0.0,-0.00017008595637113416,0.0,0.0,-0.00018720262057683731,0.0,0.0,-0.0007021982154577509,-0.0011294785044420753,0.0,0.0,0.0,0.0,-0.001870317245367549,-0.001020585797397908,0.0,0.0,0.0,0.0,0.0,0.0,0.0,-0.00046281063633661266,0.0,0.0,-0.0006193268274312097,0.0,-0.0030397083529834137,-0.0032372805322194963,0.0,0
-0.01283890699756833,0.004554265877517021,0.0,0.0,0.0,0.0,0.008852676246840104,0.0,-0.00322603672152162,0.0,0.003532060326999254,0.00019019347970926587,0.0,0.0,-0.0041378640320017205,0.0,0.0,0.001497714719405078,0.0,0.0,-0.0038186776190114765,0.0,0.0021360461516265455,0.0,-0.003341921130475456,0.0015728653564476868,0.003921654642703345,0.0009865620060722407,0.004374175682615197,0.0,0.0,0.0,-0.00989680690996673,-0.005460682211217529,0.009846691355863298,0.0,0
-0.022233688086953037,0.003342326760789546,0.0,0.0,0.0,0.0,0.0019036469296512253,-0.0004233240493864517,0.00044965680868960567,0.0,-0.0007606448770793151,0.0002519157903220363,0.0026177100431052204,-0.0016254256330784575,-0.0011942836389795776,-0.001692001669995864,0.0017364310147781623,0.005149307697799542,-0.0009278358013366926,0.0,0.002916934912527343,0.0033926488904343017,-0.0022040163495921274,-0.00046018751329276683,0.0009249487151413243,0.0,-0.005391128232025896,0.000197494780223584,-0.0005925578261417139,0.0,0.0035176353439629955,-0.002560635610871113,0.0,-0.0021852532836511337,0.0,0.0,0
-0.02439121542150089,0.0,0.0016174311696344691,0.0,-0.001689403417022574,0.0,0.0009631282480312089,0.0,0.0,0.0,0.0005858402738515526,0.0,0.0,0.0,-0.002732596274583486,0.0,0.0,0.0,0.0,0.005122151213104579,-0.004274227204399371,0.0,0.0,0.0034270840825237916,0.0,-0.0006046559953381493,0.0009507431965531924,-0.0014143158649143712,0.0,0.0,-0.0016408943275890216,-0.0011816726525263244,0.005630711434698995,0.0002630974337831058,0.002567781772239895,0.0,0
-0.003061791632583752,-0.003274301653484504,0.0012957041441949563,0.0,0.0,0.0,0.0,0.0,0.0009813695226559066,0.0,0.0,-0.00013298650374136015,0.0,-0.0014991936779786643,0.0,-0.004918621478087741,0.0,0.0,-0.0003912742316273639,0.0006240232150741907,0.0,-0.0005208848976215909,-0.0013074326946568985,0.0,0.0,0.0,0.0,-0.002616273147735718,-0.0006235374249356346,0.0007816672850793409,-0.0005877791610860873,-0.001876388984955977,0.0006771751117373787,0.0,0.0017069501478707422,0.0,0
-0.0034026855090947567,-0.0033121155314802396,0.0015063654485700025,0.004521211000180475,0.0,-0.0019636229854444564,-0.002619543080351607,-0.0015743658127696846,0.0,0.0,-0.001698532447681931,0.0,0.0,0.0,0.0,0.0,0.0,0.0,0.0009258673555579395,0.0,-0.0021752502171803858,0.0,-0.0007739672267408026,-0.0008248459420120576,-0.005070184587711166,0.0,-0.0007807839461874322,0.0,-0.0009852500723117185,0.0,0.0,-0.0006976697742950931,0.001567391483707506,0.0,0.0036922230706586887,0.0,0
-0.016962174595245044,0.0,-0.002525405250553094,0.0,0.0,0.0,-0.0027049274534174535,0.0,0.004224172345182655,-0.0020996464058538554,0.0,-0.001638356076366025,0.0,0.0,0.0,0.0,0.0,0.0027513481079045016,0.0025736769558756555,0.0008681156341477432,-0.0047530000867591045,0.0014319291475988667,-6.818521070564367e-05,0.0,0.0,-0.0020252191584782205,0.0,0.0,0.0,0.0,0.0008772107322148572,0.0,0.0013243429031140708,0.0,0.0027946837120349823,0.0,0
-0.00960772329038942,0.0,0.0,0.0,0.0,0.0,0.004044848428662043,0.0,0.0,0.0,0.0,0.0,0.0,0.0,0.0,0.0,0.0,0.0,0.0,0.0,-0.014219613652362562,0.0,0.0,0.0,0.0,0.0,0.0,0.002422714167448486,0.0021661702070779752,0.0,0.0,0.0,0.0,-0.0025178665580246275,0.007866288628039932,0.0,0
0.024098172836275394,0.0,0.0,0.0,0.0,-0.007130780263905145,0.0022528269131990406,-0.0011918039169754467,0.0,-0.007680209696521499,-0.00014406404829174876,0.00688240303690683,0.0070151596251463,0.007418687341770071,0.004608661943049349,0.0037816850158758756,0.012166893479890677,0.011250452736352496,0.0,-0.011400927492963056,0.005708765190827012,0.0040745815347200095,0.0,0.0,0.0004323040521100981,0.0,-0.00527961605608145,0.0,0.0,0.004140361155759632,0.004098863488426314,0.0,0.0,-0.024584864679148034,-0.005156838477003281,0.0,0
-0.00886701590924722,0.005614162215114548,0.003940705071698415,0.0021476428967895714,0.0,0.0,-0.00325380361093391,-0.003109715466504863,0.0,0.0,0.00490675633639418,-0.00040924052746329467,-0.004453748321387376,0.0,0.0,0.0,0.0,-0.0018098208520195681,0.0,0.0,-0.0028361923602219768,-0.0024529381758949444,0.0,0.0,0.0,0.0,0.004593832500918904,0.0074860954899585545,0.0008123780322355399,0.0,0.0,0.0033503969151678793,0.013924801290374919,0.0024309185240408327,-0.019145333060728496,0.0,0
-0.003092152966161027,0.0026283985926269723,-0.000985814144350101,0.0,0.0,0.0,0.0,-0.001088510700878268,-0.0020687916526876344,-0.0003103178202636402,0.0,0.0,0.0,-0.0020414058650350645,0.0,-0.000387145547750298,0.0,0.0,-0.000929152336349707,-0.003067932498209495,-0.0012647276483217379,0.0,0.0,0.0018054788696984273,0.00021426213463953807,-0.0007870905605160071,-0.0017629734106635437,0.0,-0.0006854238807166632,-0.0015548904148057197,0.0,0.0,-0.0013776091010182859,0.0,0.0,0.0,0
-0.00236068013385615,-0.00360696133344415,0.0006067663276092417,-0.0024815276494662792,0.002288655840739389,0.005642004143533956,-0.00037456416584159244,-0.0015415474889685467,-0.0024573644524465933,-0.0012181219933183848,-0.0026352579333317415,-2.1005069351251029e-07,0.0,-0.003906683219584221,-0.0016681232017892967,-0.003701151521014769,-0.0019037532736785015,-0.00030192830591901183,0.0,0.005582730544918083,0.001271045150255263,-0.0013508901309686615,-0.0038618073727558844,0.0030070049836475573,-0.004235728197367573,0.0,0.002020466037454518,-0.001786551083003261,0.0,0.0,0.004422686563687895,0.004111547540513252,-0.001161758900350205,-0.0016057631125330615,-0.004558209402606584,0.0,0
-0.007898615329518506,0.0,0.0,-0.0003451659898864393,0.0,0.0,0.0,0.0,0.0,0.0,0.0,-0.0009357446544633879,-0.0003377764798397818,0.0,0.0,-0.0025130527163518155,0.0,0.0,0.0,0.0,0.0,-0.003890374018327904,-0.0010643711568045654,0.0,0.0,0.0,0.0,-0.001988471879049521,0.0,0.0,-0.0005514476270693007,0.0,0.0018230827187532606,-0.002896324984722721,0.003844182038745196,0.0,0
0.005108881214232847,0.0,0.0,0.0,0.001030909881603709,0.0,0.0,0.002255580501060561,0.0,0.0,0.0,0.0,0.0,0.0,0.0,-0.007227308945712031,0.0018424274284816777,0.0,0.0,0.005760974419134805,0.01163554737761355,0.00037746344495554406,0.0,0.0009208111806661486,0.0,0.0,0.0,0.0,0.0,0.0029947261424449205,0.0021411975700712,0.0030799376187878886,0.012030142003180385,0.0,-0.015716788564983465,0.0,0
-0.006617327636120536,-0.002597956000918055,-0.0027969507651394786,0.0020739528735751185,0.0,0.0,0.0,0.0,-0.001602162127013093,-0.0010350694911960183,-0.0019879722175898985,0.0,0.0,0.0,0.0,-0.0006359512444528765,-0.0017336589064034186,-0.0009070204735588162,0.00014926414888600416,0.0,0.0,0.0020630807451094994,0.0,-0.001843449876910406,0.0,0.0,-0.0007132218077659356,0.0013697460572844472,0.0,-0.0013886205378668087,0.001093915602650248,0.0019320402658872806,-0.0035035474233501814,0.001302772294977233,0.0009614133757041184,0.0,0
-0.013813049336152055,0.0,-0.0022093315809549384,0.0,0.0,0.0,-0.0012307800400287493,0.0,-0.0036434796188103227,0.0,0.0,0.001714963217211792,0.0,-0.0009738290146962155,0.0,0.00120281507098695,0.0,-0.0014102129875486246,0.0,0.0,-0.001169770092715181,0.0007336319875348968,-0.0012599000174915449,0.0,0.0014101803865522516,0.0,0.0,0.0,0.0,0.0,0.0015251806580022956,0.0,0.002466067954276227,-3.6302178120298234e-06,0.0,0.0,0
-0.003646125352634501,0.0,-0.00036069522330403684,0.0,0.0,0.0,0.0,0.0,-0.0017837937962564216,0.0,-0.000993619780361676,0.0,0.0,0.0,-0.0010477458510714452,-0.00021953512784545455,-0.001584250619064536,0.0,0.0,0.0,0.0,-0.0002257667750269211,0.0,-0.0031573168940817213,-0.0008906702759398583,0.0,0.0,0.0,-0.0015245211788928346,-0.0007917096649269081,0.0,0.0,-0.0014262586115092353,0.0,0.0,0.0,0
0.0,0.0,-0.0010814400685819315,0.0,0.0,0.0,0.0,0.0,0.0,0.0,-0.0018626992603654367,-0.0020984389913811055,0.0,-0.0012945252000607038,0.0,-0.0018991812442666026,0.001728384859843438,0.000521706806536158,0.0,0.0,-0.003113523916471432,-0.00014646075145838017,0.0,0.0,0.0,0.0,-0.0032484436983617336,-0.0023436624639880765,-0.0015447261833200973,0.0038678823460929386,0.0,-0.0009573074774333866,0.0,-0.0028651603412600574,-0.000805266558023824,0.0,0
0.0,0.0,0.0,0.0,0.0,0.0,-0.001863306504542508,0.0,-8.498634886261758e-05,0.0,0.0,0.0,-0.0005230775022395875,0.0,0.0,-0.002337494115981693,-5.077238676725824e-05,0.0,-0.0009622876371924518,0.0,-0.0025437470841520723,0.0,-0.0004301830055874097,0.0,-0.001792157184987862,0.0,0.0,-0.0001718443413624322,-0.0013399245214110983,0.0,-0.001004850628436206,-0.0005764596722221936,-0.001561777857330611,0.0,-0.0025011684179735653,0.0,0
0.0036348127528183435,-0.0027954748140685756,-0.0009893455271370237,0.0,-0.00038156975336684276,0.001337855508000037,0.0019815317360258504,0.0,-0.0005791841202545281,-0.0012128155817714094,0.0013695550323690382,0.0,-0.0017362485698913881,0.0,0.0,-0.0017995211711862983,-0.0003225499462074703,-0.0007594999262658163,-0.0019502923618977984,0.0023909914173180164,0.0021758245259781875,-0.001602955485757187,0.0005742578490813306,-0.002244969217927118,-0.0046619668015114146,0.0,0.0008427837494848102,0.0009094096507256087,-0.0009779778829628254,-0.0023247288342988,0.0,7.360514993035039e-05,-0.005711809153120189,-0.002683503767926495,0.0027514752972097566,0.0,0
0.003518322314586242,-0.0013033550354379676,-0.0023874533885876246,0.0,-0.0007816320247207003,0.0,-0.002797526915432643,0.0,-0.0025063705072150694,0.0,0.0,-0.0005455110984500332,-0.00012108191430314982,-0.001398285306433765,0.0,0.0,-0.00036250273957387887,-0.0018295884378251206,-0.0008794189625837526,0.0,0.003310411953892323,-0.00014798552562182176,0.0,0.0,-0.0016264170235841735,0.0007620207402561374,0.0,0.0,0.0,-0.001621777072776364,0.0,-0.0007900083523321921,-0.003797643119311635,-0.0019209873211709536,0.002534479490016294,0.0,0
0.0,0.0,0.0,0.0,0.0,-0.0003735013615287428,0.0,-0.00032085014555971285,0.0,0.0,-0.00035726187660934245,-0.0006423776948993412,0.0,-0.0005949682789690414,0.0,-0.0021024019778543707,-0.0009837493504986743,-0.00013306778759227228,0.0,-0.0008717659320931493,-0.0012420925656912232,-0.0030421497395170744,-0.0011757502838468487,0.0,-0.003395145775833124,0.0,0.0,-0.002311782997547547,0.0,0.0,-0.0002526278840030486,0.0,0.0,0.0,0.0018442038234815702,0.0,0
0.006676648873696171,0.0007889143509622016,0.0008251548156299805,0.0,0.0,0.0,-0.0035284505677332027,0.0,0.0,0.0,-0.0011559153940464148,0.0,0.0024370551654876995,0.0,0.0,-0.0021208432529315076,0.0015439679793247934,0.0,0.0,0.0018353652159487372,0.0,0.0,0.0,0.0,0.001520228728038689,-0.0014308333531505314,-0.004679108596792279,-0.009988662096420884,0.0,0.0020113440580567014,0.0,0.0,0.0023843899994619782,-0.003020418208066775,0.0,0.0,0
0.005932970734538601,0.0010400429911694513,0.0020341958557879474,0.0004443249214165697,0.0,0.0,-0.0021863006337960933,-0.0025212510459328044,0.0,-0.0016671050215984573,0.0,-0.0006182119042161982,0.0,-0.0012830733746860828,0.0,-0.002434328811529377,0.0014229399050325986,0.00301361571133456,-0.0006629212881237921,0.001578238527381391,-0.003899669327680885,0.0014486401090641145,-0.0027969472455738817,0.0,0.0006270356012479443,0.0,0.0,-0.01050659806973861,0.0007597267605652133,0.0006297095212820522,0.0,0.0,0.00288613188963869,-0.001054488603182684,0.0019121605150650908,0.0,0
-0.00729014842700274,-0.0006474328175461767,0.0,0.0,0.0,0.0015480269260041673,0.0,0.002561115368465535,0.0,0.0,-0.0008872091004361363,0.0,-0.0017599066347733139,-0.0029714619171631825,0.0,0.002058489845712579,-0.004956232072490221,-0.0003814537745115739,-0.001693479662987131,0.0,-0.0007342405476375399,0.0,-0.0005491561695123835,-0.00013889159252384695,-0.0028221214742945727,0.0,0.0,0.0,-0.0017143763232720058,-0.00046196995000289705,0.0,0.0,-0.0008058632919893796,0.0032389707196490165,0.0010360838831652702,0.0,0
-0.0018028412571105107,-0.0026293252868210644,-0.0009097871331083773,0.0,0.0015575936773959255,0.0,-0.0003633381373501082,0.0011723916752566393,0.006426957575714703,-0.0027532109497302275,-0.002375930257017095,-0.0023652759012056878,-0.0009581666342802149,-0.0005771273055754279,0.002391528411192376,0.0,-0.0038972583037935873,-0.001131764734536587,-0.0011158564233864701,-0.0018101829549030122,-0.001042179256522532,0.0,-0.0010246365386886644,-0.00017246481327396265,-0.005366561876115456,0.0007714567789371695,0.0,0.004490403212752905,0.0,0.0,0.0,0.000822739114937215,-0.004762099777669061,0.0006641012331250246,-0.0009363871956995541,0.0,0
-0.0062189965298942535,-0.0021127149601248827,0.002642769135934927,0.0008853419745970887,0.0,0.002828153529705577,-0.0012169909155687114,0.0005213912048364675,0.0005346769114677234,0.004012056359513687,-0.00016130378347890565,0.004327357748849825,-0.0029309684365267405,-0.002614448375631811,-0.0015573553523357678,0.0,-0.002053927094806746,0.00217318341269386,0.005942736750278549,0.0008922933378038431,-0.008656727959598577,-0.002395027476665259,-0.001357997057361457,-0.0024414267300192877,0.0027170548556418087,0.0007483123628368794,-0.0015031857643055245,-0.0004157735510842547,-0.0020042922435261454,-0.0003610931778179685,-0.00023376071532516213,-0.001929377011299339,-0.007444165958518689,0.0,0.0025261706233385764,0.0,0
-0.009655994401134758,0.0033430522326159022,0.0007572628364419252,0.001212270328367316,0.0,0.0,0.0,0.00025685561573397466,0.0,-0.00015321954381529004,0.0,0.0,0.0,0.0,0.0,0.0005649574539609787,0.0018582216328008924,0.0012309455857191967,0.0,0.0,-0.0008764672690385797,0.0,0.0012857145459829202,0.0,0.0,0.0012138492380459232,0.0,0.0023960345533545263,0.0,0.0,0.0,0.0,0.0,-0.002107141632738997,0.0034440916526587233,0.0,0
0.038756387467975925,0.042032836028248574,0.0,-0.020088816810731824,0.0,0.009760165246528582,0.0,0.0,0.0,0.021091040219423682,0.0,0.0,0.011992879077932433,0.0,0.0,0.023593619190464685,0.0,0.0,0.0,-0.09598038835216241,0.06912069962610676,0.0006716601152432409,0.0,0.0,0.041551881300330634,-0.024410812092300373,0.015367875617352658,0.03310126184007073,0.012041087760230877,0.02652971781807325,-0.04809544939384928,0.017320853435370664,0.0178379985841658,0.027475587064026034,0.04430859615199817,0.0,0
-0.00929873828067864,-0.0022315011498471025,0.0,0.0,0.0008576027478547363,0.0,0.0,-0.0006399515613249114,0.0,0.0,0.0,-0.0007407930886984612,0.0,-0.0015227282487505335,0.0,0.0,-0.000997924725854238,0.0007350144022441912,0.0,0.0007743993436668492,-0.0034534127790218187,0.0,0.0002354397243693159,0.0,-0.0011394777004025561,0.0,0.0,-0.0009697417591945143,0.0006153948327074021,0.0,0.0,-0.0011553830800332633,0.001681923188779403,0.0,-0.00020427275811522178,0.0,0
-0.0026326288243427092,0.0,-0.002147099404413821,0.0,0.0,-0.0006408237843845817,0.0,0.0,-0.0010003028249329676,0.0009795770413480397,-0.0012259799499043074,-0.0017494704907688179,-0.0018542487909944418,-0.0010004424117144076,0.0,-0.0017627947229895207,0.0,0.0,0.0016006745209428978,-0.0007585619583589645,0.0024114599469835314,0.0,-0.0008418255154678052,0.001215369174623425,0.0006784486305482359,-0.0008106959065419595,0.0,-0.0009320064830402362,-5.310443365152036e-05,-0.0021170282807172133,-0.0016680766871762331,0.0,-0.003644228661820938,0.0,0.0010442288104511137,0.0,0
0.0029499217068133807,0.0014651330103906044,0.0,0.0,0.0,0.0,-0.0036930620796171115,-0.0010938805587419414,0.001846892346899946,0.0009406475628885888,0.0014639443535292933,-0.0013228140543694931,0.0002762040299133966,-0.002325264271204236,0.0,0.0,0.0014797420038465358,0.0,0.001638013398359198,-0.0012901479869530162,0.002044057336909053,0.0006222992792375646,-0.0022249193018812727,0.0010521513346447033,-0.0016258739455047105,0.0,0.0,-0.0015545140482493573,0.0013309512683346212,0.0003750164709633381,-0.0006154190505039497,-0.003983788319336104,0.002535476652104971,-0.008020095192957289,0.005334348464893647,0.0,0
-0.005745804023974732,-0.0005817225548288898,0.0,0.0,0.0009371428504588529,-0.001153486060956165,-0.002819621535509866,0.0,0.0021963859634440584,0.0,-0.0016674431551755792,0.0013107140763763902,-8.952292434948652e-05,-0.0022708987769717174,0.0012301924206787678,-0.0007992057244941252,0.0,0.002047433845469127,0.0,-0.00097873283788334,-0.003915068413458336,0.0016255900792926682,-0.001961277059294754,0.0009997645604238885,0.0008824613221315205,0.0,-0.000802050310519854,0.0,-0.0002880244500034381,0.0,-0.0005103888770949622,-0.0009448336604717388,-0.0025303596071158327,-0.0033540591366891448,0.0024077278148954342,0.0,0
-0.0005126897427227428,0.0,0.0,-0.0024479566500372092,0.0,-0.0021633356206644445,-0.0008380464344193997,0.0,-0.0024652734645153065,0.0,0.0,0.0,0.0,0.0,-0.0002452661710784416,0.0,0.0,-0.0025209013666830293,-0.000777266476687628,0.0,0.0,0.0,-0.0027133892186658017,0.0,-0.0014511120906097606,-0.00014854061461241826,0.0,-0.0034147095539477997,-0.0009040486226146592,0.0033938329788338385,-0.001081452081338208,0.0,-0.0010331729275378097,0.0017209985920021362,0.0,0.0,0
0.0031860414853721207,9.122615996607246e-08,0.10733135083523576,0.0,0.03260077286444819,0.01962526377919185,0.08895171449748696,0.0,0.0,0.0,0.11409520255675398,0.0,0.0,0.007586251965734898,0.0,0.0,-0.06657962639422065,-0.14167222641453292,0.0,0.07407749120058328,-0.114895734737121,0.0,0.044160230737412244,0.12020218540600852,0.02007244502136585,0.01456982964598513,0.040643029808312435,-0.09663800601446369,0.022416542001752714,-0.02161492653594524,0.0,0.050931953305224105,0.0,0.19342307165937545,0.13252040689634104,0.0,0
-0.004504596326548904,0.0,0.0038115726034139838,0.002607633239945355,0.0,0.0,0.002503478916498243,0.0,0.0,0.0,0.0053014790180859655,0.0009774274559279596,0.0,0.0,0.0,0.0,0.0,0.0,0.0,0.0027535469514370675,0.0,0.0,0.005732952309672479,0.0,0.0,0.0,0.0,0.006476711173284949,0.0038847662856787827,0.0016574892415475106,0.0,0.0017461000378006092,0.006373663142706812,-0.015797050522969938,0.019178549307204,0.0,0
-0.0029487573364373257,-0.0025190362212048852,0.0,-0.0018416861728147,6.628227764277712e-05,0.0,-0.0006557778219447409,0.0,0.0,0.0,0.0,-0.0008808947489730336,0.0,-0.0011122429749479904,-0.0009880456604279705,-0.0012353159350012243,0.0,0.0019728552882225217,-0.0005198957147941987,0.0,-0.004530763843059619,-0.000760211064008152,-0.000511924603687947,0.0,0.0,-0.0002552740442974052,-0.0012096028665123982,0.0012325500444267993,-0.00033815322991584754,0.0012709486778368674,-0.0016072239093221552,-0.0024929750054832247,0.002083160407900036,0.0003342866309578988,0.0022896175600177378,0.0,0
0.00733582535954845,0.0028144682779864525,0.0,0.0014431993407155788,0.0,0.0,0.0,0.0,0.0,0.0035311980036958368,-0.0002546696331280205,0.0,0.0,-0.0019991294697380762,0.0,-0.004740733493764339,-0.0017669168056095906,0.004229577260891947,0.0,0.0,0.0,0.0,0.0,0.0,-0.0020174706863786422,0.0,-0.0017508418844246754,-0.0037033972164427172,-0.0034340606869763366,-0.002341712138494934,0.0,0.0,-0.012215539097960016,0.0,0.0,0.0,0
-0.00608380505795699,0.0,0.003310137134940826,0.0012822705839996172,0.0,0.0008052587136684507,0.00014975313791626313,-0.0006838462421967255,0.0,0.0010967936388851297,0.0008338146270366262,-0.000493469674609352,0.0,-0.0006150749364428817,-0.0020185898131525933,-0.0024877045456104777,-0.0005315296782468787,0.0,-0.0009389697620616099,0.0020673801072389883,0.004150830753023283,0.002555970425976245,0.0,0.0,-0.0013452996670447362,0.0006770047658604597,-0.00021361779027822704,0.0,0.0006370528676872113,0.0004349761386854274,-0.001247103246600219,0.0014437940318065576,-0.01100596019687621,-0.002621594619684192,-0.003563640291658697,0.0,0
0.014506752789199313,0.0,0.011268677420078295,-0.005714535991873769,-0.003978859836648344,0.0,0.0,0.0020910715212291426,-0.013884097483046623,-0.005980271128692524,0.006667012144113049,0.0,0.0,0.0,0.0,-0.011592410537059861,0.016831005449006318,0.005118372177554674,0.005676286883319085,0.0019258383392904655,0.0013422454305104439,0.008903499602521132,0.0054170950159584015,0.0,0.007783295836282077,0.0,0.0,0.006245126734550763,0.011330417931509587,0.003072601178481414,0.007473316088881638,0.0014968612862711072,-0.02380938191748346,0.011145668566671325,0.0,0.0,0
0.0011685144035687783,0.00175311604909961,0.0,0.0,0.0,-0.000538982709318098,0.0,0.0,0.001017805174843091,0.0,0.0,0.0,0.00046889929271418313,-0.0022347231061333964,0.0,0.0,0.0,0.0,0.0,0.0010002777652458313,0.0024123305087231026,0.0,0.0017353175698931857,-0.000671917185116477,0.0016761338915134922,0.0,-0.0008177087917241157,-0.0017620889222830355,0.0,-0.0032902675008354156,-0.0011494001956180954,-0.0009196692097115152,-0.003615783991516265,-0.004615724412040992,-0.0024651856323365043,0.0,0
0.0024468708259194334,0.0,0.0,0.0,0.0,0.0,0.0,-0.002207380638823787,0.0,0.0,0.0,-0.0005555021072787099,0.003470052887921445,0.0,0.0,-0.0006406405257075883,0.0,-0.001517439704444699,0.0,0.0,-0.00223856562519909,-0.003171165083513762,0.0,0.0,-0.004050172231686381,0.0,0.0,-0.0009703796692874771,0.0,0.0,0.0,-0.0022389065118465783,-0.003212769145044334,0.0,-0.002749839962115412,0.0,0
0.0,-0.00034052802373574117,0.001269861776780875,0.0,0.0,-0.00035282736144268454,-0.0009031161820208796,0.0,-0.002579893291864332,0.0,0.0,0.0,-0.0027495355862929005,-0.00034492743098833744,0.0,-0.0015030396961870692,0.0,-0.002197255836297725,0.0,0.0,-0.0015093819742771088,0.0,0.006798695186078745,0.0,-0.002935701698802552,-0.0010043940595274884,0.0,0.0,0.0,-0.000690318440976445,0.0,0.0,-0.003824571059578559,-0.001025883489127463,-0.003818544922953568,0.0,0
0.026056613967403598,0.0,0.0,0.0,0.005380916486506533,0.003355943619182417,-0.013670211176914972,0.0028402808959522184,0.0,0.0,0.0,0.0,0.0035561172456385222,0.0,0.008970061056212198,0.0,0.010831748527350478,0.0,0.0,0.004854181229363579,0.004054394342945646,-0.00013042156786683976,0.0,0.0,0.017472066586844838,0.0,0.0,0.007545508810730988,0.0,0.0077151152075839915,0.0,-0.0127561685633775,-0.01112491913379923,0.01501548943972108,0.013327722162602182,0.0,0
0.0,-0.0009711129175570969,0.0,0.0,0.0,0.0,-0.0007980349499775534,0.0,0.0,0.0,0.0,0.0,-0.0007596057411972558,-0.0011230886261762326,0.0,0.0,-0.0008069976412943633,0.0,0.0,0.0,0.0,-0.0017012801810841484,0.0,0.0,0.0,0.0,-0.00251914363632515,0.0,0.0,-0.0004993749770806372,-0.001159663561533764,0.0,-0.0044974468248662695,0.0,0.0,0.0,0
-0.002102868784363632,-0.004901208771532356,0.004391888299079529,-0.0014583713378136926,-0.0019992130150496075,0.0025049334800267596,0.0,-0.0010880625560876654,-0.0020572363104410392,0.0,-0.0007384063923489002,-0.0019132033137881184,-0.0014274282766043181,-0.0020340346205997015,0.0,0.0017677050427896128,0.0008020795040089458,0.0014930902965216847,-0.003010405482287059,-0.0005378064610812761,-0.00039829622708300596,0.0,-0.0005749715235970392,0.0,0.0,-0.002410244398461924,0.0013102910556753507,0.0008972563656017002,-0.001242133903995316,-0.00047849914291688385,0.0,0.0,-0.00029306407365232225,0.002571114250274305,-0.00332142801044958,0.0,0
-0.004004645196792249,0.0,0.0,0.0,0.0,0.0,-0.0002465890389925893,-0.00031335385466976285,0.0,0.0,-0.0006662195068685441,-0.0010095112532392703,0.0,-0.00028829018131974315,0.0,-0.0017548329684604516,0.0,0.0,0.0,0.0,0.0,-0.001998032763444673,0.0,0.0,0.0,0.0,-0.0002980283979497213,-0.0007328206292566646,0.0,0.0,0.0,-0.00040579877606712817,-0.0057972920629729766,0.0,0.0,0.0,0
-0.0039850153589172385,0.0,0.0,0.0,-0.000941255132904844,0.0,0.0,0.0,-0.0002884781106249795,0.0,0.0,-0.001130669994742903,0.0,0.0,-0.001066118987783032,-0.0011133948310443386,0.0,0.0,-0.0003789342028244931,-0.0004181955465481902,-0.0003996507750326379,-0.002057722442180782,0.0,-0.00015309886157579913,0.0,0.0,0.0,0.0,0.0,0.0,0.0,-8.968456287570674e-05,-0.003228895869824304,-0.0015781530521654097,0.0,0.0,0
0.017998690825460986,0.009608450008383479,0.0,0.0,0.0024606204143888815,0.004359947942897791,0.0020182053243954323,0.0,0.0,0.0,-0.0013751909755389678,-0.007423963705588604,0.001506337328039051,0.0,0.01141306383865288,0.0,0.007535839654945578,0.0,-0.009686180765941695,0.0,0.022458807393680964,0.0,0.011133815898893274,0.0,0.002332855605736949,0.0,0.0024045985712916017,0.003968372215352506,0.0,0.0,0.00824263800190472,0.0,-0.04742913114723234,0.0,0.015806562115174526,0.0,0
0.0028655183913887626,0.0,0.0,0.0010823890065655762,0.0,0.0004117547415572608,0.0,-0.002950041398024113,-0.001480102279207265,0.0,0.0,0.0,-0.005312582428399502,0.0,0.0,0.001148556120787107,0.0,-0.0002602896034247458,0.0,-0.0010601555741493937,0.005635344018461529,0.001354767142349922,0.0,-0.000823183604185991,0.006471116076771641,0.0,-0.0017622325287481467,-0.014173560320755818,-0.0067627339805284795,0.0016554765701381538,0.000308678042035143,0.002872084341788173,0.0,0.002691812116407988,0.0030402167965601374,0.0,0
0.0034919793205328026,0.0,0.0,0.00680287512363526,0.0,0.0,0.0013404481784424765,0.0,-0.0020902888711560605,0.002311652873819254,0.0,0.007273582192705797,0.0,-0.0031629523444030856,0.0,-0.002534567580021555,0.0,-0.0026579008963274415,-0.001785623243318177,0.004073170861310723,0.0030521905905870356,0.0,0.0,0.00048691053376662423,0.0,0.0,0.0,0.0,-0.0015280761549163859,-0.0035937728712858953,0.0,-0.0015177832641028442,-0.01948395280913711,0.000996474719375537,-0.0013224588121008019,0.0,0
0.008704845689836576,-0.0007797443012615263,0.0,3.4130879340342024e-05,0.0,0.0,-0.005127688950764665,0.0009363804932393266,0.0,0.0,-0.0006789546591589053,0.0,0.0,-0.002228756374317489,0.0,0.0,0.002264052615026657,0.0024570824454888595,0.0004491355513538752,0.0,0.005494569825279308,0.0,-0.0018391575690017796,-0.0008999962416514398,0.0,0.0,0.0012861046285391026,-0.004412766737532786,0.0,0.0,-0.0013271104735177533,0.0,-0.006628250020257092,0.0,0.004899524859376359,0.0,0
-0.007178640370150566,0.0,-0.002440554885361572,0.0,-0.0009037476916819809,-0.0005608835734542022,-0.0010033855877144332,0.0006226940991009045,-0.0009044480972857141,0.0005428302497324986,0.00133575432205795,-0.0031653452177078274,-0.00133169861569041,-0.0007976377806697507,-0.00206257388701806,-0.0009173910361154578,0.0,0.0032901673361284433,0.0,0.0052720511839735576,-0.002853301845966389,0.0,0.0,0.003091036894983649,-0.0025149956518258285,-0.002461707319348878,-0.005142491612194787,0.0,0.0022609065775470163,-0.0009524473610135709,0.0,0.0,0.0015433206186385162,0.0,0.0,0.0,0
-0.04950522524601084,0.0,0.007852672741277092,0.0,0.005025178550554633,0.003454710251061761,0.0,0.0008366123058305117,0.006956838801106908,-0.0017034001371979074,0.0010281159791310222,0.0,0.0,0.0,0.0,0.0,0.013151598353224839,0.0,0.0,-0.002965875045886844,0.0,0.0,0.0011648014318267163,-0.004659133903500573,0.0,-0.0012431970658050673,0.0,0.0,0.0033675559770843474,0.004317807627706331,0.0026632424096286363,-0.0020368079796879743,0.0059053670276374304,-0.004061462067749507,-0.006350412343684931,0.0,0
0.0056088883100384145,-0.01817074394339785,0.0,0.0,0.0,0.008648344955023646,0.0,-0.0017200389495902937,0.004305141531806471,0.0,0.005513562498590886,-0.007088075443542237,0.006099327140526571,0.0,-0.006589086980779416,0.0,0.004210318040949826,0.0007147884284208352,0.0,0.007433073369820115,0.0064133972767268154,0.005401744210168138,-0.006692146216473408,0.0,0.0,0.006900353513263649,-0.008849047133046023,0.009137753121659133,-0.0004331665575848102,0.012073648935720688,0.0,0.0,0.014323367386697214,0.0,0.002832947755224753,0.0,0
0.0,-0.0023687948371565563,0.0,0.0,0.0,0.0,0.0,-0.0011920619835445792,0.0,0.0,-0.0010227422480675807,0.0,0.0,-0.0009998333920915043,-0.0004169492112600539,0.0,0.0,0.0,0.0,0.0,-0.0019201521914100565,0.0,-0.0021518378325571055,-0.001525706986729124,0.0017537980931862658,0.0,-0.0023675793928875314,0.0,0.0,-0.00012165281233876706,-0.0007527411004702926,0.0,-0.0018904855251995426,0.0,0.0,0.0,0
-0.032116402270427204,0.0,0.003160682712800256,0.0,0.0,-0.0031604767427037285,0.0,0.003913258610874744,0.0,0.0,-0.004957468523108823,0.0,0.0,0.006070933299145813,0.0,0.0,0.0,0.0,0.0,0.0,0.0,0.0,0.0,0.0,-0.003533404960169775,0.0,0.0,0.0,0.006337819730311303,0.0,0.0,0.0,0.00495789151299293,0.002531879485943217,0.0,0.0,0
-0.02358717958452267,0.0029714054734810086,0.000312671834751553,-0.003416184064538597,0.0021632923348966853,0.0016129184038661173,0.0,0.0,0.0,0.0033353764814760033,0.0,0.0,-0.005334453149949844,-0.0009858273887835447,0.0,0.002136293338002189,0.003034079867940089,0.001094038267722107,-0.0009916192066271765,0.003177283587218432,0.0032568498763120143,0.0,0.0,0.003932457097887162,0.0,-0.004434250023932632,0.0,0.0016160399914764679,0.0,0.0,0.0,0.0,-0.003407836495477444,0.0031122884314681164,0.00014897836428341,0.0,0
-0.009474333933978512,-0.0008972314124946461,0.0,0.0,0.0,0.0008964720498084798,0.0,0.0,0.0,0.0,-0.0005788356225320016,0.0,0.0,0.0,0.0,-0.002010184533886346,0.0,0.001804673769315583,0.0,-1.166177179807574e-05,-0.004448803378823283,0.0,-0.00145315313524683,-0.0012991446552756633,0.0,0.0,0.0,-0.0028069355099995105,-0.0007315946305239936,0.0,0.0,0.0,0.0,0.0014521864198133682,0.0020774369244159555,0.0,0
-0.00818423620647499,0.0006236006721283355,0.0,-0.0013523097480345825,-4.3875735708696997e-05,0.0,0.0,0.00020671458633778557,-0.0005433658893288167,-0.001062278274724618,-0.001007696806265837,-0.0012876314822345392,0.0,-0.0017733656028877313,-0.0002569972579330203,-0.003214445136273457,0.0021870064779729277,0.0014557750452662208,0.0,0.0,-0.00642558534177294,0.0007261699199908859,0.0,0.0007228827722763774,0.0013739043266212578,0.0,0.0,-0.0022939282962584876,-0.001104122962895741,0.0012872731680725424,0.0,2.0686997388225736e-05,0.0,0.0015436006302950351,0.0020020586350404206,0.0,0
-0.011783749212953738,0.0,0.0,0.0,0.0,0.0,0.0,0.0,0.0,0.002367755469234571,0.0,-0.000686315993998112,-0.00011507282871580782,-0.002182050377997689,-0.0017286858828580547,-0.002317881411490354,0.0,0.0,-6.0591934525093544e-05,0.0,0.0030156502934494357,0.0,0.0,0.0,-0.0011398897580804546,0.0,7.803336914787808e-06,-0.0014984653443060791,0.0,0.0,-0.0010677001218431053,-0.0007616671264893966,0.005256431652132532,-0.003914926219296722,0.0,0.0,0
0.06548310282154186,0.012222583224126829,0.0,0.0,0.0,0.0,0.003500024424536101,0.0,0.0029636615783024426,0.0,0.0,0.0,0.0,0.008516426856805344,0.0049035856309336675,0.007196238292375645,0.0,0.0,0.016424651267030185,0.0,0.007176406883538521,0.0,0.0,0.0,0.010159911429855098,0.0,0.0,0.009450561278548096,0.011959015278165501,0.004700393004362631,-0.010187824387781305,0.011014030940659832,-0.02215854367424069,0.012304542431052801,-0.01405035629762913,0.0,0
-0.004217423786639103,-0.0043924791835254235,0.0020875758734873163,0.00030909412766421524,0.0001309399611642489,0.0,0.0,0.0027130515681118295,-0.0013106017796520528,0.0,-0.0006657990686317385,0.0,0.0,0.0,-0.0008501979068903162,-0.0016993264361754262,-0.0023002401117030026,-0.002127327319778447,-0.0010146049749905556,-0.0017942308052545338,-0.0016764184010258744,-0.0007231280379322325,-0.002681493433226872,0.0,-0.0019468699881201065,0.0,-0.0007271060683878289,-0.00034742963172676867,-0.00030639875428964717,0.009948398041988216,0.0,-0.0025627008719218093,0.0,-0.0010145464038048418,0.0,0.0,0
-0.007517124710741108,-0.0003020382997118518,-0.00027469006803310824,-0.0011580586231870593,-0.0007123301158684433,0.0,0.005044312795397677,0.0,-0.0017910695483495684,0.0,8.537752639717497e-05,-0.0009961295604315992,0.0,0.0,0.0,-0.0006092035105615539,0.0001589384735217946,-0.002303479181721761,0.0,-0.001957098307306054,0.0015667646341066606,0.001224490116476138,0.0,0.0,-0.0009489261191450352,-0.00019287637719240166,0.0,-0.0016431505245185394,0.0,-0.001005611506853335,-0.0014083553028145805,-0.0013339182615239222,0.0,-0.0010946013508929403,0.0,0.0,0
-0.014916643844953266,0.0012266843122282207,0.0,0.0,0.0006112721205520806,0.0,0.0,0.0012916680653494129,0.0007905461939245924,0.003747499946153343,0.002403897418459494,0.0008312319267600072,0.0,0.0013858996260298505,0.003125013319681045,-0.006408398615442726,0.0,0.002163272222546137,0.0,-0.00040285804543139923,0.006238498700433469,0.001814814683412376,0.0,-0.0029130451434447348,0.005959241929692002,0.0,0.00660513315191653,0.0010479648410230131,0.007766334601157207,0.002134157057689023,0.0,0.0,-0.008120924849376036,0.0014612319411240874,0.0030141210325496104,0.0,0
-0.006054323608798749,0.0,-0.0015622991476035406,0.0,0.0,-0.00012525811608631374,-0.0024502913828982832,0.0021845578227780737,0.0,0.0,-0.001154493639328577,0.0,0.0,-0.0016259485046488443,0.0,0.0,-0.0022764743213928413,0.0,-0.0011683079360760502,0.0,0.0,-0.0029774575521904095,-0.000517158373381019,0.0,-0.0009600657727947959,0.0,-8.874298339197771e-05,0.0,0.0,0.0,-0.0010086604140394297,-0.002052790040700206,-0.0017514484874000247,0.002541373252180152,0.0035687139385894746,0.0,0
0.008904502569238845,-0.0011255907516309418,-0.002266900882881838,-0.0011958066279719032,0.0,0.0,0.0,0.0,-0.002286870963082735,0.0,-0.001241495090741317,0.0,0.0,-0.0016233889470565793,0.0,0.0,-0.005350194312139247,-0.0009594393121621274,0.0,0.0,0.0,0.0,-0.0008368460368456456,0.0,-0.0034974308738245675,-0.0011082006676982198,0.0,-0.000757543970992762,0.0,-0.002918607730263329,0.0,0.0,0.0,0.0,0.0,0.0,0
0.0,-0.0024023693965840114,0.0,-0.000864250084578487,0.0,-0.001429857203048763,1.6923880704622346e-05,0.0,0.0,0.0,-0.0006749616579951824,-0.0009645592037159761,-0.0005276583069486874,0.0,0.0,-5.477471978617997e-05,-0.0032616672199417066,0.0015544284807776207,0.0,5.5981689270987296e-05,-0.002062496410976334,-0.0021878427254948024,-0.0002435174439126773,0.0,-0.004336678392634116,0.0,0.0,-0.00025205444546290277,0.0,0.0,-0.001040066105836152,-0.0001700005487384401,0.0013449066153325179,0.0,0.002161656004257679,0.0,0
0.0,-0.00386384309146602,-0.001004390157008192,-0.0020972797952847986,-0.000845234956339723,-0.0010840094687574729,-0.0013552005904918824,0.0,-0.0010596951695560819,0.0027855511118063383,0.0,0.0,0.0,-0.0005866263111039404,0.0017137744476248826,-0.0032747014014532397,-0.004151494450481059,0.0007931950025725099,0.0,2.3240522520051696e-05,0.00015777578089128704,0.002304774879214397,0.0,-0.0009731853684563931,0.0018019020581026576,-0.0011991429532829698,0.0,0.001586823807377434,0.0,-0.002435826706349254,-0.0020257528289607846,-0.0015768196688062592,0.0,0.0,0.001799767544860241,0.0,0
0.0,-0.00245081737533501,-0.001373217132855095,-0.0013211589411696045,0.0,-0.0006432082092697291,-0.0008496167457029246,0.0,0.0,0.0015983011617764216,0.002428920146122329,-0.0018307013107188473,0.0007544982516365449,-0.0001614534101477608,0.0,0.002531729667481317,-0.002109451928730591,0.0005301088430446904,0.0,-0.001222059919265486,0.0,-0.0004586292752055761,0.0,-0.0011297493889182468,0.0,-0.0010183857177110593,-0.0007506819282890689,-0.0004257150924736954,0.0,-0.0032717993487156745,-0.0014483333609731466,-0.0012413777066645833,-0.0034803886800179886,0.0,0.003042182579765948,0.0,0
-0.0015319219346657577,-0.0002981628292785378,0.0,0.0,0.0,-0.0018250207943234346,-0.0003386666225686544,0.0,-0.0016527316703614204,0.0,0.0,-0.0008650454971124054,0.0,0.0,0.0,-0.00017774452951161034,-0.0005430349322650518,0.0,0.0,-0.002017605983059352,0.0,-0.000827324439785937,0.0,0.0,0.0,0.0,-0.003092722155658183,0.0,-0.001209801230682646,-0.00041224130680180823,-0.0009195521424638656,-0.000704362838695583,-0.0017336908750137433,0.0,0.0028307222149771896,0.0,0
-0.001395788484646965,0.003970822912163458,0.0,0.0,0.0,-0.000833054013022563,-0.001770667711846303,-0.0022563616670895196,0.005588642394900057,0.0,-0.0023619309293547866,-0.0025363216606466444,0.0,-0.0010419525127379312,-0.0010848333075369951,0.004272249957332113,-0.003637148510721125,-0.0019325990954378038,0.0021714506769377837,-0.003032429820270441,0.0,0.0,0.0,0.0,-0.0014712885908952514,0.0,0.0,-0.004586809597847539,-0.00033169940645102857,0.0012470535312345528,-0.0005317003087940747,-0.0006808278509780036,-0.002383283599936866,-0.0031433017013518267,0.0,0.0,0
0.0,-0.000597195430560637,-0.0010983513377757603,-0.0004391535192620312,0.0,0.0,0.0,-0.00011530788842434668,-0.0009744615975730178,0.0,-0.0012626479207474349,0.0,-0.0005929768581718455,0.0,0.0,0.0,0.0,0.0,-0.0012270077563868533,-0.0026715102273398086,-0.00036301142284506197,-0.0008354246827610224,0.0,-0.0011852481012092594,-0.0011013632899920997,0.0,-0.0007414244224110896,-0.0018092096486704082,-0.0020822461555352334,0.0,0.0,0.0,-8.306354452021745e-05,-0.0005325033159829656,0.0,0.0,0
-0.0046008815945167095,0.006109255374106365,0.0020623281288898393,-0.0020454519919300184,0.0010709075613172323,-0.0041461899601601794,-0.0008951543280068628,0.004636018041189355,-0.001863574967255228,0.006487665373515638,0.0,-0.004223295477985754,-0.00039467358879309523,-0.0030575092943726815,-0.00043876427103131416,-0.004905561219691717,0.0,0.005272756741741515,0.0015957494052626963,0.0,-0.004907690153658517,-0.00012897967640643646,-0.001993780706447766,-0.004542100838702015,-0.001375625687549044,-0.0012444284415367673,0.0,-0.0034155035170524307,0.0002576662869797594,0.0049161631060873675,0.0030677708234973424,-0.0009610974260882165,-0.005005563969609474,-0.0012715875394131565,-0.001811739804569161,0.0,0
0.0021066894333590827,-0.0011479063086076357,0.0,-0.0025408644328777205,0.0,-0.0005756527908498902,0.0,-4.2929099964933224e-05,0.0,0.0,0.001982462899949845,0.0011885685695529006,-0.000554363734830949,0.0,0.0,0.0,-0.003298308663283722,0.001243238083940983,-0.0006038918769754575,0.0,0.001308229362015299,0.0,-0.002016224154459916,-0.0008498659920049723,-0.0035581261517560734,-0.0014677486187359185,0.0,-0.0016481423455310148,0.0,-0.0011268280113444055,0.0024142585593680084,0.0,-0.002457813103806198,0.0016985500863386672,0.0,0.0,0
-0.006060672056855454,0.001478461747960353,-0.0015640802842217662,-0.0025450818442168464,0.0,-0.003146570591092268,0.0,0.0009974498150637976,0.00025350952745874776,-0.0011119251063560762,-0.0031849122628322306,0.0,0.002547383101172898,0.006838586339679335,-0.0014260448291828708,0.0011640623689891856,-0.002497605289488786,0.005401235041844368,-0.002225264881551583,-0.0029945159638379228,-0.0008899885246487303,-0.00038340999722502063,0.0013701942614083842,0.0,0.0,0.0,0.001591388685610819,0.0,-0.003442405957700424,-0.0015732978418838716,-0.000640762447179074,0.0,-0.004303274150827566,-0.0009031193787082566,0.0,0.0,0
0.016679016163789067,0.0,0.0,0.001588752464228874,0.0,-0.0020064010148734823,-0.0012471916867902375,0.0,-0.0010664920175896173,-0.0028727239636616247,0.0025545924146962214,0.0,0.0,0.0,-0.0008435114911669238,-0.0033945569769593233,0.0033394252716955185,-0.0011665441537876374,0.0,-0.004660500432605075,0.0,0.0,0.0,0.0,-0.004948555404106105,-0.0016806625758755852,-0.001433987702382399,-0.003729278855299046,0.0,-0.004304215973817683,0.0,-0.002652996304513716,-0.005677544151290067,0.0,0.0,0.0,0
-0.004995654467395833,-0.0012049521343637042,0.0,0.00348077118217455,0.0,0.0,-0.0018343392924509176,-0.0013703756740161767,-0.0012073238418176483,-0.0036472208120969284,-0.0005183316585057279,-0.002187694562808243,-0.002766407574776512,-0.0012579930960880687,0.0,-0.0011027004464372809,-0.0017625654509490635,0.0014044301273532086,0.0,0.0,0.002194109288212554,0.0,0.0001088209453628346,0.0,0.0033704247525583853,0.0,-0.0012282784213185098,-0.002205833637777221,-0.0020471945561392245,0.0023583731846077666,0.0,-0.00014929137060544912,-0.0033770239190767954,0.002556031240396772,0.0,0.0,0
0.0,-0.001513898122870714,0.0,0.0,0.0,-0.002260329639928331,0.0005094824149514184,0.0,0.003499540077416731,0.0010684521726426878,-0.0017863776679818174,-0.0018439328078567112,0.002099091569174795,-0.0020078577220388576,0.002710543988607815,0.0,-0.00012165798031617885,-0.0023109043516594077,0.0,0.0,-0.001343910411824741,-0.0012263807765867962,0.0,-0.0025921775645664944,-0.003770545293255028,0.0,0.0003381178417822308,-0.0014035038627900332,-0.0016468884102947827,-0.0013931738686408617,0.0020740724992967196,-0.0014127316254608237,-0.003244190863651095,0.0016127357955182545,-0.0010784493588026217,0.0,0
-0.004734277063504852,-0.0024762655640193066,0.0017219231239198152,0.0011985020081364322,0.0,0.00028607334360951554,0.0029504531833153065,-0.0007339563511207038,0.0006495641412517592,0.0,-0.0038846092780836575,0.0,-0.0008061899094656869,0.003194857345702202,-0.0030673418472789427,-0.0014077117637923612,-0.006543048356475416,0.0,0.0,0.0,-0.0010592227573948656,-0.0012540225286094614,0.008141024142084688,-0.002502021571409454,-0.0036963062520127083,0.0,-4.7409097895332756e-05,0.002303079384994447,-0.0024058792748982865,-0.001968523351090324,-0.0012100028059465755,0.0,-0.0025240404127233867,0.0,0.002300821298664983,0.0,0
0.01407703632434343,-0.0005171528417991608,-0.00048288258617788294,-0.00027637839793261354,0.004737602264502769,-0.0019760013786768054,-0.0012675975859208432,0.0,0.0,0.0,-0.0008000213724768373,0.0,0.0,0.0,0.0020249242904136506,0.0,-0.004330772329005515,0.0,-0.0033941306934581247,0.0,-0.0026429381523517164,-0.0009767405592836207,-0.0009416303661767061,-0.002819731220309114,-0.004105711448646598,-0.0007192652336306718,-0.0024969466039204166,-0.0016786019679003214,-0.0020542508925986895,0.0,-0.0017975930991666908,-0.0013645853885073415,-0.0036385816189303914,0.0,0.0,0.0,0
-0.010270477588289207,0.0004076681717008466,0.0010602642957551073,0.0,0.0,0.0,0.0,0.0,0.0,0.0,-0.0017313874651015602,-0.0006507510106648331,0.0,-0.0009457809388273041,0.0013816298800645613,0.0,0.0,0.0,0.0,0.0014399295054275355,0.004170372399463658,0.0,-0.00032294233714342174,0.0,0.0,0.0,-0.0007997837122620876,-0.0024005327887218495,-0.0004011128430035583,0.0,-0.00207867547429039,-0.0003195304069301071,-0.006761130010640916,0.001387126902050853,0.0034687580907584864,0.0,0
-0.010868354397945047,0.0,0.0,0.0,0.0,0.0,-0.0013022041830865931,-0.0004842287665558222,0.0,0.0,-0.001194106405368104,0.0,-0.00015102437763502775,0.00038118310585637184,0.0,-0.0015236141530390877,0.0,0.0,0.0018489823413752812,0.0,-0.003440493451599021,0.0,0.0,0.0,0.0,0.0013228353002377768,-0.0003339506697258132,0.0,0.0,0.0,-0.0014996462718275087,-0.0021915435781771943,0.00278770158973648,-0.002229734119085942,0.0017220762473905867,0.0,0
-0.00044348372529362187,0.0,0.0,0.0,0.0,0.0,0.0,0.0,0.000906726695093387,0.0,0.0,0.0,0.0,0.0,0.0,0.0,-0.006119230684276587,0.0,0.0,0.0,0.0,0.0,0.0,0.0,0.0011838984678149097,0.0,0.0,0.0,0.001361520737238758,0.0,0.0,0.0,0.0008606155474380247,0.0026076609514479317,0.0050771322268676825,0.0,0
0.0,-0.003738306430343519,0.0,0.003950360078905928,0.0,0.0,0.0,0.0,0.0016668762277973696,0.0,0.0,0.0,0.0,0.0,0.0,0.004898871761093276,-0.008380383713857803,0.0,0.0,0.0,-0.0022034296291509174,0.0,-0.0018257052636407596,-0.001648050367492074,0.00011949797476321077,0.0,0.00259307076332557,0.002129694538286235,0.0,0.0,0.0,0.0,0.0,0.00493506345172601,0.0029372808249179577,0.0,0
-0.0038718035829601585,0.0,0.001909237887460236,0.0,0.001693105440384817,-0.0008397134366083299,-0.0010988622485427115,0.0008791231294747109,0.0,-0.0007725482411392468,0.0010567414715052517,0.0,0.0009767560847528955,-0.0005545696339605618,0.0005928395038622709,-0.002598149200035522,0.0,0.0,-0.0008794191596277769,0.0006216019818926543,0.0019014297523435185,0.0,0.001799374097668013,0.0,0.0,-0.0003999489787989758,-0.0008761642356337646,-0.004400887162738081,-0.002856070494941608,-0.0013536036998188236,0.001959379576238057,0.0,0.0,0.0,0.0006088254922645116,0.0,0
-0.006360267554885648,0.0,-0.0015728862880707126,-0.0012368860558714292,0.0,0.0,-0.0020907627593614204,0.002144963500969067,0.0,0.00021678859771736802,-0.0011650442890362247,0.0,0.0,-0.0008463163435633405,0.0,-0.0016296140190326428,0.0,0.001644720030964186,0.0,-0.000285261874556959,-0.0006434472997328636,0.0023967574849631146,-0.002116835982016531,-0.0008277260869979955,-0.0008793861038811717,-0.00018346204430566746,-0.0017533063080925834,-0.0005121939738290192,-0.0009964835334884865,0.0014293487111678646,-0.0012186080071447504,-0.0011510120809265119,-0.004101475284267322,0.0015319849363723617,0.00306909860581471,0.0,0
0.007346779154004396,0.0,0.0034008196174222095,0.0014472874723982893,0.0,0.0,0.0018030687516057372,0.0,0.0017345286612792065,0.0,0.0001646525159414171,0.0,0.0,0.0,0.0025044162183601062,0.003572836266156319,0.004874624025906532,0.0,0.0,0.0016103191456408696,0.0010522340611051392,0.0005739371999299083,0.0,0.002761002253517225,0.0,0.0,0.0,-0.005120004815571658,0.00031312410447727424,0.0,0.0,0.0,0.0034782019870993578,-0.008459374332883051,-0.01300992385444543,0.0,0
0.008255181573095637,0.0,0.0017604478216783814,0.004612308866135747,0.0,0.0,0.0022676156291413286,9.007064708848296e-05,0.0062739059245344704,0.002242476835922272,0.0,0.006607972694999898,0.005830657872511628,0.004631398379371696,-0.003951187474604244,0.004116310377012423,0.005185335767728742,0.009094725047020968,-0.0068348657866092195,0.008639650519625432,-0.017394635748202825,-0.00852569916084765,0.009441379602454149,0.0024211018950029283,0.0,-3.398602035173617e-05,0.0027468816229279996,0.0046463149952422015,0.0,0.0,0.00954645300289664,0.002985540947184743,0.003960165781179778,-0.022414194275796686,0.006981622205753872,0.0,0
-0.005475838367495398,0.0022167464279987687,0.0,0.0,-0.0005693487298150369,-0.0031100565724339387,-0.0013209612238819037,-0.002520042491917292,0.0009371392551532058,-0.0031297678814808565,-0.0031000232444615044,0.0,-0.0038290396099434736,-0.0020777957510040718,-0.0006871224773920025,0.003861181780726152,-0.0029860435485249168,-0.0036684355505179553,0.00708914869742932,-0.0005248188783273439,-0.0021902190418781223,0.008444731312012073,0.0,0.004771870970919729,-0.006551729607218241,0.0034538782219816874,0.0015027643324767581,0.0,-0.0025382472030381575,-0.0022837255890016403,0.0,-8.005715260824436e-06,-0.0027536109550267028,-0.0026831751518209277,0.002063976765345737,0.0,0
-0.0035587440033831006,0.0011645364417733916,0.0,-0.0010678166143734866,-0.002306125820691176,-0.0009785872944878832,-0.002924118643664452,-0.0006581382344251913,0.0021677010298257124,-0.0007797067536976872,0.0,-0.0004959110693513857,-9.096373174564826e-05,-0.0007172342880792861,0.0,-0.0025164314784366358,0.0009373167170603482,0.0,0.0,7.112008182547784e-05,0.002855517568482657,0.0,0.0,-0.00017848556496898615,-0.001599837506336725,0.0,0.0,-9.075327197493546e-05,-0.0019295224696564673,-0.0004318229190893417,0.0,-0.0013300839354962346,-0.0018435934340771047,-0.003844446407944166,0.0032093019372656482,0.0,0
-0.005325973662193029,0.0,0.002013196164037394,0.0024026728951385325,0.0,0.0,-0.002019109585051359,0.0,-0.0001949311707998799,0.0,-0.0018730822615619844,-0.000913728161574322,-0.0013725735791850647,0.0,-0.001127335745228182,-0.0028979601538411874,0.0,-0.0008266538364332885,0.0,-0.0011969644747275915,0.0,-0.0023574598935798942,0.0009405753822773093,-0.0004970033387161683,0.0019451277928754177,-0.0022707594654219915,0.008212051611800296,-0.000997105240112364,0.0,0.0,-0.0022796325317512847,0.0,-0.004478772599628261,-0.002660416569524533,0.00012591968401227255,0.0,0
-0.0018798886261296387,-0.001738844431711307,0.0,0.0,0.0,-0.0003096583276807864,0.0,0.0,0.0,-0.000986972436498994,-0.00024501807738857716,0.0,0.0,0.0,0.0,0.0,-0.00038561378937485057,-0.002425892501029946,0.0,0.0,-0.0016664094723449706,-0.0007925104896983848,-0.0004652568529638829,0.0,-0.001728996920883687,0.0,-0.0010494002679452173,-0.00021369766574317326,-0.0013039987191964216,0.0,0.0,0.0,-0.0014668159644923068,-0.0004358935689657354,-0.0004413415249893693,0.0,0
-0.006384342618034369,0.0009309878965105517,0.0018397922215473818,-0.0012583879056688302,-0.0012184705197905738,-0.002087821575452884,0.0,0.0009633833808510116,0.0,0.0006778808359395398,0.0013385659155475107,-0.0013328881497116523,0.0,0.0,0.0,0.0,0.0,0.000824227794109204,0.0,0.0,-0.0048043760186563455,0.0,0.0,0.0003657455190820344,0.000964200459103779,0.0,0.0,0.001614774357613962,0.00023263060882983025,0.0,-0.0012850097595770364,0.0,0.002257765663287293,-0.004187066859238407,-0.0037315411935232197,0.0,0
0.0017762245570820618,0.0,0.0,-0.000755083176790777,-0.0006624173611254916,0.0,0.0,0.0,0.0,0.0,0.0,0.0,0.0007234643344334618,0.0,0.0,0.0,0.001609445733823573,0.003478921568622935,0.0,0.0,0.00382601862338155,-0.0035075013106903147,0.001348533627688939,0.0,0.0,-0.0002643375557730044,-0.0042252067499619645,0.004663106423708448,-0.0017621695422315238,-0.002502945853751596,0.0,0.0,-0.0030521455460711692,-0.006673720869931652,0.005679181469243853,0.0,0
0.027431872508200107,0.0,0.0,0.0047589421102765365,-0.008067453194224515,0.0,0.0,0.0,0.0014990715982997318,0.0,0.0016594449653879358,0.0,0.001085963148069659,0.0,0.0,0.005952842931049645,0.007282293577948417,0.0,0.0,0.0,-0.030397014630082132,0.0,0.0,0.0,0.0,0.0,0.0030615477329274878,0.0,0.0,0.0,0.0,0.0,-0.003610036496153113,0.005237316158393502,0.0,0.0,0
-0.004438280685121727,-0.0010810841380385155,-0.0024227193118026456,0.0,-0.0016290529309236242,0.0,0.0,0.0,0.002626531562107186,0.0,0.0,-0.0014825272761238753,0.0,0.0,0.0,-0.0013561122096613061,0.0,0.0009653402544083243,0.0,-0.001618188927187926,-0.00017734947665736087,0.0,-0.0014721769705691643,0.0,-0.0005215888272960585,0.0,0.0,0.001316337037217715,0.0,0.0,-0.00025076761814513544,0.0,-0.006078152187570948,0.0,0.0,0.0,0
-0.0011389239273385992,-0.0020388477526907902,-0.0018484138910459507,0.0009134907921159438,0.0,0.0,-0.0009133976424315241,0.0,0.0,0.0,0.0,-0.0004572389787231268,-0.0006838046255900189,-0.0009859142462654053,-0.0005872371440787847,-0.0028158955471854277,0.0,0.001213977853397369,-0.000629566650127941,0.00040161103628645953,0.0007173395229303526,0.00046642043548915623,-0.0016981428873613787,0.0,-0.0019370715376862877,-0.0010616644847996903,0.0,-0.0024033051165839956,-0.0017994547985360672,-0.0015372231518057543,0.0,0.0,0.0018416933107246283,-0.0018683997546078595,0.002880267606171858,0.0,0
-0.0069007954632183685,0.0,0.0013066808168814487,0.0,0.0,-0.00019051164709374776,0.0,0.0007762284291906409,0.0,0.0,0.0,0.0,0.0,0.0,0.0,-0.0013598013808824947,0.0,0.0,0.0,-0.0032919429389062847,0.007332704785451042,0.0,0.0007151281141353412,0.0005671931382796688,0.0,0.0,0.0014158723067799414,0.0017854753122235857,0.00025866100441711564,0.001262028479372599,0.0,0.0,0.0013560285367470953,-0.0022678067703254894,-0.005916450306809536,0.0,0
-0.020081435171138706,-6.884463511542617e-05,0.0,0.0,0.00022342870827072233,0.0,0.0,-0.002362290825420829,0.0,0.0,-0.002091393021280568,0.0,0.0,0.0,0.0,0.0,0.0,0.0019220732374723142,0.0,0.0,0.007156703429926476,0.0,0.0,0.0,0.0,0.0025781607979723465,0.0,0.0,0.0,0.0,0.003349354186873452,0.0,0.0,0.0,-0.007292793515626551,0.0,0
0.0,-0.0031705777011711974,-0.0016854846032897787,0.0022750848368995598,-0.0014719635216140668,0.0004574783030453788,0.0,-0.00016132026071818457,-0.0017066707008463664,0.004881752825616039,-0.0009246892545507274,-0.00015842901648332853,0.002481224300529152,-0.005298461729541787,0.0,-0.004162451850621413,-0.0057219316740889006,-0.0015629821290332527,0.0,0.002500166225404791,-0.003327823092198783,0.0006458249576996719,0.0,-0.002405329341448164,-0.0011439644746271123,0.0,-0.0033215138701664653,0.0009951083170791962,0.0,0.001774815632407189,-0.0023026418559334897,-0.0011962623937574995,0.0020982393821018016,0.004083192850091259,-0.00021017557668975145,0.0,0
-0.005080194387038879,0.0009626523314182973,0.0,0.0,0.0,0.0014649647181254803,0.0,0.0,0.0,0.0,0.0010830072926666316,-0.0016686644155440506,0.0,-0.002516477138758251,0.0,0.0,0.001522189582985604,0.0,-0.00047134659019357845,0.0018134750491779804,0.0040921155902110444,-0.0004880069532808945,0.0,0.0,0.0,0.0,0.0,-0.0006215279120345407,0.0,0.0006432659736361638,0.0,-0.001208215016376133,-0.005476201099970974,-0.00047091587120775034,-0.0038227409411298935,0.0,0
-0.00722746102431524,0.0,0.0,0.0,0.0,0.0,0.0,0.0,0.0,0.0,0.0021630373013182638,0.0,0.0022575098813763933,0.0,0.0,-0.0021015929757623123,0.0,0.0,0.0,0.0,0.0020933579337076274,0.0,0.0,0.0,0.0,0.0,-0.004174371998050267,-0.002407442169476132,-0.0023513093728622946,-0.003135766000075176,0.0,0.0,-0.004155173697488803,-0.002074030226729255,0.005194242900899003,0.0,0
-0.0019208847927406217,0.0,0.0,-0.001158127985370678,-0.001641695215109442,0.0,0.0,-5.074450152994725e-05,0.0,0.0,-0.002207752886436521,-0.00109246327322435,0.0,-0.00267818874829661,0.0,8.879392885178242e-06,0.0,0.0,0.0,0.001682171568487332,0.0,0.0,-0.001339012628290512,-0.00024795929660783596,-0.0016362395836023033,0.0,-0.0023033262266937264,0.0,-0.0005862971644074084,0.004352995007803891,-0.0021375621888154155,-0.0011144085094232914,0.0,0.0,-0.0013102765724972206,0.0,0
-0.0031349528288924394,0.0,0.0,0.0,0.0,0.0,0.0,0.0,0.0,0.0,0.0,-0.000761861157846235,0.0,-0.0010267767638250734,0.0,-0.0012032641365964688,0.0,0.0,0.0,0.0,-0.0017913133038829838,0.0,0.0,0.0,0.0,0.0,-0.0013231953875741875,-0.002152192747225613,0.0,0.0,0.0,-0.0015326362893966512,0.0,-0.0029272110088308513,-0.0012866807906432819,0.0,0
-0.02948643839823104,0.0,0.0,0.0,0.0,0.0,0.0018929443574714142,0.0,0.0,0.0,0.0,0.0,0.0,0.0,0.0,0.0,0.0,0.0,0.0,0.0,0.0,0.0,0.0,0.0,0.0,0.0,0.0,0.0,0.0,0.0,0.0,0.0,0.005790786371731554,0.005001695335574669,0.0,0.0,0
-0.0040130559696870335,0.0,0.0,0.0,0.0,0.0,-0.0002005994201736894,0.0,0.0,0.0,0.0,-0.00024365914886239406,0.0,0.0,-0.0007890726808414061,-0.0008785664266030139,0.0,0.0,0.0,-0.0008915059611608897,-0.0019928277992820828,0.0,0.0,0.0,-8.254042275265597e-05,0.0,0.0,-0.0017901942775975085,0.0,0.0,-0.00034566652564945095,-0.0016257142038294539,0.0,-0.0032406899625666303,-0.001540725272231324,0.0,0
-0.003007592079852495,-0.0009728997732331735,-3.4935579802468674e-05,-0.0001680391527362672,-0.0009493480705925856,0.0,0.0,-0.0003973916042840076,0.0,0.0,0.0,-0.000901712470560468,0.0,-0.0015126126158447257,0.0,-0.0011405949079474366,-0.00420236755890524,0.0,0.0,0.0,0.0032239861541704788,-0.0004843016015448213,0.0,-0.0017449291984476178,-0.0025593271679881543,0.0,0.0,0.0,0.0,-0.000856709398820632,0.0,-0.0004113669018747785,-0.001501575897704121,0.0,0.0,0.0,0
-0.006492586034904116,0.0,0.0,0.0,-0.0004331158283556829,0.0,0.0029730108400541095,0.0,0.0,0.0,-0.001729440009160324,0.0,-0.0009893796396541964,0.0,0.0,-0.0001251066674691801,-0.001307768147275964,0.0017529899764939791,0.0,0.002146221532951739,-0.0028563724688889106,-0.001752124074655503,-0.003246112755731052,-0.0006129176668043162,-0.0008261653374521013,0.0,-0.001260195066309375,0.0,-0.003459962711058,-0.00101129919259844,0.0,-0.0001894733233472378,0.0,0.0,0.0017980787481960553,0.0,0
-0.0007734514412646575,-0.00048666841515476907,-0.0009168553854991357,0.00442848586723884,0.0,-0.0012380582036718847,0.0,0.0,-0.0029090945890799373,0.005174241682249192,0.0,-0.0011039695528631908,0.0022494666544115387,-0.0013634549191363563,-0.0003861593854777379,-0.00012023825811530885,-0.004254235368350832,0.0,0.0,-0.0012596595147345605,0.0,0.0,0.0,0.0,-0.004204806281922905,0.0,-0.0022197236186172835,-0.000956687421594717,-0.0024147328035180812,-0.0006033124477650446,-0.0009102442273577569,0.0,-0.0021097179978170877,-0.0011955529774493677,-0.00014335360154604446,0.0,0
0.0017204219477937276,-0.0020724150751721196,-0.001409472388881113,0.0,0.0,0.0,0.0,0.0,-0.0013369386398122782,0.0006765544595834885,0.0,-3.6958646012436044e-05,0.0,0.0007281587660561005,0.0,-0.0015653739139348008,0.004989673003751609,0.0,0.0,0.0018330794270446705,0.001692283452252279,-0.00031647364706130455,-0.0031558870223060134,0.0004468760837035647,0.0,0.0003212332505789937,-0.0030423838140105834,-0.0018066262863962023,-0.0013436315300411265,-0.0018589293109748477,-0.002359007857652946,-0.0010002059485168522,0.0,-0.006526494995526154,0.0007443836341714267,0.0,0
-0.02327668340784078,-0.0005479888621858132,0.0005844623917182932,7.620470018950896e-05,0.0,0.0032478331832271677,0.0,0.0,0.0,0.0,0.0,-0.005542605552723876,0.0,-0.002467823764691052,0.0,0.0014301354707286144,0.0,0.004056110242752948,0.0,0.00019331305001576082,0.0,0.0,0.0017744146889288371,-0.0008982713195959771,0.0,0.0035655462530758404,-0.0012740111764142608,0.002149264824285358,-0.0033951634955029023,-0.0013119727736852465,0.0,0.001612002565042222,0.0,0.0016211662531536,0.0020798816589691245,0.0,0
-0.0002388161093235258,0.0001264709366707633,0.0006236329819078606,0.0,0.0,0.0005912412533266723,0.0,0.0,-0.0006069444576321008,0.0008787642309322001,0.0,0.0,0.0,0.0013491169455710664,0.0028037559272949732,0.0,0.0030564750363736687,0.002526403288862171,0.003464596177206994,-0.008378407317116041,0.0,0.0,0.00026529445739756916,0.0,-0.004236961962810552,0.00041975627891341257,-0.01538634696877687,0.0,0.0,0.004050406658073502,0.004907646462513791,0.004341815044330695,0.0037931821724849404,0.005372752437745957,0.001292553317214347,0.0,0
-0.012611757027797958,0.0,-0.002871682957088408,0.0,0.00048692777907451113,0.0008390747530999179,-0.0010146560169323564,0.0,0.0,0.0015096883461137368,0.0,0.0,0.0,-0.0021508647491656255,-0.0002168571258173072,0.0,0.0,0.0018845616062794204,-0.0007150767024056323,0.0,0.001873499861213427,0.00035429654241719323,0.0007169355224326827,0.0,-0.0014018932190113923,0.0005107351318982684,-0.0011554855462560846,0.0,-0.001871037963415513,0.0,-3.2604049580645824e-05,-0.0011198068632997007,0.0024073568064361213,-0.0038509073275683077,0.001984625300235812,0.0,0
0.005402561327981701,-0.0017236107588668127,-0.002557618564773117,0.004346209530174538,0.007287459509297648,0.004888226636727941,0.002408677467827518,0.0,0.0009349231722110148,0.0,0.005003872580485726,-0.002552977757836192,0.0,-0.001115671986561274,-0.0006118491531523081,4.212067814951398e-05,-0.0020534186166971356,0.002925404920237046,-0.001445810088618574,-0.004462665277627373,-0.0012739920952484578,-0.0064764623651693345,-0.007363315393833382,-0.0009191521215213449,-0.004974367241756429,-0.0002949730833762483,0.0025443386198399556,0.0015352398759843292,-0.004326440939452741,-0.0009756519540375016,0.0014893607400247295,-0.0035456141597533107,-0.0051925241533908924,-0.0028679448385975754,-0.0016488576795868556,0.0,0
0.006099488932555339,0.0,0.0,0.0,0.0,0.0,0.0,0.0,0.0,0.001546383617155652,0.0,0.003152243748595585,0.0,0.0,0.0,-0.0001598446129935495,0.003517217310977858,0.0,0.0,0.0025897170735096385,-0.005892353823752697,0.0,0.0,0.0,0.0,0.0,0.0,-0.0030499672910414694,0.0,0.0,0.0,0.0,0.003960737215242799,0.002047514731032654,-0.0046081767239279925,0.0,0
0.017623944280239244,-0.001972568372975966,0.0,0.0,0.002187345551187734,0.0,-0.002736501312164746,0.0,0.001796228752335036,0.0,0.0,0.0,-0.0008498618748430732,-0.0052060069457911425,0.0014712237034171698,-0.001786690098266785,0.004890713438858688,0.0008158611471869397,0.0017620500389091275,0.0,0.0,0.0,0.001444005769676502,0.0,0.0024650660867420442,0.0,-0.0023627271977337398,-0.007392605978122273,-0.0011109810756831295,-0.00032799404858848726,0.003010466077443177,0.0020408015437536468,-0.0017503228862850643,0.0,-0.012705286016104975,0.0,0
-0.02177049399483347,0.0014726616811829932,-0.00016838737355718756,0.0,-0.0021471396437224622,0.0,0.0,-0.003193943214077482,0.0,0.0,0.0,0.0,0.0,0.0,0.0,-0.00469674962687478,0.0007888033711594645,0.000410780313229552,0.0015824202336803459,0.0010508528509738733,-0.0018417418155534863,0.0,0.0030763811323624014,0.0016971625325375662,-0.003465776136201891,-0.002112229032115445,0.003275794742266656,0.0030321032980863026,0.000596140229587215,-0.0013609340017045589,0.0,0.0,0.0036833887867711457,0.002943447871092271,0.0003464454622575802,0.0,0
-0.0022801339070166117,0.0015578742734039498,0.0,0.0,0.00026141087995074986,0.0,-0.002625751528530685,0.0,0.0010239547842347623,0.0,0.0,0.0,0.0002308017219310325,0.0,0.0,0.0018714012715386984,0.002052269261247713,0.0,0.0,0.0,-0.002356784390902383,0.0,0.0,0.0007902895539771554,0.0,0.0,0.0,0.0,0.002490473576660813,0.0010928379587457316,0.0,-0.00230205088016348,0.003654365482337684,-0.0038393818684260795,0.0034185080529294705,0.0,0
-0.008199367516199329,-0.0008599187378117884,-0.0009211420899417024,0.0018858751481924416,0.0,-0.0014243293340266657,-0.0026917116109847566,0.0,-0.001996759813913805,0.0,0.0,-0.000522991495203796,-0.0009154363808258802,-0.0004248316396195751,0.0,-0.002117420725102577,0.0007423278761725874,0.0,0.0,0.0,0.0,0.0010492281238817793,0.0010141281370644945,0.0,0.00046000328845104404,0.0,-0.0008510592453905214,-0.0016775513838081907,0.0023538883819004654,-0.0006149029559979343,-0.0011019187759349852,-0.0014899794558069538,-0.0007612476414949608,0.0035249603988606465,0.0,0.0,0
-0.01242242434101324,-0.000978300821303484,-0.0016417407072849737,0.0,-0.0014138489585218356,0.0,-0.0013519053020636398,0.0,0.00318330438080075,-0.0013876629034891665,0.0,0.0,-0.00065095793905801,-0.002358046344992755,0.0011592564736115961,0.0,-0.00018937935939517483,0.0,-0.00015370763668665367,-0.0016144163674600982,0.0,0.0,0.0,-0.0005876933853290723,0.0005973342333944425,-0.0012019315582084246,-0.0006682210278265025,0.0,0.0,0.0,0.0,0.0,0.0026817423823068277,0.0022651019149595372,0.0,0.0,0
0.03395974174953808,-0.019659720242483174,-0.02130022784893565,0.016514471862140778,0.0,-0.012572957695913397,0.0,0.0024920819532787447,0.015089564101093394,-0.018247557057279915,0.0,0.0,-0.007959259312811074,0.006769972048252464,0.0,0.0,0.0199265722153241,0.015860977707600466,0.008678936844712083,0.019453496892607308,0.027239524415632037,0.0,0.0,0.006650342518848053,0.012746932013779256,0.0038287742969678614,-0.011083966710952742,0.02430836503285101,0.0037099332225222085,-0.004780623256892117,0.015305760456198827,-0.01325415000828271,0.00973770541504855,0.0,0.0,0.0,0
-0.003572154372739006,-0.003501001155427705,-0.005089641741136073,0.0,0.0029370016004455855,0.0,0.0,0.0035185885491667507,0.0,-0.0038158611936473896,0.0,-0.005987311624073326,0.0030658124479488293,0.0,0.0,0.009676044012322721,0.0,0.0023536518460111544,0.0,0.003242941614058789,0.003913534217042924,0.0008869469879119041,0.0,0.0026162715347329414,0.0,-0.001433128740127829,0.0,0.005547733371631061,0.004881812159071981,-0.0020530846978072284,0.0,0.0,0.006091447895076359,0.003067107272700698,0.007316537958859139,0.0,0
0.0,-0.0007006742938242103,0.0,0.0,-0.000648181557055199,-0.0009824973372957316,-0.0002715567607424729,0.0,0.0,0.0,0.0,-0.001715496260515341,-0.0006828424491541954,0.0,-0.0003271899109379678,0.0,-0.004025344605746479,-0.0003881350265241563,0.0,-0.0010462524431101002,-0.002469992687908997,0.0,0.0,-0.0006504436768505851,-0.0018388670139208429,0.0,0.0,0.0,-0.0008255309479478049,0.0,-0.00020332851240086622,0.0,0.0,-0.0006785754622462716,-0.00029139398151748624,0.0,0
0.00644976388705891,0.0,-0.0020715742728133865,-0.0014333306150097612,0.0,-0.0006932180071110563,0.0,-0.0015597835461890718,0.0,0.0,-0.0020674835244606344,0.0,0.0,0.0,0.0,-0.00168582199156113,-0.003336641187578908,0.0,-0.0016454055626099295,-0.0010554129862446343,-0.0002990601034873199,0.0,-0.0014176230744676614,-0.0002800972898662154,0.0,0.0,0.0,-0.0004596191236207092,0.0,-0.001468126785902471,0.0,0.0,-0.0004364604119134535,0.0,-0.004150586648705365,0.0,0
0.0,0.0013949241457118248,0.0,-0.0013632118512082562,-0.0011935612759014543,0.0,0.002644523287884167,0.0,0.0,0.00027142094659253415,-0.0011070625740779055,0.002773187112394006,-0.0015196049134093546,-0.0005753702377992253,0.0,-0.0023815240022412917,-0.0054451842183072885,-0.000792869910939562,-0.0016102406669260463,0.0,-0.0005216375940426531,0.0,0.0,0.0,-0.0057615652020487716,-0.0007111022820175135,0.001613734707537644,0.0,-0.0011454732254575738,-0.001341049604646652,0.00024158585197391915,0.0,0.0,-0.0012096934170458921,0.0,0.0,0
0.006823334051817506,-0.004338244490446128,0.0,0.0,0.0,0.002296284902640796,-0.0023574518800730305,-0.003850963185071105,0.0,-0.0005306281975195412,0.0,-0.0008306454847579781,0.0,-0.0016493122771783957,-0.0016549458477481283,0.0,0.0017107754234782643,0.004383430325521579,0.0,0.0,0.004160594470368546,0.0,-0.009415417616703886,-0.0023928547415206364,-0.004783248609836723,0.0008513063333371683,0.0015973858556922525,0.0,0.0,0.0027521963453360013,0.0,-0.0018363356448347376,0.003894555391870309,0.0,0.005252263495517083,0.0,0
0.0017467614089926786,0.0,-0.001730842304906698,0.0,-0.00022473973279236716,0.0,0.0,0.0,0.0,0.0,-0.0029340098537720288,-0.0011023782410988726,0.0,-0.0013377902332891143,0.0,0.0,-0.0007125039024737083,0.0021808490896988862,0.0,0.0,-0.0021616264254284636,0.0,-0.00014553291349024113,-0.0013123922484685664,-0.0013631940092459585,0.0,-0.0010151977504979772,-0.0006383494896799912,0.0,-0.002345678090997338,-0.000997337170636369,0.0,0.0,-0.0013977927724525155,-0.0013911836950819215,0.0,0
-0.013020122125835554,0.0003976492241956146,0.0005786962479395023,0.0,-0.0011751090890174517,-0.0010263140985896408,0.0004969593215851465,0.0006331792523661936,0.0,-4.136985554666458e-05,0.0,0.0,0.0,0.0,0.0,-0.0028110603884545053,0.0,0.0,0.0,0.0,0.002202380442860762,-0.0011534317950901516,0.0,0.0,0.001122881654907838,-0.001069800909982689,-0.00038899747358269924,0.00022812694246178436,-0.0012231148912018016,-0.00031613763734198276,0.0,-0.0022382730983371425,-0.0019822237563116786,-0.0007892206890548117,0.004805676774248327,0.0,0
0.0016855599978858637,-0.0004484647951588687,-0.00032650026110763673,-0.0013320100137954483,0.004009039360059883,0.0004987881567138659,-0.0015835440257648845,0.0013142398320817423,0.0009245627623906103,-0.0018683029784173134,0.0,0.0009993700336052367,0.00126615806671013,-0.0008288147014592973,0.0,-0.0003795059987098699,-0.005962351001722888,-0.0010619028426866626,-0.0028279472059824957,-0.002147846111926964,0.0,-0.004012032245594537,-0.0022884149399759637,-0.0005166890532830188,0.0004908297000998671,-0.00022577538195315018,-0.0003305734892069794,-0.0021520097828049895,0.002393014265089301,0.0013150330962926101,-0.0017893300449457808,0.002721123443982807,-0.0024559666939170657,0.0,0.001240178940733732,0.0,0
0.018404991817822694,0.0,0.0,0.0,0.0,0.0,0.0,0.0,0.0,0.0,0.0,-0.0018193219220710162,0.0,0.0,0.0,0.0,0.0,0.0,0.0,0.0,-0.0029550915109928795,0.0,0.0,0.0,0.0,0.0,-0.0031395134071120104,0.0,0.0,0.0,-0.0007989754743274846,0.0,0.002830886410860896,-0.023232333704869816,-0.002473476235685005,0.0,0
0.013814389841040735,0.0,-0.0032281165382916925,0.00046305412951052374,-0.0001881978676112087,-0.0004214723313984679,0.0,-0.0033599122389184623,0.0,3.3618271985276464e-06,-0.004928034576353285,0.0009989688951982684,0.0030928825681408798,0.0013564165871496725,0.0,0.0,0.0,-0.003022289429390156,-0.0019030925664633293,0.0008288683136542646,-0.0014677392051778337,-0.003399353641661237,-0.0007569128819878055,0.0,-0.004399192164563931,0.0,-0.0010696916363773508,-0.0019513740499917747,0.0,-0.0032504642521213396,0.0,-0.001867742648946908,-0.002337956835919206,0.0,0.0,0.0,0
0.0044796256653706085,-0.0009765978925390859,0.00027923547891393067,-0.0006815996214829276,-0.001442082137517253,0.0,0.0,-0.001474984260169802,0.0,-3.617614057880387e-05,-0.0005857547397452951,0.0,0.0,-0.0010976284429094767,0.0,0.0,-0.001994126094680133,0.0,0.0,-0.00034109222200469266,0.0,0.0,-0.003448436088410495,0.0,-0.0003790254406877309,0.0,-0.00108745366963255,-0.0013422582015915534,-0.0011666965781852666,0.0,0.0,-0.0010266244753892259,-0.001849375669951935,-0.0016026891373198664,0.0,0.0,0
0.0,-0.0019005538736254558,-0.0015553079636866003,-0.002421920567131722,0.0,0.0,-0.0003564429663165458,0.0,-0.0005439145424640222,0.0013074988657141248,-0.0020884853395593626,-0.0010621921916071759,0.0,-0.0002406395689507018,0.0,-0.0016250127430242891,-0.0037556772352717194,0.0,0.0,-0.00044874227861071915,0.0,0.0,-0.0033381458068091423,0.0,-0.0012103995481200158,0.0009084357477985194,-0.000990745731290036,-0.0012067884179200546,0.0037581069415497095,0.0,-0.000589303499245963,0.0,-0.0037212868592720423,0.0021143980381166947,0.0030278051529482423,0.0,0
0.003872818738741785,0.0,-0.0009255679573006724,0.0,-0.0005236670312965101,-0.001687585236741517,0.0,0.0,-0.0030344520920374744,0.0,0.000361436651942674,0.0,-0.0005206874193759593,-0.00159797797957061,0.0,-0.002719485128093553,0.0,-0.0015370884640222668,-0.00025285899667471076,0.0,0.0020532815100498827,0.0,-0.0027257137463041073,-0.00037542752676355444,0.0011509418179915748,0.0,-0.001321696604027079,-0.0007614271715631587,-0.0016973297125207891,0.0,0.0013480966938200691,-0.0007673782515248862,-0.0031844662371348733,0.0023737539744901463,0.0012303761693954092,0.0,0
-0.026472547394906225,0.0,0.0,0.0,0.0,0.0,0.0,0.0,0.0,0.0,0.0,0.0,0.0,0.0,3.551709579499142e-05,-0.0035793588081796672,0.0,0.002743336128641294,0.0009738635379649134,0.0,0.006097943328149757,0.003435130450425976,0.0,0.0,0.0,0.0,0.0,-0.002525068762612893,0.0,0.0,0.0,-0.003898586372470017,0.0031452314698698605,0.0,0.0032381589669638437,0.0,0
-0.04672461118519699,0.00578325311733888,0.0014746400559731245,-0.0038508932516390956,0.0,0.0,0.012885840076317349,0.0,0.0,0.0,0.0,0.005313472598193958,0.0,0.0,0.0,0.0,-0.0007007960582919595,0.0,-0.009642640272175824,0.0,0.0,0.0,0.007184469566157062,0.0,-0.004987606152243723,0.0026966264203418596,0.007830828312769104,0.006838332605116788,0.010257397415292729,0.0,0.0,-0.007730364245151436,0.0,0.004645214789217496,0.0017089809055790862,0.0,0
-0.0043780592362995556,-0.0011229370644285854,-0.0027856264677312576,0.0004330460977300162,-0.0017112468069550892,-0.0022997555330576355,0.0035455028851732267,0.0,-0.001702689787139959,-0.003803484541547258,-0.00361792378838003,-0.0016274017838274841,0.0026519270069060574,-0.005431154534136944,0.0,-0.0047165819273449665,-0.004179110156658626,0.0,0.001040569159055002,0.009093742969148905,0.001746112961743167,0.003584027725817989,-0.0024898847337383677,-0.0036209051932319454,-8.488796236912645e-05,0.0,0.0006210984370284127,-0.000622956194870171,-0.002748944707370014,0.0017748663364895185,0.006606320942635599,0.0,-0.0022289392110187737,-0.0014232271707966043,0.0018021324586963462,0.0,0
-0.004990960871219485,0.0012073318176926643,0.0,0.0,0.0,0.0,-0.0012439053439163667,0.0,-0.0007083752689141236,0.0,0.0,-0.00042251620086907187,-0.0016118094456522114,0.0,0.0024657008253216933,-0.0012762915580460143,0.0,-0.0013511022758998024,-0.00031269829992043645,-0.0006534052371849384,0.0032465334855961443,0.0,-0.0006631840872276066,0.0002619475188614098,0.0,0.0,0.0,-0.0009202808083796648,0.0,0.0,-0.002063672730983695,-0.0010448876756344674,-0.0024977959221735833,-0.004884961059038891,0.003377062655174276,0.0,0
-0.04240351951339463,0.011845924230128214,0.001675236617785716,0.0011954896589769105,0.0,-0.004613854244464224,-0.007458421298017612,-0.001344692182262813,0.0,0.0002546301985621719,-0.0035400227472930776,0.007825755500741292,0.0,0.002262416590157559,-0.002924933646889208,0.0004988034262813105,-0.004925704534162949,0.0,0.0024007983507090646,0.0,0.002369099208160226,0.0,0.0019412750825245813,0.008696318017716934,0.004095792025126712,0.0054694598943287815,0.0,0.004094175298234685,-0.005847684138056682,3.106219473387496e-05,0.0,0.0,0.002827363589368098,-0.0027674608018541137,0.0015474060785179017,0.0,0
0.02870533378647223,0.0,0.0,-0.026034740317592602,0.0,0.0,0.021993529200374323,0.0,0.0,-0.0013009691704124547,0.0,0.0,0.0,0.0,0.0,0.008898876041070106,0.04422054151274824,0.016512953669247085,0.0,0.0,0.018985897459669845,0.0,0.02679310552835667,0.0,0.0038088927795007243,0.0,0.0,0.0,0.0,-0.03716079252029941,0.006754560931100245,0.0,0.019150337686286233,0.0,0.03757059882265648,0.0,0
-0.010762901456552456,0.0,-0.0037729562916248324,-0.0016501998602683541,-0.0017244721481557157,0.0,-0.004901988649431076,0.0,0.0,0.0,0.0,0.0,0.0006838916623449212,0.0,0.001135552409581075,0.000961671895161241,0.0031164350850840434,0.0007308451925412444,0.0011132279210525052,0.0,-0.004701513703955641,0.004122714440617639,0.0,-0.0009230825884125958,-0.0009931329173604555,0.0,0.0016293963138502303,0.0,0.0,0.0,0.0,0.0009884903727835255,0.0013337867178297446,-0.005175365051889715,0.0022147673447619164,0.0,0
0.02246089120212029,0.007022787440747853,0.0,0.0,0.0,0.0,0.0,0.0,0.0,0.0,0.0,0.0,0.0,0.0027728851357834046,0.0044803608695345104,0.01082158073845607,0.0,0.0,0.0,0.0,0.012907149716377514,0.0056795198707015266,0.00554083542097945,0.0,-0.0008555440165901871,0.0,0.010041234650523144,0.0,0.005222630182337981,0.0,0.0042455191184507446,0.0,0.017154205445786917,0.0,-0.03220463755559143,0.0,0
-0.040593027168050105,0.0,0.0,0.0031024975737378216,0.0,0.001685158567056419,0.0,0.0,0.002912023375849672,0.0,0.0,-0.005640574174144288,0.0,0.0,0.0,0.0,0.0,0.0,0.0,0.0004939414192861541,0.0,0.0,0.001583787064197154,0.0,0.002459740566838883,0.0,0.0,0.0,0.0038415455512729284,0.0,0.00883047463751262,0.0,0.0002470139848032168,0.004282131457298249,0.0,0.0,0
0.002395260740426052,0.0022171717063708468,0.0009046340834405648,0.0,-0.003161476711289151,-0.00101618568530792,0.0,0.0,0.0,0.0,0.003221259973411636,-0.0033072579300036818,-0.0016482032895371688,-0.002543978431592346,0.0,0.0,0.0,0.0008214138811475296,0.0005300028314621802,0.0,-0.013580726142419246,0.0,0.0,-0.002294194409389153,0.0,0.0,0.001483089204972085,0.0,0.0,0.0011957103874716932,0.0,-0.0015704875599714082,0.0027894572408529443,0.0005801555661188936,0.005904382819674935,0.0,0
-0.027545713289160924,0.004749948357593812,-0.003184959897515927,-0.0015755823429683393,0.0,0.0,0.0,-0.0057383991864726445,0.0025422710622682518,0.0023342679858365054,-0.00446491907349045,0.0011656896033868083,0.0,0.004957829131962102,-0.003989187245126532,0.0,0.0,0.0017501297310919626,0.0,-0.0035544827957368643,0.0,0.0,-0.003482318978003649,0.0023176299420516484,0.0,0.0,0.0,0.0,0.0002913514912725356,0.0020737751364907414,0.003484821623789425,0.0,0.006893108445125209,0.001541705483765766,0.0026320224803871584,0.0,0
0.004166650014053634,-0.00168393849838464,-0.0006273718690061989,0.0,-0.0004424142684099383,-0.00301951651618531,-0.0010048305102968746,0.0,0.0,0.0,-0.0012601216719109025,0.0,0.00011310121680641395,-0.0008141688181351813,0.0,0.0,-0.0014721397371395089,0.0,-0.0022721388669755534,0.0,0.0,-0.00030623223741201337,-0.00264614256451564,0.0,-0.0005176995810619706,0.0,0.0,0.0,-0.0015534029549576101,-0.0007483322742358304,0.0028635371818613504,0.0,-0.005800999414398406,0.0,0.0,0.0,0
-0.0005667565635625605,-0.002513279034551725,0.0,-0.0013025767742306375,0.0,-0.0009065178913893053,0.0,0.0,0.0,0.0,-9.917473215920964e-05,0.0,0.0,-0.001431616558346214,0.0,0.0,-0.0020559066379312405,0.0,0.0,0.0,0.0,0.0,0.0,0.0,-0.0015865917696687374,-0.0016593290740002013,0.0,-0.0004840673698693038,0.0,0.0,-0.0007911322499408848,-0.0007493540266170668,-0.00287380736140087,0.0,0.0,0.0,0
-0.0029125062106996145,-0.0007699962295862464,-0.0010402561856942098,0.0,0.0,0.0,0.003877605465926461,0.003199133244888414,-0.000563706130208585,0.002543909747019956,-0.002377066280176386,-0.0014289243237232967,0.0,-0.0010251526487843232,0.0,-0.0007447400775273785,-0.0026131240819615847,-0.0021401425834909884,-0.0007934959141750049,-0.0006600294086892763,0.0,0.0,0.0,-0.0016514556272929032,-0.0002724682374928673,0.0,-0.0016148136811545222,0.0,-0.0009502810756410007,0.0022180319229928402,-0.0005500408326720604,0.0,-0.003753885551491766,-0.001986606529224128,-0.0008290412079857423,0.0,0
-0.021006440340231414,0.0012590715945162007,-0.0009902186891334423,0.001574762619886754,0.002134716644749494,-0.0016672480470078595,-0.0008319329364827119,0.00037293439628334344,0.0,0.0,-0.001323717911621107,-0.000703709367276092,0.0048880221858763635,-0.002036645267437379,0.0006040929390869598,0.0,-0.0006443694653235698,0.0,0.0020278076762345484,0.0009835347344891872,0.0026559609985033683,-0.00027872473607044727,-0.0026844847699547905,0.0,0.0,-0.0015482989133854975,-0.0013450538908099554,0.0,0.0,0.00044703961309354396,0.00022261402111427926,-0.0008801345049812147,-0.001628666605266531,0.0,0.004333260563942804,0.0,0
-0.006600012766264801,0.0,-0.0006173058129659388,0.0,0.0,0.0,-0.0007601786011650649,0.0,0.0,-0.00025946091580398575,0.0,-0.0017780735936138267,0.0,0.0,0.0,-0.0019071443880096324,0.0,0.0,0.0,-0.00025303482746643984,0.0,0.0,0.0,-0.0001692477429520369,-0.001238046680308646,-3.656986354066886e-05,0.0,0.0,0.0,-0.00021187683992366385,0.0,-0.0007140068930442115,-0.00011405657339267622,-0.002343215421882521,0.0,0.0,0
-0.003647944305143435,0.0,-0.001101009333247657,0.0,-0.000531888957762564,-0.0008503997198810748,0.0,-0.0016692486222625426,0.0,-0.0008000596055689783,-0.0011521311099184572,-8.82253168903159e-05,0.0,0.0,0.0,0.0,0.0,-7.856478198858692e-05,0.0,0.0,0.0,-0.0015141531702991418,-0.0015718529088875886,-0.0009562509995173402,-0.0008846222297107444,0.0,0.0,0.0,-0.0010787345782369254,0.0,0.0,0.0,-0.0017069044418205302,0.0,0.0,0.0,0
-0.018461926866562027,-0.005161136351936319,-0.006180796243285524,0.0,0.0,0.0,0.0027205638788694747,0.0,0.0,0.0022292254699685372,0.0,0.00051690592729966,0.001967897720687401,0.006544225111732163,0.005457145672396122,0.0,-0.0005138151339535885,0.0,0.0,0.0,0.0011703891482388654,0.002585388501131927,0.0,0.0026433870589339893,0.0027742357663741563,0.0,0.006535348916968344,0.0060403338186648175,0.0,0.0024844515343888348,0.0021379262176550637,0.0,0.0039308378261105024,0.006521937494554895,0.005453551776334345,0.0,0
-0.0009562064027638718,-0.0025706102766836253,0.0,0.0,0.0,0.0,0.0,0.0,0.0025757434358183407,-0.0013385842197616562,3.7403092476685456e-05,-0.0020562869175690863,0.0,-0.0016769341444425364,0.0014492789259759307,-0.0005149130162656303,-0.003025555150987267,0.0,-0.0012472723390954477,-0.0014663518422417905,-0.0004440146084481284,-0.0013013140317702898,0.0,-0.0006326337535524032,0.000156631656068318,0.0,-0.002679207589299205,0.0013871151997570375,0.0,-0.0026711620242830716,-0.0013843070642855413,-0.0009909417088960627,-0.0015724821174321732,-4.821091431882886e-05,0.0035824655371499182,0.0,0
-0.0022771487896809796,-0.0017712192725795985,0.0,0.0,0.0,0.0,0.0,0.0,-0.0005662213825729756,0.0,-0.0022487165890392367,0.0,0.0,0.0,0.0,-0.0011473625362782962,0.0,-0.00024979478196983054,0.0,-0.0026366166946363025,0.0,0.0,-0.000691662574822813,-0.0014861074703876095,0.0,0.0,-0.00045930814439258146,-0.0005363444171003096,0.0,-0.0007926623206368271,-0.0006616198484926925,-0.0010775767862735,0.0,0.0,-0.0010993411101959845,0.0,0
0.05764828316670708,0.0,0.0,0.0,0.0,0.0,0.0,0.0,0.0,0.0,0.0,0.018761170393780058,0.00898234775818977,0.0,0.0,0.0,0.02581488546783667,0.0,0.004887233505502759,0.0,0.0,0.0,0.0,0.0,0.024603578481896513,0.0,0.025022180449309032,0.0,0.0,0.0,0.0,0.0,0.0,0.0,0.015569670689472986,0.0,0
-0.005508111597156831,-0.0034326778614116645,-0.0019015523538358497,0.0,0.0,0.0,-0.0006149961133848563,0.0,0.0006666064126676725,-0.0031409676868194994,0.002220299855292658,0.0,0.0,-0.0007736938840518505,0.0,0.0,0.0008610326017714674,0.0,-0.0019097119540348526,0.0,-0.0006348210658843351,0.0,0.0,0.00024298003238069785,-0.004227872233698672,0.0,-0.0007931622589757112,0.0022660143825054013,-0.0006517518843570961,0.0,0.002430943436174328,0.0,0.0028465219256022423,0.0015269505142836723,0.0019178536451306284,0.0,0
-0.0028387243690000457,-0.0017292869161557116,-0.0005628164498904596,0.0,0.0,-0.0018651398963469218,-0.0020282278690031603,0.0,0.0,0.0,-0.0004490355814642346,0.0,0.001871114066660015,0.0,0.0,-0.00133679375019252,-0.0036230088381423746,0.0,0.0,0.0,0.003917984756225839,5.03676787906007e-06,-0.002337034302489035,0.0,0.0,0.0017196165132248558,0.0,0.0,0.0,-0.0003189348595933659,0.0,-0.0011408260219622644,-0.005410153035451017,0.0,0.0007043624123310097,0.0,0
-0.0006051572755028694,0.0,0.0,-0.0007817510101100117,0.0,0.001703954686250552,-0.0021368512687650436,0.003035574623136482,0.0,0.0002464278323726779,0.0,-0.0013617397589537968,-0.003978068926724419,0.0,0.0031060741640419704,-0.003039598357888538,0.0,0.0010947475104973697,0.0,0.0018727102601021283,-0.002452832491035406,0.0,-0.002575103389096346,0.0,0.0,-0.0015297439345442541,-0.003479219991568691,-0.002572949881514342,-0.004264160803415611,-0.0007327429496984743,-0.0017254739885986404,0.0,0.0031476115560757872,-0.004762274941129819,0.004828484461828077,0.0,0
0.028712813848502036,-0.015601396634532605,-0.010623928172542705,-0.004967049065571987,0.01279139215498448,0.0,-0.006585046121921039,0.0,0.0045853894783694955,-0.004380690967852985,0.0,0.021338156282414922,0.0008955500281439708,0.020638110051339857,-0.011185766025619395,0.01855043732917483,0.039412830114374076,0.0,0.009450077658749566,0.03850476097959734,0.026970769392038692,-0.031640781271298976,0.009704004482832531,-0.01806063863101562,0.030893659028833783,0.011397032022472458,0.019063659497846344,0.016217416723152175,0.0,-0.007135162826994306,-0.0011325473411759512,0.004266163917457748,-0.02390583559438944,0.010978942049166484,-0.02771413550351165,0.0,0
-0.001318538936164328,-0.0008238959366653161,0.0016433279651020235,-0.003518599103766269,0.0012760679066042726,-0.0010238986039968734,0.0,-0.0032168967726509995,0.0017094498492426396,-0.0027892179907545605,-0.0036194585094364894,0.002051179472115291,0.000262538398021498,0.008597836350627577,0.003029417423229849,-0.002245105401866419,-0.002281524884235214,0.005604574595746756,-0.004083911914137672,-0.003675727642781664,-0.0028957009216298802,-0.0012759043228591953,-0.00464329415320134,-0.0004084529181826405,0.001239208338598928,-0.001847995012883952,-0.006365696590807778,0.003654676939460124,0.0028775024104718827,0.0032339306594416587,-0.007460738956522719,0.001567374672494299,0.0024070495167349566,-0.0006037247673960619,-0.0026921937460369014,0.0,0
0.002984656671296984,0.0020061545293362164,0.0012026842748039102,0.0,0.0,0.0006050648234551501,0.0005256413038032322,0.0,0.0,0.0013571007918390598,0.0,-0.0008854248718705044,0.0,-0.0015953990798693643,0.0014272223716304414,0.0006626869786824979,0.0,0.0,-0.002132870999160537,-0.00020680394998232187,0.005260392945713489,0.0,0.0005737600085668796,0.0,0.0,-0.0006412653291726106,0.0010844350348490764,-0.0027024410777043706,0.0017238845060041819,0.0014210353152201468,-0.004643757998419922,0.0,-0.005205916634389747,-0.007897616176992415,-0.0032269381236837303,0.0,0
0.0,0.0,-0.000752909972043888,-0.0007059760476881941,0.0,-0.0013555520392491238,0.0,0.0,0.0,0.0,0.0,-0.0006318917058429649,-0.0010350123094561253,0.0,0.0,-0.0010264361777706887,-0.001614797525213949,-0.0012227125620248916,0.0,-0.0010911665990818206,0.0,-0.0016289579796495942,-0.001728564193234125,0.0,-0.0020774119168674434,0.0,0.0,-0.0013957798252391862,-2.2203224530178438e-06,0.0,0.0,-0.0010626909804039638,2.430703780645626e-05,-0.00039246652198613244,0.0,0.0,0
0.0,0.006526580985001866,-0.003283819322068501,-0.0039954209248607405,-0.002113782981702737,0.0027556474527350313,0.0,0.0038866584631805736,0.0,0.009539568604282109,-0.005438723751815339,0.0,-0.003793505025666065,0.0,0.0013034013038595636,-0.003231549515182789,-0.003834544582246911,0.0,-0.0028069546782430307,0.0015423778453871988,-0.0015355047030548188,-0.005483267755766407,0.0,-0.0030781799360813525,-4.5885570895740335e-05,-0.006704611265537662,-0.003936433228771519,0.012580412503498747,0.0,0.0,-0.00257068696346068,0.00046519771326939704,-0.0022990906357184798,0.0,-0.0021483674587761854,0.0,0
-0.00039875136817549614,-0.001758130289512978,-0.00023599373880897414,0.0,0.0,0.0,0.0,0.0,-0.0024742534292919796,-7.713010176382081e-05,-0.0012752621271671634,0.0,0.0,0.0,-0.0009709234662329025,-0.001293539488023266,-0.0016600340992238903,0.0,-0.001578511604465252,-0.0004453484537429178,0.0,-0.0012084759872857185,-0.0008642378032092608,-0.00013126169911856537,0.0,0.0,0.0,0.0,-0.0016904472479800571,0.0,0.0,0.0,0.0,-0.0015612974659712335,0.0,0.0,0
-0.0002197280372682204,-0.004914327612467135,0.0,-0.0016020575526483022,0.00284303625011256,-0.0009430465096850744,-0.0016576865957929829,0.0,-0.0002730350416528504,0.0020815187821855018,-0.004457559293714627,0.0,0.0,-0.003474006798825583,0.0,-0.003228973475120834,-0.0015199087921129292,-0.0024492549710762417,0.0010620949178805816,-0.002122673500958963,-0.0024541016311750937,0.0011315074762546053,-0.0030649684997048014,0.0,-0.0021521878162636832,0.0,-0.002650942888134958,-0.0015237024787875925,0.0030946428720895745,0.0,0.0,-0.0005728963594437424,0.013963540374054855,-0.0001271815858953154,-0.0025107368149754356,0.0,0
-0.0034664645613456005,0.0020477997251646717,-0.0027339140394794974,0.0005641192827393174,-0.0017185946444591982,0.0,0.0,-0.002192634172866299,0.0044468698552488336,0.0021775726249000918,0.0,0.0,0.0031681437032540978,0.0,0.0,-0.0008603590902246425,0.0,-0.0030102582610841803,-0.0008765504338071507,0.0,0.0,-0.00011868310593850363,0.0,0.0,0.0,-0.001080180638710514,-0.0037677260899080063,-0.0008801120651218496,-0.0035964834962374168,0.0,-0.0017562910226191799,-0.0007810593917640162,-0.004758245510673132,0.001885693546828938,0.0010057617117672606,0.0,0
-0.015413429871658875,0.0,0.0,0.0,0.0,0.0,-0.0017773901590547858,0.0,0.0,-0.00042253832625154984,0.0011797318741784387,-0.0007329353438503307,0.0,-0.001427131003151546,-0.0017065994176877141,-0.001484229518315164,0.0,0.0019098683830980673,0.0,0.0,0.005649163849171751,0.0,-0.0009537146326722533,0.0,-0.0005744567553145816,0.0,0.0,-0.0020937365069694487,0.0,0.0015886685654618775,0.0,0.0,0.0,-0.0024315100181281405,0.002588519648897277,0.0,0
-0.02565952437207673,0.001976272598569502,0.0014086248303667047,-0.008691030364234563,0.005868511559339128,0.0022775686716622005,-0.008762928713101003,0.0,0.0,0.0034265442284785773,0.0005069573734754559,0.0,0.030496656880378607,0.000330890793969741,0.0,0.0,0.0,0.0,0.0,0.014215978808990342,-0.008841048160923492,0.003389576380860949,-0.007541372835574224,0.001914250468758952,0.0,0.0,0.005891824884559261,0.007617203588803407,0.0,0.0,0.000964486320652379,0.0018349896836470517,0.007467678824023359,0.0,-0.030896106166741596,0.0,0
-0.0014299025444896463,0.0,-0.00047999060492103315,0.002372938397417952,0.0,-0.002951366624752704,0.0,0.0,0.0,0.0,-0.003099207423728934,0.0,0.0,-0.0010182064142303156,0.0012769467322146799,0.0,-0.0022105074944914413,-0.0021045050767720384,0.0,-0.002422985936884343,0.0,0.0,-0.0018512520521823015,-0.0023632089285554056,0.00011794187981764832,-0.0016726484849792296,0.004894310890939144,-0.0026970376213694028,-0.0014659847037488758,0.0,0.0,-0.000584010474115132,0.0,0.0,0.0,0.0,0
-0.0003179887194354483,0.0,0.0,0.0,0.0017187901739752825,-0.0037934745826210575,-0.0005308421675608572,0.0,-0.00012157527585136763,0.0,-0.0037870631271193986,0.0,0.0,0.0,0.0,-0.0012499688293769766,-0.004352928450433991,0.002878996149734419,-0.00030444599763870887,-0.00573995248684729,-0.0020482714167535435,0.0,0.0,0.0,0.0,0.0010285383435235022,-0.003573412709636606,-0.0025270574839461528,-0.0013347394058087021,0.0011900418060366332,0.0023652449285605478,-0.0010553464110806636,0.0038442617475514355,0.0,0.0,0.0,0
0.0,0.0,-0.0030732707451715064,0.001165832712186059,0.0,0.0,0.0,0.0018031628250397204,0.0014047863297970654,-0.0013715305398426727,-0.002321571235569952,-0.0005429458802812228,0.0,0.0,0.002255234092302114,-0.0019055849032021835,-0.0012392288990441065,0.0,0.0,0.0,-0.0011925878814820733,0.0012552392102755166,-0.002041766344818289,0.0,-0.0030932556559942178,0.0023053640501234395,-0.0009195795639590413,-0.0030689811054393384,-0.000900386778487763,-0.0012290211157757892,-0.0017517289983356428,0.0,-0.0018711573199045942,-0.0013556987372468979,0.0,0.0,0
-0.009947502781164023,-0.0008827545385134005,-0.0006685753705158334,0.0,-0.0007557219976649956,-0.0003752132817963101,0.0048950678467037535,0.0,0.0,-0.0012260873970482446,0.0,0.0,0.003854517363373853,-0.003819163165146168,-0.0019301959059035625,0.0018757468116252193,-0.001222675335587337,0.0014521010401674535,0.002299644750001992,0.0,-0.0033967539829975147,0.0012841159107620226,-0.000990710635391955,-0.0007513740303822011,0.001258573470540851,0.0,-0.0005758509909901529,-0.002659418656571369,-0.001879473184569185,0.0,0.0010120768279136582,-0.002921644344535051,-0.0021263274173212725,0.0006197720275964375,0.0007101803663913421,0.0,0
-0.005992903168475241,-0.0010756663871151568,-0.0012794711136972885,0.0,0.0,-0.0008558016215743504,-0.0014653182241272553,-0.0005354733934981287,0.006581169746848941,0.0,-9.562941068091126e-05,-0.002503986881503386,0.0,-0.003925761641889294,-0.0005035235713973567,-0.0015680126208416484,-0.0007617662418892473,0.0,0.0,-0.001986351050924747,-0.002014450032686623,0.0012750917501273536,-0.001754732429656263,0.0012476075336889576,0.0,0.0,0.0020820481690501744,-0.003697609541464253,-0.000478737919535956,-0.000267917893971861,0.0,-0.00026126763510231414,0.0,0.0028780011895008346,-0.0004869873445216902,0.0,0
-0.011988581941268327,-0.00021048976985253557,0.005094376412142013,0.0017115103234998695,0.0,0.0,-0.0021371571528240344,0.0,0.0,0.000650906526191761,0.00038175128969181784,-0.001008127470006456,0.0,0.0,0.0036884980034179622,-0.0010882050534994276,0.0008463309479203975,0.0029292231844932444,0.0008980731487669688,0.0012321854025326697,-0.001725125677418808,0.0,-0.0009682045478944495,-0.0035929270435756037,-0.0014833532010065744,-0.001746962852151591,0.0,-0.00034795309610342515,0.0,0.0033178436497636405,-0.001954347789223762,0.0,0.0014513609467862283,-0.005225683253991986,-0.005730573329596846,0.0,0
-0.004361878249064833,-0.0037949915951066555,0.005344531966917174,0.00415984850229683,0.0022335060871180963,-0.0018260628674872268,0.001128815277218265,-0.0012815638340093682,-0.0021198522798382704,-0.0009323679534786775,0.003940322512913684,-0.002043002836951208,0.0014294408117994275,-0.0035334397841865076,0.0,0.004901663977617516,0.0,-9.761897996354457e-05,0.0,-0.002082446039641477,0.0,-0.0011084054873206522,-0.001408863501461637,-0.0008404851183206547,-0.0023748762429580206,0.00015596881433865357,-0.0016477147615320544,-0.00013821216590619048,-0.004413025929742157,0.0,0.0008294141842325008,-0.005624900199305547,-0.003107369008966151,0.0036448950868028227,-0.002733649436891262,0.0,0
-0.004442359556991584,0.0,0.0,0.0,-0.0006870816268161677,0.0,0.0,0.0,0.0,-0.0001349147042105746,0.0,0.0,-0.000775697173323542,0.0,-0.0012695635612724506,-0.0005366733542396237,0.0,0.0,-0.0005113394602700801,-0.00011660878496974818,-0.002376547913800541,0.0,-0.0004904641086802867,0.0,-0.0003232584194810065,0.0,-0.0007002599065562422,-0.0016990326661935602,0.0,0.0,-0.0002918577378798826,0.0,0.0,-0.003142590856429376,0.0,0.0,0
-0.00040949460726094335,0.0,-5.7834778031409605e-05,-0.0011241820418796881,-0.0011405635369479954,0.0,0.0,0.001179284667393513,0.0,-0.0009115569694511065,0.0,-0.0014744779363371737,-0.002242023481481293,0.0,0.0,-0.0038916723902811434,0.0,0.0,0.0,-0.0010132866827048453,0.0015412745651523598,0.0,-0.0006679727442079937,0.0,0.0,0.0,-0.004023042465275232,0.00045394030759999046,-0.0036130074350247884,-0.002257420498360668,0.0,0.0,0.0,-0.001368945166593562,0.004037799487091386,0.0,0
-0.03641333862573983,0.0,-0.003540458575811872,-1.1156836975974846e-05,0.0,0.00266587931151313,0.009415347226471377,0.0,0.0,0.0024298317519840613,0.0013720733103279442,-0.004459944409256444,0.0,0.0,-0.0017323602422592056,0.0019746960588730273,0.0,-0.00129815809035429,0.0,0.0013523572465266487,0.010151326542881945,-0.0022925156598657495,0.0,0.0,0.0,0.0,0.0,0.0,0.0,0.002863445369052405,0.0,-0.0024378884262464123,0.0059875664055830296,0.0,-0.0019143113439539228,0.0,0
0.0052451519823382,0.000936271316230121,0.0,-0.0010619746430419474,0.0,0.0018833061602547875,0.0019753036335420087,0.0,0.0,0.0,0.0,0.0011881297755286094,0.0,-0.0012081939554232533,-0.0005020430492411118,-0.001317739544267555,-0.0005123877604213126,0.0012144695003340209,0.0,-0.0014737721478616057,-0.0036456571333638643,-0.002506618356143783,0.0,0.0,0.0,0.0,0.0,-0.003993415920871447,0.0,0.002074001463284648,0.0,0.0,0.0,-0.008541788075373563,-0.004088544488834191,0.0,0
0.0,-0.0021872758660691663,-0.0025035844870399918,-0.0049692952625696625,0.0,-0.000930849445480008,0.0,0.002292940038328994,0.0,-0.0005455964279533546,-0.00234024101414602,-0.0009066093382470592,-0.005599829451304366,-0.0012124520456637078,0.001316270531866638,0.002313000469910735,-0.00187516448450545,-0.0017876341191699393,-0.0020992383221938847,0.0013986217249465876,-0.0037788216114301894,-0.00048093500399319357,0.0,-0.0012817258384797033,0.0,0.002786666003203734,-0.0018281861540232057,-0.0014146681926974236,0.0009930764583077974,0.0015545889683908712,-0.0006501949211423606,0.0013560295595430646,-0.00045278198879018837,0.005209343560319213,0.0,0.0,0
-0.005879771862437032,0.002606473229238157,-0.0014029220757190409,0.009923285670290438,0.002773346966241597,0.0,0.0077207605286769634,5.404220386796618e-05,-0.0016171559686787664,0.0,0.0,-0.002108941254115104,0.0,-0.0010243570972546642,-0.0001955796552807616,0.0,-0.009298685076935547,-0.002663532295170491,0.00459310850112737,-0.001362182696060235,0.0,0.0035198494000057883,-0.0043968366543250025,-0.0016456791906218776,-0.0013795717184567561,-0.0025550628800791193,-0.0019903056754790025,-0.0022246251612525387,-0.0011258813036409256,-0.002764293624508047,0.0014787278472643617,-0.0005396416052072755,-0.006119115211571706,0.0,0.0,0.0,0
0.0018228236273662884,-0.004498650120343187,-0.002037008272687659,-0.0007532143902351891,0.0,0.0,0.001438687787062361,0.0019025029123447557,-0.0016841710723312765,0.0005453334682150924,0.002859114936943016,-0.0007613839893504589,0.0,0.0,-0.0014602956270860893,0.0,-0.007939196367957752,0.002541130607347467,-0.0014185221479459467,0.0011567956397378028,0.0,-0.001964607970096468,-0.00343158388207402,-0.0013139734022645383,0.0,-0.0017085226940601326,0.0033481628654670075,0.0,-0.0012725021115255286,0.0,0.0012797726867787794,-7.551725413626058e-05,-0.004963609188995063,0.0,0.002014739431961843,0.0,0
-0.005432201340217805,0.0,0.0,0.0,0.0,0.0,0.0,0.0,0.0,0.0,0.0,0.0,0.0,0.0,-0.0024809010798435478,-9.230572993220695e-05,-0.0022527291923555965,0.004440249907005515,0.0,0.0,0.0,-0.0013620016341178683,0.0,0.0,-0.003418269316983269,0.00146780957412092,-0.002029343207147571,0.0028524427983253426,-0.002181939786374133,0.0,0.0,-0.001242060736498627,-0.005724512743788232,0.0,0.0,0.0,0
0.0009344181605032152,0.0017779656763516971,0.0018753447280456267,0.0,0.0,0.0015180908915970776,1.3201412272835167e-05,0.0001640912424045781,0.0,-0.00025041900341501663,0.001384608972204858,-0.0008649904546500196,0.0,0.0,-0.0018455915085310217,-0.002376469037164919,0.0,0.0010009427447044649,0.0,-0.001382255013763323,-0.006979516532753931,0.0008301899539126098,-0.0024998604828517074,0.0,0.0014100869299442486,0.0,0.0,-0.000974048842799941,-0.002807177086760568,0.0014623437580964518,-0.0011835310437801475,0.0,4.746073317912879e-05,-0.00839593776661173,0.0013114227679900184,0.0,0
-0.021584123508009753,0.0,0.0,0.0,0.0,0.0,0.0,0.0,0.0,0.0,0.0,0.0,0.0,0.0,0.0,0.0,0.0,0.010305842981243403,0.0,0.001707148300692457,-0.005967578370331813,0.0,0.0,0.0,0.0,0.0,0.012445405672268718,0.0,0.0,0.0,0.0054928729897695035,0.008332877998592546,0.014433641302987903,0.007935595124197531,-0.03382640861791067,0.0,0
0.04126864825346818,0.0031111996457161306,0.0072782873646577385,0.0,0.003156798272304339,0.0,0.0,0.008792693872255194,0.0,-0.008072359715553564,0.005235804531689321,0.0,0.0026210354899301198,0.009022544526316742,0.0010866557026355276,0.0,0.007322633195924939,0.0011644140392296182,0.0,0.0034150221956849745,0.00562669972433139,-0.00752550649248139,-0.0331543370843922,0.0,0.00931973327219965,0.0036786734352305126,0.0,0.014477863343086261,0.0,-0.0017077175902121548,0.003989435075795721,0.0,-0.01365715688476124,0.0,-0.007676804070255484,0.0,0
-0.026029905098709435,0.0,0.00021279911813805908,0.002054736413372235,0.0007394100818144705,-0.0013397453459184081,0.0,0.0,0.0,0.0,0.0,0.0,0.0,0.0,0.0,0.0,0.0,0.0018320211513456345,0.0,0.0,-0.006939466141837423,0.0028334711579800645,0.0,0.0,0.002050404820555006,0.0,0.002943304895460278,0.0,0.0,0.001929726672924331,0.0,0.0,0.0070651739656319625,0.003848241812991605,0.0,0.0,0
-0.0008922814863716436,-0.002584979204985037,0.0,0.0009886956146029611,0.0,0.001598976830261038,-0.003962203148853411,0.00029690366650143656,-0.0022026424852069288,0.00018305481655864848,-0.0010147762478265624,-0.0027331703501858144,0.0,-0.004227217039424056,0.0,-0.0006471685283994894,0.0,-0.002345717336857168,0.0017044005201920208,-0.0021931564471134105,0.0020469383328344196,0.002890322950269892,-0.002975119821983312,-0.0020630669232962282,0.002483252484187903,0.005153722503901586,-0.0016023617711647838,-0.0014513651587151441,0.0,0.00016038062429587656,0.0001243459221089673,0.0,-0.0026642179575242704,0.001352685018109333,0.002897846829787821,0.0,0
0.0,0.0,0.0,-0.0005245047407072798,0.0,0.0,0.0,0.0,-0.0007999148891575845,0.0,0.0,0.0,-0.0005856537601403847,-0.0013426034658014308,0.0,-0.0028015237564978156,0.0,-0.0019188486558062545,-0.0006366008012622926,-0.0011328584976250426,0.0,0.0,0.0035584221817609,0.0,0.0,0.0,0.0,-0.0011230258264743685,-0.002566561095462617,-0.0013659869674283425,0.0,-0.0014446143340243074,-0.0032155520215055634,0.0,-0.0014042624094026505,0.0,0
0.007409165998243813,-0.0019614829737505182,0.00045713941043717856,0.0006391354007151273,0.0,0.0,0.0,0.0,-0.0018274016029872365,0.0,0.0004834191977236234,0.0020327188117071127,0.0,-0.0014604961856550952,0.0,-0.0009022696967422702,-0.00134632483312652,-0.0004016099035859769,-0.0022206202130235376,0.0007839548325707437,0.004391532956726223,-0.0028713921775434495,-0.0055895316300782335,0.0,0.0026702410691279046,-0.0009342685252811981,0.0,-0.003474283061547112,0.001669783159544285,0.0,0.0,-0.0014639888026810508,-0.004597706481672081,-0.0004103568517707671,0.0032584217720449168,0.0,0
-0.008418954036376986,-0.0021168657717342966,-0.0020962827850279924,0.0,-0.0006908486520987997,0.0,0.0,0.0,0.0,-0.0006115369153271142,0.0,-5.3111016078266336e-05,-0.0010109819828212946,0.0,0.0,0.0,0.0012441717510408628,0.0021811100216120897,0.0,0.0,-0.007839352215685191,0.00026955277245498994,-0.001349156750256858,-0.0009244570842602166,0.002988677898127104,0.0,-0.0010149360558287847,0.001215989393606615,0.0,0.0,0.0007339219083156592,0.0,0.006106482710087319,-0.003727475784185745,0.003611508894538377,0.0,0
0.0,0.0,0.0,0.0,0.0,0.0,-0.0007864100857514762,0.0,0.0,0.0,0.0,0.0,0.0,-0.0010389085063773646,0.0,-0.002456298738430916,-0.0003584361972875738,-0.0003203392514869592,0.0,0.0019011652790329125,0.0,-0.0009404517772969022,0.00013165522948254814,-0.00021757767049988193,0.0,0.0,-0.002540700161195275,-0.0014875212847967072,-0.0036089144608281326,0.00013096759198078666,-0.0008473249989271211,0.0,-0.004104873571707145,-0.0028969116503350756,0.0024570226986728276,0.0,0
-0.0029540285518105643,-0.00250677204102722,-0.0011847901392328572,-0.0011892981143384908,0.0,0.0,-0.0006106794738729283,0.0,0.0,0.0,-0.003022316578720354,0.007285678232281834,0.0,-7.41365152223497e-05,0.0,0.0,0.0,-0.002039272281882381,-0.002616297316085472,-0.0003794987417246854,-0.0029761537100945314,-0.000332099345251442,-0.002090095146515533,-0.0016338779960278522,0.0,0.0,0.0,0.0,-0.0021811072505835893,-0.0006239636167875835,0.0,-0.0004679697816251642,-0.001411857997218245,0.0,0.003399477483658691,0.0,0
-0.004302740350990343,0.0,0.0,0.0019452543874030335,-0.0014176717205227104,0.0,-0.0002673789154880418,-0.0002883606900953999,0.0,-0.00107034609880068,-0.0004258765286862095,-0.0009996459101168182,0.0,0.0,0.0,-0.00044633621694131585,0.0,0.0,-0.0014692961111049767,-0.0009385639553760383,0.0,-0.0021734930031772313,-0.0005530644375837001,-0.00011492646366729322,-0.004846612080197447,0.0,0.0,-0.0012517909785379237,0.0,0.0,0.0,0.0,0.0011063758654531047,0.0,0.0,0.0,0
0.0005625247053775089,0.0,0.001088220096168435,0.0,-0.0009591849485354663,0.0,0.0006395914579119713,-0.000684747997741059,0.0,-0.0014692177851670057,0.0,0.0,0.0,0.0,-0.0008553772908156414,0.0,-0.003491762667069001,-0.0008674093020418326,-0.0008023644249412821,0.0,0.003924772036344058,-0.00021212254104679696,0.0,0.0,-0.002151741086178672,0.00045155340375877185,-0.002713829931001169,0.0,-0.001786439914399737,0.0,-0.001799229661984904,0.0,-0.006996190478946245,0.001482926485434986,0.0018780354820934209,0.0,0
-0.0019434389897152729,-0.0024764647949138243,0.0009078112869560271,0.0012495351727681025,-0.001879288038927938,-0.002226788001956704,-0.0010332540594421267,0.0,0.0,0.0,-0.0006272390072251812,-0.0020337124616961536,-0.0005008889886614859,0.0,-0.0014131886763302465,0.0030550180129706845,-5.734410599741168e-05,0.0013571557192788737,0.0,0.0,0.0,0.0,-0.002549929577753643,-0.0008635468463946063,0.0,-0.001130525850968211,0.0,-0.0019738160743361433,-0.0014824081792576438,0.0,0.0012602728430316545,-0.00029661975057754383,-0.0010302453588716797,0.0,0.0,0.0,0
0.00019560640267159892,0.0008366546725226079,0.0,0.0011381801901543013,-9.237539821766866e-05,-0.0018140884738042486,0.0,0.0011763879474893987,0.0,-0.0003777758220235057,0.0017306730640868696,-0.0018951688072767875,0.0,-0.0006653135358867517,0.0,0.0,-0.0004272171486455957,0.0009520807003765814,0.0,-0.0017405384301970783,-0.004441485725811254,0.0017350748236633822,0.0021415561745566436,0.001241238699090036,-0.0018953857189441252,-0.002203025235156149,0.00012527064359261935,-0.00047060976451275874,-0.0012544398834905873,0.0020228722090098864,0.0,-0.0021549142418224084,0.002346268022406077,-0.004411330576728501,-0.006117898238431261,0.0,0
-0.005441977436041465,0.0,0.0010231963346433168,0.0016196334311762933,0.0,-0.000772430773172596,4.7435490645426566e-05,-0.00032844264240878635,0.0,0.0,0.0,-0.0009057318886880516,0.0,-0.0006944838454455984,0.0,-0.0022759097679256384,0.0,0.0,-0.0018594541633877707,0.0,0.0,0.0,0.0,-0.0019368041243582647,0.001254159982809102,0.0,-0.0021704724035255456,-0.0022141088309095584,-0.0020542880337658847,0.0,0.0,-0.0007597124893407611,0.001521851329267716,-0.001571038938949134,0.0,0.0,0
0.01361740229089353,0.0,0.0,0.0008371412844355808,0.0,-0.0015162105265537963,0.0,0.0,-0.0070890856389482625,0.0,0.0,0.0024630643310109327,0.0,-0.0011127938850973543,0.0,-0.0044309391201898885,0.0026165214771382084,-0.004468413669448466,0.0,0.0018917722365804216,0.0,0.0,-0.006391562941375451,0.005374021582894774,0.0035187475818751206,0.003600665419422007,0.004333437868581785,0.0,0.0011230378837682263,0.0005001810935655293,0.0,0.0,-0.0041930235736905765,0.0,0.0,0.0,0
-0.003788943097921309,0.0008748726388261377,-0.0018640402963492845,0.0,-0.0007928009098173181,0.001200671344468781,0.000889386141310259,0.0,0.0,0.0,0.0,-0.0005455568567040455,0.0,-0.0008172333899974301,0.0,0.0,0.002056708861028505,0.002567374273208485,0.0,0.0,0.002583207137699814,0.0,0.0,0.0,-0.0013656717896137604,0.0,0.0,-0.0015544121714460007,0.0,0.0,-0.0008843450741801854,0.0,-0.006434472250603498,-0.00480230830056699,-0.004316475790178905,0.0,0
0.013045267062350634,0.0,0.0,0.0,0.0,-0.0012263696109417596,0.0,0.0,0.0014295169382058052,0.0,0.0,0.0008144375690896255,0.0,0.0,0.003849728944499321,0.0033330990727927223,0.004634058730781439,5.290974038628723e-06,-0.0022526835677967173,0.0,0.006388686684782773,0.0013603356769274469,-0.003043935348689667,0.0,0.001963348159537744,0.0,0.0,0.0,0.0028083169109251703,-0.0035864511407718734,0.0,-0.00166105418035861,-0.018158037680231675,-0.008262507119841634,-0.016033602963958296,0.0,0
0.006137796768045876,0.0,-0.0007195496063455233,0.0,-0.0016061087918700803,0.0005793427644200105,0.0,0.0007156160406303122,0.0,-0.0014990814954686045,0.0,0.0,-0.0005402815815243656,0.0025501700848742847,0.0,0.0,0.0,0.0,0.002058700987681082,0.0,0.004772577804515301,0.0023872776723647816,0.0,0.0,-0.001085729462414043,0.0,-0.0012719740364491828,0.0019456415481741937,0.0,0.0,-0.0025278521326999232,0.0,-0.011231660799053187,-0.004103400213404242,-0.011154040440135614,0.0,0
-0.005121076574219938,0.0015194628381544886,0.002498017790382619,0.0,0.0,-3.677640420494381e-05,0.002045447302343011,0.0,0.0,-0.0005579675258517485,-0.0001828984040976651,0.0,0.0,-0.00016721427782160326,-0.0007954780437147244,-0.0010613204047273304,0.0,0.0,0.0,0.0006067861283672837,0.0015935575386674893,0.0,-0.0009138488190437435,0.0,-0.0011064562459254651,-0.0010012966915308645,0.0,0.0,0.0,0.0,0.0,-0.00038948221340342045,-0.005039233242862176,-0.0043484774385940455,-0.004529991899924538,0.0,0
-0.004137443325646683,-0.0020675465964660224,0.0,0.0,0.0,0.0,-0.0005524062494879022,0.0,0.0,0.0,0.0,-0.0005238065337664777,-0.0003186007160808929,-0.0007771903930086345,-0.0012028567060073882,-0.00042316636869145995,0.0,0.0,0.0,0.0,-0.0029907609900156045,0.0,-0.00034537900062021486,0.0,0.0,0.0,-0.00012126217530847479,-0.0014344799632324372,0.0,0.0,0.0,0.0,-0.0020494657454350335,0.0,0.0,0.0,0
-0.005465772653959289,-0.00024864260575172047,-0.0006087258287530234,0.0,0.0,-0.002441671411330405,-7.077093819584446e-06,0.0,0.0,-0.0007451122795934935,0.0,0.0,-0.0005882612795487405,0.0,0.0,0.0,0.0017695385831560417,0.002419956342009654,0.0,0.0,0.0,-0.0014224148534614299,-2.9750492748922582e-05,-0.000530672960634883,0.0,-2.3851403418381968e-05,0.0,0.0,-0.00336291740161173,-0.0020593456131551965,-0.0005887543242013198,-0.0009315345391629615,-0.0017526133445787233,0.0,0.0,0.0,0
-0.006757702652074258,-0.00015049355056732277,0.0,0.0,-0.001284635573568016,0.0,-0.0008171209478107073,0.0,0.0,-0.00046802679818455813,0.00114702649889452,0.0,0.00011815708564324614,-0.00035796731013218214,0.0,-0.0025690846930295536,0.0,0.0,0.0,0.0,-0.001197756828666818,0.0,0.0,0.0,0.0,-0.0004977147905678885,0.0,-0.0013269468886786982,0.0,0.0,-0.0013862125026607394,0.0,0.002750677517541723,-0.004628003491726474,0.0,0.0,0
-0.006027003602364281,0.0,0.0,0.0007074440199817578,0.0,0.0,0.0,0.00130933307383909,-0.0018839533128209352,0.0,0.0,0.0,0.0,0.002341997192662376,0.0,0.0,0.0,0.0,-0.0016915462055881912,0.0,0.0016603572185728153,0.0,-0.0003623477727660164,0.0,0.0,0.0,-0.0024379804682980967,0.0,-0.002286568349185717,0.0,-0.002666048102540161,0.0,-0.0055047533764623876,0.002090154568368356,0.0,0.0,0
-0.004744478165860533,-0.0031204684345505864,0.0,-0.0006934655852937433,0.0,-0.00211933360969325,0.0,0.003775827324923926,-0.0036304172590388927,0.0,0.0,0.0,0.0,-0.0018577464509394847,0.00031251082691382886,0.0026297612794828323,-0.0030233517831051173,-0.0021767953448229758,0.0,-0.0018640745180234129,0.0,0.0,-0.001741549686472591,0.0,0.0,0.0,-0.001070432869866153,0.0,0.0,0.0,0.0,0.0,0.0,0.0021979126487749498,-0.0005961632969519841,0.0,0
0.0015252675172076873,0.0,-1.4603854066567926e-05,-0.0012157165690991874,0.00034621130497436995,0.0,-0.0004714128152273429,0.0,-0.0023874770705405958,-0.0008574651231250935,0.0030381886634272487,-3.426377903106701e-05,-0.001798645647476589,-0.0018959778932962474,-0.0013392155210170881,-0.0011022508642456862,0.0,-0.0016838550851794715,-0.00016177592733021364,-0.0015592179158920411,-0.00024940627664581317,0.0018088381193213639,-0.005428774891892438,-0.0007101131072915092,0.0,-0.0012576158628517175,-0.0009265835492622763,-0.002457964472970524,0.0,-0.00036004185122121224,-0.00042645809038138467,-0.00045212290892528097,0.0013771449852006635,0.0021302872663536737,0.0012655063503541168,0.0,0
-0.045483361384145715,0.0035021319441598912,0.004237056412917988,0.0,0.0,0.0,0.007029834379701133,0.0,0.0,-0.0036092706222095104,0.0,0.0,0.0,0.0,0.0,0.002466310638972689,0.0,0.0,0.007461619290897355,0.0,0.0,0.0,0.0,0.0004699585388235512,-0.0047066355294047004,0.0,0.005781757235323597,0.0,0.0,0.0,0.0,0.002105150584944691,0.0,0.0,0.003425864765771818,0.0,0
0.012701426363875426,0.0,0.0,-0.0025409467286181915,0.0,0.0,0.0003585519144491803,0.0,0.0,-0.002441324781594383,-0.0023467425111260683,0.0,-0.0020409641662994154,-0.0019114912177707745,0.0,0.0,-0.0042358548904784755,-0.00034981249949167585,-0.0005403783563712192,0.0017304136741277604,0.0,-0.0013663550037117766,-0.0014302816103276986,0.0,-0.0015236454985104273,-0.00025712518516638914,-0.0026877106779118233,0.0031926913622466534,-4.728463042227187e-06,-0.000998535447316717,0.0,-0.00014599732349914943,0.0,0.0,0.0019803407547358924,0.0,0
0.0,-0.0006298086421107716,-0.0012965861246808886,0.0,0.0,0.0,0.0,0.0023187617622656446,-0.0012542156027206678,-0.000672404021835469,0.0,0.0,0.0,-0.0010663496023549965,0.0,0.0,-0.002828091248620183,-0.0016491878607479834,-0.0011549661935754338,-0.0019802419227142737,-0.002714994407554028,0.0,0.0088330989198876,-0.002035672738621577,-0.0034215842006622863,0.0,0.0,0.0,-0.002160278707920101,0.0,0.0,-0.00138398278567473,0.0,-0.0028596443952617254,-0.0017661040840014422,0.0,0
-0.0011068283873518063,-0.0008746898136161281,0.0,-0.0009910400097310121,0.0,0.0031576555591517927,0.0024161815503900333,0.0,-0.0013691349495021641,0.0,-0.0001781070194808151,0.0,0.0,-0.0020948921174564657,-0.002427008588514949,0.0,-0.001075284385913938,-0.002059567214474116,0.0,0.0,0.0,0.0,-0.0009135547993304678,-0.0002636976934120301,-0.002112936960379338,-0.002189552223223635,0.0,0.0002784939667270921,-0.0018339313438415084,-0.0012814310553897934,-0.0013476667627052815,0.001975147913805587,0.0,-0.0013390619254980045,-0.0020913455971563674,0.0,0
-0.001041653322750115,0.0,0.0,0.005031228235575581,-0.001196303364716533,-0.0013635804906387905,0.0,-6.115584513789617e-05,0.001288281916737622,0.0,-0.0005144868434939005,-0.0005941077624336575,-0.0009076414051025084,0.0,0.0,0.0,-0.004584980775501267,-0.0023456612773386587,0.0,0.0,0.0,0.0,-0.0017485928432624538,-0.0021450206018955105,0.0,0.00012772063252839495,-0.0013486635987857605,-0.001405034627025613,-0.0009767674570061156,0.0001338151848987679,-5.498354910915451e-05,0.0,0.0,0.0,-0.004014664062445746,0.0,0
-0.004054695062125978,-0.0008063502997138381,-0.0005219159598456062,-0.0019884300212333933,0.0005834175314575283,0.002888582646768618,-0.0011040996280802515,-0.00040246502904654535,0.0,0.0,0.0,0.0006710426377839677,0.0029765145358778933,0.00267470380375403,0.002206062502860965,-0.0020293661992301813,-0.0006249337874793929,0.0010750957325039525,0.000746934065100852,0.0,-0.006114268361909853,0.0006709157592955258,-0.0037485786135662467,0.0,0.0015742135243928634,-0.0013247511778332966,0.0,-0.0012006161521670325,-0.0019235310951560716,-0.0008225526538748512,0.0016534752173991624,-0.003926997104044935,0.004169843154139523,-0.004299135128358977,-0.0014621788759979614,0.0,0
-0.0029914841105363453,-0.0016522089699131438,0.0,0.0,-0.0006135753664540865,-0.0016102846569391754,-0.0005678425941390843,0.0,0.0,0.002021009484995483,0.0,0.0,-0.0033526847907688444,-0.0009383476727774951,0.0,-0.0004527082195685248,-0.0019733225386970774,0.0,-0.0008597808280257366,0.0,-0.0017194221154536212,0.0,0.0,0.0,-0.0019063082834026134,0.0,0.0,-0.0006724315834853535,-0.00043805949863649584,0.0010737326543099994,0.0,-0.00070925887032298,-0.0016073086546476714,0.0,0.002495726592137742,0.0,0
-0.005260965256537436,-0.00015753539246748734,0.0013810849689569343,-0.0005139864182573844,-0.0016270831002964108,0.00013139000938882422,0.0,0.0009624660977141759,0.0003805333254493449,-0.0010466021888985001,-0.0011365919555943117,-0.0008340758083274866,-0.0006996267778972562,-0.0015250966513450821,-0.0006106274576056016,-0.0002071643445398682,0.0,0.0,-0.0005676539899377311,0.0004923001342073217,0.0026757323126606917,0.0,-0.001984922923299751,0.0006151015508634473,-0.0005951119585989505,-0.00036328787357541,0.0,-0.0014273195763121185,-4.7005628670904026e-05,-0.001183520386780184,-0.0011069742232362133,-0.0010163072751364585,-0.003716013207692603,0.0,0.0022187064956253402,0.0,0
-0.0029669029794726245,0.0,-0.0006033610581677439,0.0,0.0,0.0,0.0,-0.0007216024656747081,0.0,0.0,-0.001484492344098969,0.0,0.0,0.0,-0.000531830361691632,-0.0015074318636286083,-0.002004878095927482,0.0,0.0,0.001928893802528793,0.0,-0.0008909931169037389,0.0,0.0,-0.0039558726124984895,-3.8210553392015265e-05,0.0,0.0,0.0,0.0,-0.001723393255283671,-0.00228971778618612,0.0,0.0,0.0,0.0,0
-0.01940013353122304,0.0,-0.002653679759705417,-0.001111000797871709,0.0,0.0010056095463345167,-0.0006961407178449518,0.0018134354834088255,-0.001775145159916284,0.0,0.0,0.0006060299751233467,0.001298278277941265,0.0013440217625563075,0.0,4.574772200549975e-05,0.0,0.0015061873734374775,0.0,0.0,-0.0008157997979210138,0.0,-0.000492101081282891,0.0004191780822818441,0.0005099595524260275,0.0,0.002080522433289078,0.0,0.0,-0.0015672263436024112,-0.002483389742494068,-0.0005852997634422263,0.0016656301495303288,0.0008067891646598223,0.0014006725096708215,0.0,0
0.0,-0.0036478590732909122,0.0,0.0,0.0,0.0,-0.0007482164822703272,0.0,0.0,0.0,-0.0010211730702961875,0.0,-0.0005678609711700333,-0.0010575886501716185,0.0,-0.0032517724955833855,0.0,-0.00022773811897971007,0.0,0.0,-0.000935818238233951,0.0,-0.001969947408960311,-0.002079843336571967,-0.0004245579869370938,0.0,0.0,-0.0003631643811528366,0.0,0.0,0.0,-0.001647128112530355,0.0016988096717772004,0.0022011114446206757,0.0,0.0,0
-0.015353878577625312,0.002160581396446213,0.00012308126024164836,0.008098189629390903,0.0018317245678561827,0.006024996334874748,0.0,0.0015884889574657088,0.0067572253702446,0.0025405566979428305,0.0,0.0,-0.0021151748096282634,-0.008009552817263623,-0.003551487711355453,-0.0047115970434502006,0.0,0.0014769766128898542,-0.002072410386620531,0.0,-0.006633700969952293,0.002324723055175243,0.0014235925566119325,0.0012353723040456164,0.0020550952563982597,0.0034885185967954767,0.0,-0.003951208056994261,-0.002771975063430907,0.0,-0.0075507676383424404,0.0004847221061906417,0.0023913134036333858,-0.006157050210656246,0.00657146046607231,0.0,0
-0.004363018110924589,0.0,0.0,0.0010094715704885634,0.0,0.0,0.0,0.0,0.0,0.0006009130737794509,-0.00010872196191629415,-0.0013061851775173616,0.0,-0.00249802185596669,0.0,-0.0020216966307495146,-7.826197009252733e-05,-0.0005657767188606879,-0.00037101826012247307,0.0,0.002060215782384099,0.0,0.0,0.0,0.0,0.0,-0.0010061004067935604,-0.0019578219963105954,0.0,-0.0010510125357714325,0.0,-0.00013890240819681431,-0.0026221749241737186,-0.004131831659733391,0.0025385545168191206,0.0,0
0.0,0.0,0.0,0.0,0.0,0.0,0.0,0.0,0.0,-0.000336396686633095,0.0,0.0,0.0,0.0,0.0,-0.0034629356458505288,0.0,0.0,0.0,0.0,0.0,0.0,-0.0003442113869630792,0.0,-0.00081109795773179,0.0,-0.004327478952562857,-0.0012954725928445271,-0.0003013004652485657,0.0,0.0,0.0,0.0,-0.0024871038915342423,-0.0023679392249489513,0.0,0
0.005618931392659044,0.002161202132849734,0.0,0.0017728069480083505,0.0,0.0,0.0,0.0,0.0012470709088835525,0.0,0.0,0.0,0.0,0.0,0.0025637853744607734,0.0022270268873136683,0.00020155011183885845,0.0,0.0,0.0,0.0008062171826423355,0.0,0.003785939055893123,0.001232212610702377,0.0,0.0,0.001411152619664784,0.0011441208571625265,0.0,0.0,0.0,0.0,0.0,0.0,0.0019102251243798725,0.0,0
-0.013335850488939746,-0.0007863119689106144,0.0,-0.00010265369647367422,0.0,-0.0011432639649018733,-0.00190163722514289,0.0,0.0,-0.0017487336035547291,0.0,0.0015860240231048938,0.0,0.0,-0.0005949546010318403,-0.0043216328645983345,0.0,0.0,0.0,0.0,0.003230716427550741,0.0,0.0009628450524459762,0.0015742748006325553,0.0015298729692745652,0.0005798380680817018,0.0006462187673790579,0.0016179366572024298,0.0,-0.0029925698337732176,-0.0007965507276172365,-0.0009087398370669456,0.0,0.0015647336981271416,0.0,0.0,0
-0.002586566335221088,0.002304817216378586,-0.0007974880752555183,-0.0006764840254006464,0.0,-0.0016565723921998187,0.0,0.0,0.0,0.0,0.0007881354962184922,0.0,0.0,0.0014658019989039087,0.0,-0.0013602081875273202,0.0,0.0,0.0,0.0,-0.001688009262306959,0.0,0.0,0.0,-0.0025942892974191454,0.0,-0.004150726508534037,-0.002697467010342959,-0.0015093917618590655,0.0016591762490909706,0.0,0.0,0.0021600950954906387,0.0,0.002532937216483535,0.0,0
-0.0002456077743908303,0.0,0.0,0.0,-9.869162835915424e-05,-0.00025394351573941593,0.0,0.0,0.0,0.0,0.0,-0.00016528332062290538,0.0,0.0,0.0,0.0,0.0,0.0,0.0,0.0,-0.001402835158968004,0.0,0.0,0.0,-0.0028944155763532425,0.0,-0.0019217196455874688,-0.0014947512955160982,-0.0004538538520389296,0.0,0.0,-0.00020631519213507032,0.0,0.0,0.0,0.0,0
0.0,0.013207145025721742,0.01477685517793163,0.0,0.0,0.004537265922122899,0.0,0.00771758886290459,0.0,0.0,-0.014262913812205099,0.0,0.004509007839905854,0.0,0.004578440720874729,0.005652500182307654,0.011981935164599724,0.01786783558437575,0.017420490618894512,0.010902609837074402,-0.016979734158977123,0.0,0.0008038319291478963,0.007310508503333603,0.014574415721365669,0.00877878124029314,0.014677837196728844,0.0,-0.023968930964726683,0.005575103367945915,0.0,0.0,0.007792263085615322,0.04803735939516159,-0.01202959952223906,0.0,0
0.0,0.004314059740552926,0.004071268943822959,0.0031274905153787416,0.004013481109283391,0.0010197267221931235,0.002217777686066483,0.00044438122919466616,0.008553737142068085,0.0004977717240016445,0.001899693115383873,-0.0013211669362552742,-0.004656260243644673,-0.004572426487988185,0.0,-0.012658873369404187,0.005684054517320354,0.0,0.0,0.0018534580548963384,-0.021757121334414257,0.0008699042673796838,0.002425807506542563,0.0019252074777816085,0.000306842436329341,0.001604059956933759,0.001221359068324428,0.004606327983541677,0.0,0.002919382649558985,0.0036185873526075464,0.0009235873444760501,0.0028651846385537275,-0.006746669452701202,0.010155884992153218,0.0,0
0.0005355728358853594,-0.0017625318328177801,0.0,0.0,-0.00043203213667728684,0.0,-0.0018950662502321704,0.0016429148384991318,0.0,0.0004233160519675214,-0.0010546404385528352,-0.000651402592279857,-0.0006931918495438445,0.0,-0.0005984809915787217,-0.0030478960632154785,-0.0010835281823653902,-0.0009293842505537221,0.0,0.001399049076066507,0.001333538237107403,0.0014633525430209145,-0.0008981564528988246,-0.0009663430328919262,-0.0006365508857236667,0.0,0.0,-0.0022068806323260115,-0.00036371768884488006,0.0,-0.0009350927865481669,0.0,-0.006943178803050263,0.0008348835068295448,0.0013084184649242714,0.0,0
-0.01870338285258226,0.0,0.0012432463607317918,0.0,0.0,0.0017981996851809457,0.0,0.00217576295494607,0.0,0.0005199129828215562,-0.00041829978801513867,0.0,0.00041045546015171453,0.0,0.0029791193377475067,-0.0023004644087596176,0.0,-0.004479836848940212,0.0,0.0009170836623978228,0.001409981681047098,0.000980339217929401,0.0013567338257973285,0.0026329897245660084,0.0,0.0,-0.003948495158543581,0.0004800658713142856,-0.0006078005158610422,0.0012907374037596686,-0.003893277669022498,-0.0022862563875784996,0.004102332299349374,-0.0021865127343281224,0.0,0.0,0
-0.0037445908673238828,0.0,0.0,0.0,0.0,0.0,0.0,-0.0005520521115246017,0.0,0.0,0.0,0.0,0.0,-0.0017579158019927048,0.0,-0.002194959964324226,0.0,0.0,0.0,0.0,-0.003056784501202727,0.0,0.0,0.0,0.0,0.0,-0.0007017668802896267,-0.00046616670307522576,0.0,0.0,0.0,-0.00033110922335963505,-0.0010914452243173413,-0.0008982701590427005,0.0,0.0,0
0.021255661026081982,0.0,0.0,0.0,0.0007820458559394051,0.0023070415163178016,-0.001601386802081896,0.0,0.0,0.0,0.008262565808250646,0.0,0.0,0.0,0.003095230592653255,-0.0029894229472591074,0.004154511216042538,0.0,0.0018173756975768264,0.0,-0.0052495677080591245,0.0,0.0,0.0,0.0020133016669722716,0.0,-0.002991789636109147,-0.004884581153803599,0.0,0.0,0.0,0.0,-0.007048590021362173,-0.014743411721730635,0.0,0.0,0
0.0,-0.0028951884714338056,-0.0006031710535745659,-0.0027974321693411577,-0.0009526540136945121,-0.0008435416360350357,0.004340040914380131,0.0,-0.0013546568452130964,0.005392963220733624,-0.0013756075627522426,0.0,-2.9933847341445947e-05,0.0,0.001428919875711885,-0.002539066930563819,-0.0024388488844860304,0.0,0.0,0.0019714074354346346,-0.0024665651042552667,0.0,-0.0014653653415555301,-0.0014012018526344257,-0.002437784465669316,0.0,-0.0020869353412564253,-0.002387703169083624,0.0,-0.0007082005744318443,0.0,-0.000247821962698998,-0.00177421670811434,0.0,0.0,0.0,0
-0.002184332244777605,-0.004365159231889396,0.0,0.0,0.0,-0.0016377766984776638,0.0,0.0,0.0,0.0,0.0,0.0,0.0,-0.0009146487092916802,0.000542779756178651,0.0,0.0,0.00031066153829982035,0.0,0.0,-0.0014307841066996192,0.0,-9.415452939922344e-05,-0.0013820705965900937,-0.002314546953971648,0.0,-0.0002707853780714717,-0.0019536169406826464,0.0,0.0052626214855460395,-0.0017799747848023474,-0.002535121546842415,-0.0029468327158051043,0.0,0.0,0.0,0
-0.0005165292574451824,0.0,-0.002607745336547899,0.0,0.0,0.0,0.0,0.0,-0.0008555022803767658,0.0,0.0,-0.0023979403389665266,0.0,-0.0009867861844770928,0.0,-0.00201556124209244,-0.0017682196123741556,-0.0011604249185614784,0.0,0.0,-0.000190526066998678,0.0,0.0,0.0,-0.0013503634664140981,0.0,0.0,-0.002159977850427084,-0.001543677056851775,-0.0011773450224396324,0.0,0.003202250019761433,0.0,-0.0005273109964028427,-0.00166286327435608,0.0,0
-0.007811614914479919,-0.004718891751344649,0.0,0.0015626752695081887,-0.000976619749665198,-0.0019505619521773276,-0.0016647663949948043,0.0,0.0030828252179798516,0.004901175694673105,-0.0016681363963581338,0.0013928131524660868,-0.0019333101364297901,0.0,0.0018878165642090092,0.0,-0.003949142554629451,-0.0028536778400755332,0.01363717609084861,-0.002856140599565967,-0.004700200136998222,0.0016305716263740164,0.0019080091712824832,-0.003117562867178447,-0.0021164194731564394,0.0,0.00046675364449388966,0.0,-0.002106708243550046,-0.004186602481446931,-0.0009537664370104291,0.005036745870001498,-0.00268910433982798,0.0,-0.002967504795706547,0.0,0
0.004181958194370702,-0.003501728208551424,0.0,-0.001977062529800556,-0.0010831683755896904,-0.0012865245582040833,-0.0009625196402087481,0.0,0.0,0.0013002691606162308,-0.004359927459535516,-0.0020405285472518057,-0.0006211217978980434,0.0048677478344502,-0.001665683956966129,-0.0008890945999796525,-0.0023532503505561044,-0.000882124837365402,0.0,-0.002003546253842674,0.00013280987139711376,0.0,-0.0021068370768563558,0.0,-0.0005828649490354328,0.0,-0.0003057980347173174,-0.0014763215466913778,0.0,0.0,0.0,-6.429263018207024e-05,0.0,0.0,0.0,0.0,0
-0.006535056605714196,0.0,0.0,0.0,0.0,-0.0006307096898673483,-0.0012049985186768381,-0.00034873671087327923,0.0026174170336983314,0.0,-0.00044021381591225557,0.0,0.0,0.0010809497143215744,-0.00036778022688031565,0.0,-0.0014374540104023527,-0.0009855170773758872,0.0,-0.0013589837939263607,0.0,0.00019173488563362253,0.0,-0.00015436498478583812,-0.003971516919683004,-0.00035459796454095915,-0.000993784274968678,-0.00037175910808057925,0.0,0.0023349956376148553,0.0015990547633661905,0.0,-0.005134174672216477,0.0009649296472073708,0.0,0.0,0
-0.006956802462270488,-0.0015310264611192637,-0.0008510984972751731,0.0,0.0010487391089761293,0.0010328262585899666,0.0007627929673583036,0.0,-0.0015484858922443273,0.003122871269710027,0.0,-0.00042653215314093995,-0.0027824611018226397,0.0026697535371559868,-0.0008574462346381634,-0.005474906064717499,-0.0009306317860689325,0.0025739328166562406,0.0,-0.001518384305864006,0.0,-0.0007355128608644578,0.0,0.00035970733287053595,-0.004321138449562094,0.001722876628313142,-0.0006971512335053249,0.0,-0.000815412599064236,-0.001127487663428116,-0.00017846624676337342,0.0,0.004330125930913149,-0.0010621823431939108,-0.0033300057313718923,0.0,0
-0.0052473251159501945,0.006144389981306972,-0.001878986201206005,0.0015478845942441975,-0.0016680043146117148,-0.0018056886672528853,-0.002315340107269501,0.0019467894369323937,0.008643912012814434,-4.112567953575519e-05,-0.001649404678383185,0.001019762907511981,-0.0036125853904545304,-0.00169496299591988,-0.001042176511859664,-0.004294580335250483,-0.0038196254675717653,-0.0005228884690026176,0.0,0.0,-0.0012336040880543237,0.0,0.0009737223063189769,0.0,-0.0010011081722003186,-0.002983468843338202,0.005174414846692787,0.0,0.0,-0.002003492616344268,-0.0002669662438641011,0.0,-0.0026199929575193813,0.0,-0.0030274799215764675,0.0,0
0.0,0.0,0.0,0.0,0.0,0.0,0.0,0.0,-0.001096149373105714,0.0,0.0,-0.0002644840472366519,0.0,0.0,0.0,-0.0014422894502929572,-0.0020889890254301804,0.0,0.0,0.0,-0.0016636813923932374,0.0,0.0,-0.001544686851962547,-0.002169927344954546,0.0,-0.0005836544081538146,0.0,0.0,-0.0008785602120916918,0.0,0.0,-0.003513943132635713,-0.0006812338516596843,-0.0013484408419773102,0.0,0
-0.0021189640593599892,-0.004159618760036684,-0.00015325456427802534,0.0,0.0,0.0,-0.002310726168656273,0.0,-0.0003426973021146094,0.0,-0.0011875319144835832,-0.0013360399563355878,0.0014935035218756013,0.0,-0.0007465195717454235,-0.0010117500214321066,-0.0007292226686976304,0.0,-0.00046686633298005095,-0.0005650530460486945,0.0,0.0,-0.0019986837341310917,-0.0005021893939586539,-0.0019860243250545023,-0.001884513110827848,0.0,-0.0014535812466646347,0.0,0.0,0.0,-0.0009820944703117505,-0.00016704826963148895,0.005058233575765913,0.0,0.0,0
0.0,-0.0015710355795032851,-0.0016741125383175587,0.0,-0.0011226113151397354,-0.0027902093212653946,-0.0026123691081948266,-0.0002556048885376532,-0.001108063266292882,0.0,-0.0015788442934242589,0.0,-0.0006437168512987905,0.0,-0.001124405495696265,-0.0007969825832838773,-0.0010789341775877702,-0.0008626313512443465,0.003993038417539139,-0.0010725107053931526,-0.0023084176423716334,-0.0002873121128829982,0.015587954712032916,0.0,-0.004070006382651886,0.0,-0.0009122196575231982,-0.0023667720478084704,-0.002026562371836115,-0.0007896981117967413,0.0,-0.0006144741141703662,0.0,0.0,-0.0043354597664760994,0.0,0
0.004158567872726327,-0.0014174013064511323,-0.0025429354673041954,-0.001042927339522196,0.0,-0.0015369589968358358,0.0,-0.001082292303860409,0.0032872063130008518,0.0,0.0,0.0,0.0,-0.00016291973960960889,0.0,0.0,-0.0033969616462859687,0.0,0.00010810290323861872,-0.0023779334666577116,-0.0018219671120466325,0.0,0.00022234288036666828,0.0,0.0,0.0,0.0013431121277785595,-0.002685047892203373,-0.0035296235348167386,-0.0006616566711944708,0.0017271884674516156,0.0,-0.00134357179346778,-0.002259284884463268,-0.0013069773631766198,0.0,0
-0.004393290506205019,-0.0019408370975346767,-0.0015343148088953393,0.004234503130753477,0.0015736867162355686,-0.0031119453459085965,0.0,0.0,-0.0011159303409724322,-0.0006906999867500495,0.0010769385597507702,0.0,-4.1462910186863904e-05,0.0,0.0,-0.0022433682896442473,-0.0009006022531875198,-0.0012401745206114115,-0.0014859214483760042,0.002163378068198184,0.0027339427456132995,0.0006369845231275543,-0.0030742362551005498,-0.0017514097431949672,0.0,-0.001193537427329275,0.0015663333377870536,0.0,-0.0006916177084876643,-0.002605851963183032,0.0,0.0,-0.00275889150941739,0.0026534194968891728,0.0,0.0,0
-0.010459937289481571,-0.001114806365778806,-0.00046206362441326114,0.0019012531461006603,0.000709189914304097,-0.0015940877799831806,-0.003000031257089608,0.0,0.0,-0.0009144295700679803,0.0,0.0005710306197368305,-3.314554800885687e-05,-0.001989358192929234,0.001249281816241307,0.0,0.0011658183886746503,0.0006559562889442835,-0.001217940026613234,0.0008189455080170948,0.003927071584254739,-0.0017988253824191274,0.0020214631040789965,-0.0014233584135332966,0.0016590531568590615,0.0011555993924916702,0.0019545826449063877,0.0025838671658587773,-0.001469805128688326,-0.0040892516713997885,0.0012898232503234274,-0.000501519567310723,-0.0053417573437427954,-0.004673806277005743,0.0029287039470668637,0.0,0
-0.008199345120568672,-0.004931925590157799,-0.0017292542046626399,0.0003605544708694384,-0.0016446976412494492,-0.0005684444084062875,-0.001616451442619938,-0.0037532447442861086,0.0019504482946243742,0.0004550067996239429,-0.004987789160649423,0.0,0.0009599932414850117,0.005259244725126894,0.002372355880623876,-0.002195736657786016,0.003047548170792203,0.001220494198989962,-0.0024802727215854927,0.0030992965163153027,0.0032192817053666163,0.0015095530996531929,0.0,-0.0016629288802994437,0.005471548159678996,0.0018935814185969753,0.0006467098156939141,0.005999198182169878,-0.0019582749935578795,-0.0028350003808956196,0.000933290898785412,-0.0012531879965854188,-0.007765116787773789,-0.005130122379022375,0.0025119983642324737,0.0,0
0.0008496754279115485,0.0,-0.0022312606797823087,0.0,0.0,0.0017811848012926782,0.0,0.0,-0.0014759155770301662,-1.9473758458419064e-05,-0.002573344033659268,0.009811901643649083,0.0012465019675590402,0.0015817604420570565,-0.0031857945146565566,0.0,-0.004215293509639469,0.0002170387517339008,0.0,0.008281947497237275,-0.0030420751712701005,0.0028090872255987762,-0.001139963413990085,-0.0014049272438275708,-0.0016192584266991267,-0.001090808803277113,-0.004231512056948595,-0.0031211596948194763,-0.001579741085281482,-0.00440499668006681,-0.0010776036852671446,-0.0032086282189443278,0.0,0.0,-0.003614159190953462,0.0,0
-0.009527435627356423,0.0013810120424607717,0.0,0.0,-0.0006809933392193865,0.0,0.0017415422529053971,0.0,0.0,0.0,0.0,-0.0010070061774609838,-0.0019825036644333513,-0.001588540636485163,4.89290089882776e-06,-0.0028368456924834184,0.002002011384539194,0.0014841885372437124,0.0,0.0008494298188800106,0.0027138118493322404,0.0,0.0,0.0,-0.000470249706423657,0.0,-0.001158025812325335,-0.0008908705660032417,0.0,0.001386122933331588,-0.003422894625469501,-0.0007740801889624412,-0.006414920158667145,0.0,0.0029329224087280316,0.0,0
0.002982003538600014,0.01056791413964283,-0.0021931349593432943,0.0018542949948395493,0.0,-0.0016928498620691803,-0.0015835190324962097,-0.0015779454203622124,-0.0016235300116942313,0.0007187696675246715,-0.0019749437187539347,-0.0023707187219477307,0.005450250779841888,-0.001883748691201656,0.0022159951628645275,-0.0027951892817204157,-0.006182254242287965,-0.0027167268811661045,-0.0028337108292305966,-0.003646364251555442,-0.0018573889574508584,0.003137848703493094,-0.002066321309031573,-0.002734859238797898,-0.0022197112528230313,0.0,-0.005958470969923638,0.0005670558692133478,0.0022106695238058123,-0.0016508867786030348,0.0008973450254567909,-0.0005121597220840427,-0.0012560994810175146,0.0010644803322686384,0.0022782328625227284,0.0,0
-0.009079231483482888,0.0,-0.001069479114011028,-0.0004415763700451755,0.0017219987422913531,0.0,0.0,0.0,-0.000623567810926067,0.0006334095759254882,0.001037525342199755,-0.002447452166321224,0.0008066126391423915,-0.0004406018329433178,0.0,0.0,-0.00012513237427792644,0.0010187473983179801,-0.00133629388271272,0.0002368136550566442,0.0012457549354561368,0.0010679524537025812,0.0,0.0,0.0003436877660068036,-0.0009460686301169482,0.0,0.0,0.0012247903752522456,0.000628853545650317,-0.0015855895072396542,-0.0005921279582110102,-0.0034403321134062782,-0.003940843564092979,-0.0007606065458890948,0.0,0
-0.006197691290566558,0.0,-0.0006248290169839493,0.0,0.0,0.0,0.0,-0.0015718099364887812,0.0,-0.0004948820990400249,-0.0013868846831003292,0.0034404905760686217,0.002270404875566219,-0.0023121826460279883,0.0,0.0,-0.002295700880331951,-0.00023089359320320845,0.0,0.0017161390262901482,-0.0008302333367430313,0.0009836656807022458,-0.002592379133952472,0.0,-0.0020530314732524735,-0.0007464523607721518,-0.0015020614627735205,-0.0006566659932567678,0.0,-0.0010945993004681906,0.0,-0.0014386068975603301,0.0,0.0,0.0,0.0,0
-0.005417628295969711,-0.0015306692982857916,-0.002715247290209351,0.0009863545684504595,0.0,0.0008812490906108026,0.0014930203167075582,0.0,0.001464269985920865,0.002181294724730197,-0.002208286856685841,8.819824092999422e-05,-0.0007139635213335034,-0.0022555561953032303,-0.0015218204314678655,0.004591606078759475,-0.0029137872708464452,0.0,0.0,-0.0017553357796895959,-0.0022868064249827688,0.0011999774140768224,-0.00022213450196842776,-0.0028042874070802843,-0.0043985722558210014,0.0015798779408329605,0.0004812088635483851,0.0,-0.002413917439130831,0.0020654862800253138,0.0010611116307763981,0.0,-0.00037300645810763397,-0.002158364024355137,0.0,0.0,0
0.002056713619992724,0.0025166681057562927,0.0,0.001547488486502945,-0.00018669947387411106,0.0,0.0,0.0015246558365937925,0.0,7.99078428626868e-05,0.0009251560371151322,0.0,0.0,-0.0005174842517772917,-0.002916346683521782,-0.0008394930360663343,0.0,0.0,-0.0011214451228754828,0.0,0.0042251959711098975,0.0,0.0,0.0,-0.00217806735398462,0.0,-0.006693224695612979,-0.0017517653238013702,-0.0029454091824930493,0.0009383352402131146,-0.002200322413587766,-0.0011633817034979329,0.0006893800430331055,-0.005137142002533234,-0.002547704642849369,0.0,0
0.004982652416321371,0.0,0.0014370015824581057,0.0,0.0005096654314630705,0.0,0.0,0.0,0.0,0.0,0.0022225043606820217,0.0,0.0,0.0,0.0,0.0,0.002854631354056812,0.0,0.0,0.0,8.15225242642505e-05,0.0,0.0,0.0,0.0,0.0,0.0,0.0,-0.01655580965210612,0.0,0.002679283995362548,0.0031795728663137467,0.0030926686305759355,0.0,0.0,0.0,0
-0.00608079344234702,-0.0037740552573268154,-0.004415290841728917,0.0007284279960704413,-0.012478514553784585,-0.0022169305751036893,-0.006562571874847798,0.01305618635168613,0.0024404121963676846,0.010242288975145251,0.007392838827353298,-0.000515678106533663,-0.003089449127707582,-0.0027323580617033398,-0.0023121633488708978,0.007290190931474964,-0.0031174169597243807,-0.0007880922995905748,-0.010407750752070993,0.0,-0.0011986443929048241,-0.00042594606131177176,0.004235175347474211,0.002484629487115905,0.002866644466428681,0.007236269630831427,-0.001748718473250374,-0.00026699424786228836,0.007007371552385807,0.0,0.004139886082545309,-0.0018940286122270916,-0.002333547549837208,-0.0069963559976371084,-0.013530914708427337,0.0,0
-0.004473754511029776,0.0013952178409697054,0.0,0.0,0.0,0.0,0.0,0.0,0.001043561966163581,0.0,2.2122420739078783e-05,0.0,-0.001129081902473539,0.0,-0.0021758968013050406,-0.001473943695939847,0.0011590499829547416,0.0018538970639360483,0.0,0.0,0.001127024980391797,0.0,0.0,0.0,-0.0011853843324746997,0.0,0.0,0.0,0.0,-0.001867009675934161,0.0024512298854938034,-0.00021731226529324017,-0.004108954087837145,-0.004306501804429844,-0.004687329910820347,0.0,0
-0.007873142566059959,-0.000864179965374194,0.0,0.00199867164892089,0.0,0.0,-0.0004675583080905641,0.0,0.0,0.0,0.0,0.0,-0.0007737248141188881,-0.0011649330510507228,-0.001593617921525784,0.0,0.002730602218757313,0.0,0.0,-0.00033044931409928854,0.001465937385259627,9.709727439490113e-07,0.0,0.0,0.0,0.0,-0.0007988424493588163,0.0,0.0,0.00069560978154931,-0.0010616480573185677,0.0,-0.0038696246289813326,-0.002217675075061653,-0.00354213782413086,0.0,0
0.0,0.0,-0.0009533277736325366,0.0,-0.0003472756040126528,-0.0021822059411746525,0.0,0.0,0.0,-0.0006650445091928444,0.0,0.0,0.0,0.0,-0.001966210144187222,0.0,-0.0025814042600036113,0.0,0.0,-0.0003852053191245744,-0.0006641995745918351,0.0,0.0,0.0,-0.0010040010238748086,0.0,3.140257500845187e-05,-0.0016172088265718784,0.0,-0.0021416125643830978,0.0,0.0,0.0,0.0,-0.00027787689042776606,0.0,0
-0.005108357325502842,-0.0010768273876339805,-0.0008259838278118626,-0.0013961402862565778,-0.0014002293817656276,-0.0007061110005548594,-0.0012274673130778576,0.0048317494691640815,-0.002980085477643961,-0.0005883464065034106,0.000918918056693083,0.0016558879529002452,0.006524751986637764,-0.0005929128484867995,-0.0030245287074908765,-0.004999203411422991,-0.002149078536169798,-0.003797455358033347,-0.0005240197962087502,0.0019361199776861814,-0.006772343564067209,2.3233187413846445e-05,-0.0075387777709600935,-0.0019200916574600667,-0.002473098873295765,-0.00229094823950616,-0.003735241974833959,0.003805059747791922,0.002765665798676704,0.003069591340304618,0.013850031352108168,0.0011196866563654402,0.0011605098025135351,-0.0024083554635793317,-0.0014843475680294954,0.0,0
0.0032812074380287387,0.0,0.0,0.0,0.0039192944941058485,0.0,0.0,0.0,0.0,0.001397880414250384,0.007783604135086364,0.00036916668295525554,0.0,0.005801692946555653,0.0,0.0,0.0,0.0,-0.008188481917618486,0.0027145390459452556,0.0,0.0,0.006289479889127307,0.0,0.0,0.0,0.0,0.002488431454031636,0.0,0.0057401972769614154,0.002993679480074277,0.0,0.0,0.0017839859719640846,0.0030855395674747044,0.0,0
0.0025839142091837733,0.0009938494729162036,0.0,0.0,0.0,0.0,0.0,0.0,0.0,0.0,0.0006378381644602775,-0.0010834375595713945,0.0,-0.0015106230622001515,0.0013371771950689852,-0.0013499297225487374,0.0011157984163745061,0.0,0.0,0.0011380925987954065,0.0030999058291250685,0.0,0.0,0.0,0.0,0.0,0.0,-0.0011305685057973877,0.001178130079403548,0.0,-0.0013116785156213513,-0.0006429691648831361,-0.003542465767332408,-0.008439002346587532,-0.0031840507969095235,0.0,0
-0.004188772136628972,-0.004034231883422663,-0.0030370555045332154,-0.000209859322179531,-0.0009377578529263104,0.0013536499875643165,0.0,0.0,0.0,-0.001649094599671422,-0.0018942227960273199,0.0,-0.0018199260050247117,-0.0015339559311181624,0.006181913171320522,-0.001961782710447863,-0.0015411559949607123,0.0005342841329897482,-0.0006705168814584124,0.0,-0.0035182444660935854,0.00574821424795267,0.0,-0.00298249568470579,-0.003984561366798054,0.0019001269336505178,0.0017840631038822635,-0.002896454454897251,0.0,0.00578200122144528,0.0003713199178370657,-0.003495590215139839,0.0,0.0,-0.0009337114026247602,0.0,0
-0.002611060552678024,-0.004607767879507903,-0.002017400685561502,0.0,-0.0016112266039220882,0.0,-0.0017776615963722385,-0.0016774397044612122,0.0,0.0,-0.003300568112846721,0.0,-3.1952452607794324e-05,-0.0006245964279144853,0.0,-0.0019005909117427188,-0.0034873154228959604,-0.0010120171518412154,0.0,0.0,0.0,0.0,0.0,0.0002598480329514591,-0.0027820287347319027,0.005682521970666226,-0.003057376438254023,-0.00040796694943121307,0.006020380554979129,-0.0002533838547323176,0.0005777492350897864,0.0,-0.0043640669851244375,0.0,0.005293614051460071,0.0,0
-0.0016440325042191414,-0.0008144997781485607,0.0,0.0,8.37787864411706e-05,0.0,-0.00046609839602144423,0.0,0.0,0.0,0.0,0.0,0.0,0.0,-0.0013354291222883354,0.0,-0.0011168161609400702,0.0,0.0,-0.002281337352123221,-0.0007092758206575435,0.0,0.0,0.0,-0.0028980562344240253,-0.0007123988826782758,0.0,0.0,0.0,-0.0007942268659844562,0.003467316699494802,-0.000784119844048165,-0.004236285041264548,0.0,-0.003313750568854702,0.0,0
6.080648725559648e-05,0.0,0.001036027292065386,0.002439346176574658,0.0015549327329997152,0.0,0.0,-0.0004241085670497599,-0.0027282473372662644,-0.0017561397732146298,0.0,-0.0006570579752839447,-0.00040613753813539995,-0.0002883081878703128,-0.0010935803776560738,-0.00024213593279089277,0.0,0.0,0.0,-0.0011576678721802024,-0.0011200585823625292,-0.002177054571298334,0.0,0.0,-0.004265446084138648,-0.00014323240727622514,0.0,-0.001108130823079488,0.0,-0.0023320886974870316,-0.00046106538446136404,-0.0024931731887845787,0.0,-0.001844930953850464,0.002459258299542813,0.0,0
-0.0042298718273248576,-0.0013772610779205666,-0.001307775871120859,0.0,0.0,0.0,-0.001119512073230073,0.0,0.0,0.0,0.0,0.0,0.0,0.0,-0.0010350683755661495,0.0,0.0,0.0,-0.0006718283342127523,0.0,0.00226443817909465,0.0,0.0,0.0,0.0,0.0,-0.0009639603725246852,0.0,0.0,-0.001870660522136974,-0.0010948744747555598,0.0,-0.005399880580604692,0.0,0.0,0.0,0
-0.029861396720324684,0.0,0.0,0.0,0.0,0.0,0.0054593202636644906,0.0009809887044544966,0.0,0.0,0.0,0.007902137466657093,0.0,0.0,0.0,0.0,0.006239964086433332,0.0,0.0,0.002142176529047186,0.0,0.0010246534789142884,0.0,0.0,0.008307657957819079,0.0,0.0,0.0,0.004325366754349965,0.0,0.0001818974124579158,0.00882092202015669,0.021905979964894753,0.0040460627610582126,-0.03860584969129112,0.0,0
-0.014750143028246131,0.0018837087280200212,-0.0012175732722519094,-0.00177164345531476,0.0,-0.0019244087096332704,0.0009661963783179813,-0.00028914713814570474,0.0,0.0005992451496117842,0.0012550136924816748,-0.001057649729646924,0.0007788272741221121,-0.0007121333086525717,0.0009792875531744597,-0.0015114803200989995,0.002849204069604495,-0.002703107649728206,-0.0017746607545308197,-0.0031394988434951536,0.0026226340876697517,-0.0026670075383571344,0.0,-0.00018242665715695325,-0.0012012369794513653,0.0,0.002234798304768162,0.004622150686173954,-0.001139669920652053,0.0,0.00016685591277344598,0.0,0.0,0.0,0.0006275019760278965,0.0,0
-0.01479537941735523,0.0,0.00202628027435967,0.002436123038546589,-0.004006697814692807,0.0,0.0012759253336027433,-0.0008603781025741905,0.0,0.0,-0.0003766878189946398,0.0,0.0008887627588001324,-0.0009005965867464464,0.0,0.0,0.0,0.0,-0.0010703295197050165,0.0,0.0,-0.00253600499693809,0.0007364015989938626,0.0,0.0,0.0,0.0,0.0,-0.0012643820426733437,0.0,0.0,0.0,-0.004583336263325108,0.003542592272600958,0.002011998226155845,0.0,0
0.01675488658437305,0.0,-0.00369029723987679,-0.0021692846701080186,0.0027396076096520756,0.0,0.002109621039091633,0.0,0.0,0.0,0.001976395458044161,0.0,0.0,-0.0011375015254899232,0.0,-0.01012089017530219,0.0033214715725684834,0.0,0.0,0.0,0.0,0.0,0.0,0.0,0.0,0.0,0.0,0.0,0.004043812990604852,0.0,0.0,-0.004842585369110893,-0.02246577920332908,0.0,0.0,0.0,0
0.02227175205180307,0.0,0.0,0.0,0.008101789577006852,0.0,0.0,0.0,-0.017133138397658048,-0.004649312997087615,0.007391549149326679,0.0011426032071525827,-0.0008959002662340213,0.0064325640899825145,0.0,0.0,0.0,0.0,0.0,0.0,0.0,-0.014405565145901494,0.0,0.007591486973454459,0.005811765847037073,0.00735689271948192,0.017881190822478247,-0.03230665112674828,-0.014602199431728465,0.00672612301593651,0.01184473647291851,0.0004766986436923382,0.0014992044691368128,0.018476987455403673,0.011140184030971834,0.0,0
-0.005469169108538553,0.0,-0.00010898384800362143,0.0,0.0,-0.00020167355188144257,-0.0012286690752933206,0.0,0.0,-0.0005787523925947989,-0.0002670987727609002,-0.0007428977660608831,0.0,0.0,0.0,-0.00022350384598474157,0.0,-0.0015317878046336446,0.0,-0.0006257051351310064,0.0,-0.00020223473302809867,-0.0008511258758482735,0.0,0.0,0.0,-0.0013939352082774316,-0.0009687091905499019,-0.00023479617709206723,-0.0009335249111716416,0.0,0.0,-0.0016814950505753493,0.0,0.0,0.0,0
-0.0029892290246399007,0.0,0.0,0.0,0.0,0.0,0.0,0.0,0.0,-0.00042457814119743894,0.0,-0.0012724350238525932,-0.0010635482314905692,-0.0009516900730657151,-0.0002107700922479395,-0.0025032030321639753,0.0015273023672747127,0.0,0.0,-0.0009514199746810007,0.001997836407919499,0.0,0.0,0.0,-0.0009620525639434451,-4.953809347056459e-05,-0.00040434037265849813,-0.0015593899142372935,-0.0006522661777830747,0.0006045898022728707,0.0,0.0,-0.0010856981282794632,-0.004058077993904647,-0.0003592050338138454,0.0,0
0.0,-0.0004119033843942627,0.001036595763976903,0.0,-0.0011070500379725182,-0.0004063003574746799,0.0,0.0,0.0,-0.0020783509785825046,0.0,0.0,0.0,0.0,-0.003986739874077799,-0.001155777904669147,-0.0016185151519522846,0.0,0.0,0.0,-0.008407581771203987,0.0,0.0,0.0,0.0,0.0,0.0,0.0020297652115009233,0.0,0.002469103109696584,0.0,0.0,-0.0013938954880046326,-0.003202460673018934,0.007899152287357183,0.0,0
-0.0073172916044590185,0.0,0.0,0.0,0.0,0.0,0.0,0.0,0.0012297100358058955,0.0,0.0,0.0,-0.0002059009869454568,-0.002298802547976665,-0.0015253947858741477,0.0,-0.0010645092840020462,0.0,0.0,0.0019362642323614025,-0.0007611300021738776,0.0,-0.0019239156205392003,0.0,-0.003793815337827464,0.0,0.0,0.0,0.0,0.0005019525402759561,-0.0010334270093973028,-0.001889071579354903,0.0,0.001675251963569702,0.0030989437114461484,0.0,0
0.0,-0.0023807167782572583,-0.0009557743912426908,2.9302192655053797e-05,0.004638025027218386,-0.0009869332133825416,0.0006532273453249054,-0.0023201898654041614,0.0,0.004179202532075218,-0.00018282655494570132,0.0,-0.0017556110822180278,0.0,0.0,-0.0021225832681610072,-0.004303642815233751,-0.0029684597189704584,0.0,-0.0003475478409065995,-0.0014187749418621322,-0.00029166678010218857,0.005484474589280067,-0.00025640726945928285,-0.004296534870356562,0.0059179079121280745,0.0,-0.00452378972489825,-0.002664843365613979,-0.0029932200991461917,-0.004432005398854563,-0.002232260549211928,-0.0005149687790071053,0.00342055203440453,0.0015300492792715073,0.0,0
-0.02664776019579503,0.0,0.0,0.0,0.0,0.004060770523854986,0.0,0.0037434924877887874,9.913410108316784e-06,-0.005191281712146803,0.0,0.002878878217575894,-0.007942469577705504,0.0,0.0,-0.00423281626003149,0.0,0.006571285716517409,0.0,0.0,-0.0032125865931921438,0.004087971310606099,0.00014573038793321046,0.0,0.0,0.0015483101905429464,0.0,0.0,0.0,0.0,0.004239214412597698,0.0,0.006364882902735438,0.0,-0.0032188223657310874,0.0,0
-0.0025777476088246144,0.002875061045384399,-0.0004352701081603283,-0.0016776410980197836,0.0,-0.001727446534198462,0.000207899405133568,0.00041696951293020514,-0.001298570498517999,-0.0014384949696622882,0.0,-0.0018797358899283847,0.0,0.0006942973900306781,0.001239626466925898,0.0,0.002041347020776296,0.0010896301965414087,0.0,0.0038792209446681116,-0.004472792044810545,-0.002104693606050147,-0.00018070788735699203,0.0,-0.0021865963263741715,0.0,-0.0032372278896947992,-0.001120288895530588,-0.0014870423030278147,0.0014728676001375533,-0.0022594407325881205,-0.001163232054211927,0.002312009819072401,-0.0025344183716267984,-0.0015226704027017507,0.0,0
0.0031832248149285605,-0.0010540716778259802,0.0,0.0,0.0,0.0,0.0,0.0,0.0,0.0,0.0,-0.0005275198018887432,-0.0015040807916309941,-0.0007976742009399929,0.0,-0.0013513362388994077,-0.0011364848910698532,-0.0008355991039430511,0.0,0.0,-0.0002100012827453517,0.0,0.0,-0.0012298777831678594,-0.004152849715745296,0.0,-0.0010396840666728102,-0.0033397361908267574,-0.0010156087556998524,-0.0011085424647821248,0.0,0.0,0.0,-0.0008017236626182279,0.003773049627043841,0.0,0
0.0035032291110223706,-0.0030154270360783987,-0.0026530334859645125,0.0,-0.0019301905423528556,0.003438876811801203,0.0022746413155163084,0.0013780546525892913,0.0,0.0,0.0,7.745587081970958e-05,0.0,-0.00019874986121091364,0.0,-0.0022916124587522694,-0.00834889323854357,-0.001194131090610662,0.0,-0.0015967455623949905,0.0,-0.0016280832447241509,-0.0024684294516464133,-0.002133315036706017,0.0019389192957779237,0.0011820757610422781,0.0,0.0,0.0,0.0,-0.0021677220806959724,0.00041385309055081006,-0.001613456746410227,0.0006145048897959113,0.002262255412681262,0.0,0
-0.005367981200675669,-0.0021385249772442223,-0.004257594135046028,0.0,0.0028477442521317726,0.001093794109220491,0.0,0.0011250171468543421,-0.002416328308883268,-0.00037418420612360485,-0.002262861931016772,-0.002421054641904842,-0.002472272606548209,-0.0020898287148848568,0.0,0.0,-0.00392266840241745,0.0036025252286635986,-0.0033605537763337807,0.0014118561153655474,-0.004038162480912072,0.0,7.84617103840903e-05,-0.0012713668778497383,-0.001814328528711731,0.0,-0.0023502407720780052,0.0,0.0025028064697338913,0.0035230714624031336,0.0,-0.00030217691150176917,-0.00154295517764049,0.0025002286680750707,0.00675741069248131,0.0,0
0.0,0.0,-0.0018548433102507954,0.0,0.0,0.0,0.0,0.0,-0.001271388067226047,0.0,-0.0008011550133059103,-0.00237352825184349,0.0022531671541383314,-0.000992755480051715,0.002282243542357977,-0.0013017026809764556,-0.001508577578944708,0.0,-0.0014684657689799938,0.0,-0.000891091636310198,0.0,0.0,0.0,-0.003386856327573513,-8.51038142311136e-05,0.0,0.0,-0.0019401743264537946,-0.002526426797358161,0.0,0.0,-0.0038079663142586936,0.002093215272132548,0.0,0.0,0
0.0,-0.00029777265224164917,0.0,0.0,0.0018287151258422887,0.0006518411217779384,0.004421962097516879,-0.00100902948717211,-0.0014768830404295347,0.0034089208087937483,-0.0016295996789304145,-0.0026012637572050113,0.0012083800981327502,0.004290584765439188,-0.00020120469829453466,0.0,-0.0016092572438837233,-0.004381363871655038,0.0037889645506378787,-0.0031239588771655056,0.0006437088421902622,-0.004240757480909644,-0.004009565536990818,-0.0009741609303469013,-0.0030122825454085914,0.003184338159504415,0.0,-0.0011716536814246935,-0.001660106951285479,-0.001044348484533527,0.0,-0.0017670238802096549,-0.0019042663203073227,-0.0038943427552938946,-0.0011934517832224954,0.0,0
0.0,0.0022945970086662173,0.0,0.0,0.0,0.0,0.0022124491609136258,0.0007435018655498112,0.0029005006430415695,0.0038194707736480668,0.0,0.0,-0.0002259993619744023,0.0,0.0009835086677919302,0.0058660261625588465,0.0,0.0,0.002416685640458313,0.0,0.007045242686355505,0.0,-0.0005232306362700624,0.0026485810920734492,0.007935892227398468,0.0,-0.013426175108846711,0.003412993843654262,0.0,0.0,0.0,0.0,0.0006727040709690263,0.0,0.0023571798302809734,0.0,0
-0.008566126639121898,0.0,-0.0005270229992091292,0.0,-0.0004372562704863491,0.0,0.0,0.0,0.0,0.001268282228716745,0.0,-0.00021922507362614005,0.0,-0.001115570929912832,-0.0001866785495848401,-0.001078299839794827,-0.001492566401555978,0.001759127809504408,-0.0006395880849817344,0.0,0.002609106610426638,-0.0012070249177362513,-0.0009981815970902174,0.0,0.0,0.0,0.0,-0.00047548375790187214,0.0,-0.000320182922650889,0.0,-0.0009940435515628228,-0.004672494647749892,0.0013073944207843413,0.0,0.0,0
-0.0010660278682163755,0.0,-0.0016671781105326378,0.0,0.0,0.0,-0.00013196598721575787,0.0,-0.001543158629905467,0.0,0.0,0.0,0.0,-0.001259409179239753,0.0,0.0,0.0020686081142448627,-0.0027640646441006458,0.0,0.0,0.0018125916431187424,-0.0009858796271471476,-0.00036182218924073184,0.0,0.0,0.0,-0.0006465414281732328,-0.0012263412110657152,0.0,-0.00011062536221820177,0.0,-0.0028131909252764272,-0.0033641444907970986,0.0,0.0,0.0,0
-0.001734838859527677,0.0,0.0,0.0,0.0,0.0,0.0,0.0,-0.0009655068431182734,0.0,0.0,-0.0008500171682568242,-0.000646957166422697,0.0,0.0,-0.0013473220445668838,0.0,0.0,0.0013042276395921998,0.0007666242426749787,-0.0029878572681231413,0.0,0.0,0.0,0.0011381236901682834,0.0,-0.0037687278054415454,0.0,-0.002401865098912791,0.0010602277111859515,0.0,0.0,0.0,-0.0021804904132484417,-0.003288565226428175,0.0,0
-0.0027283752273312275,-0.0011441948513599167,0.0,0.0015642002423063145,-0.0021898202739794406,-0.0024973340187314807,0.0,0.0,0.0,0.0,-0.0019657385288777284,0.0,0.0,-0.0014474474813430034,0.0,0.0,-3.92018786310519e-05,0.002058208065961795,-0.0034219580980448354,-0.0018677255752696457,-3.96309658622007e-05,-0.0005345775194083545,0.004231240463675783,-0.0007711821574004814,0.0,-0.0014751269547912762,-0.003202574928895519,-0.001912209912477884,0.0014228877599507352,-0.0013178667276265302,-0.001115854121315733,0.0,0.0009239912202346351,0.0,0.0,0.0,0
-0.002038581914127564,0.0,0.0,0.0,0.0,0.0,0.0,-0.00017332686862513475,0.0,-0.0003853204577961368,0.0,-0.002326777195912164,0.0,0.0,-0.001002473803954828,-7.899804886901469e-05,0.0,0.0,0.0,0.0,0.0,-0.0008510063110922957,-0.0020898409551589514,0.0,0.0,-0.0009785353862845328,-0.0003384320082921629,0.0,0.0,-0.0010313531727028185,0.0,-0.0004945731130487075,0.0,0.0,-0.004139405197571888,0.0,0
-0.005775077927532783,-0.002596759313951673,0.001093351061254015,0.0,0.003683472195216304,-0.0019445985588091097,0.005533858827584425,-0.002208333042418721,-0.0015941125938195753,0.005029910835240771,-0.0006660021756218281,0.0011432964550840473,0.0012538461540990908,0.0012809511660309204,0.0006289528838427919,0.0034477652407809496,0.0,-0.0023700944878948162,0.0,-0.0024466106858260037,0.00032754752844401416,0.003166663625387543,-0.0030908282457996986,-0.002795513787411378,-0.0034898256395904403,-0.002763623744537976,0.003411578511297661,-0.0006876955907536934,-0.004764489166069216,-0.003174777887000726,-0.0012901950070803806,-0.003943106010736964,-0.0045823445990469235,0.0029061795553024386,-0.00042641541483951634,0.0,0
-0.004068751377861152,-0.002164491327230565,0.0,-0.00019481030184411493,0.0,-0.000283066720755529,-0.0019560883297133624,-0.00021508773878709737,0.0,0.0,0.0,0.0,-0.0007066731934157501,0.0,0.0,0.0,-0.0004054623848964323,0.0,-0.00046167218033850985,-0.002269160206243193,-0.000772101834915248,0.0,0.0,0.0,0.0,0.0,0.0,-0.0021958409953540385,-0.0006091501654192264,0.0,0.0,0.0,0.003152755039516254,0.0,-0.001296152053593333,0.0,0
-0.0053776529280672196,8.006297920475815e-05,0.0,0.0,-0.0016497187695472986,0.0001765239296661745,-0.0017998832021321111,0.0,0.0,0.0,0.0,0.0011696631235230477,0.0,-0.0014892847670686538,0.0,0.0,0.0013511540138659594,0.0020584645795162474,0.0,-0.0020160468353955067,-0.0015777532574065092,-0.0008601120626684295,-0.0009515844138081808,0.0,0.0,0.0,0.0,-0.002888115847526161,-0.0033810909626827705,-0.0011049349059064713,0.0,-0.0014329092179164577,0.0031440975751364708,0.0024637813513267645,0.0,0.0,0
-0.01000621462607548,0.0,0.0,0.0,0.0,0.0014073941226487544,0.0,-0.0016626956538866931,0.0,0.0,0.0,-0.0005708145904366168,-0.0014588467237800426,0.0011338746857068056,-0.00101475260747166,0.0,8.506231775159261e-05,0.0,0.0,0.0,-0.005785236461702136,0.0,0.0,0.0012293006145019296,0.0017250748550172912,0.0,0.0010129649831137092,0.001379070879524894,0.0,0.0,0.0,-0.0006735869742549564,-0.0002673793632348596,-0.004737721059887527,0.0058739057720082165,0.0,0
-0.00574025408332439,-0.0015829873941427333,-0.004303765179941756,0.0004534733343910735,0.0058428012790178695,0.0,0.0,0.002571992523647699,0.0020030517500242593,-0.003199914947999614,-0.0020221003265901536,-0.0005204184060483777,0.0,0.0018716485504192291,0.0,0.0,0.002757937297554385,0.0,-0.00335163491677087,0.0,0.0,0.0,-0.005430553848272321,-0.004271955090804115,-0.003511195781941433,-0.0006329746652160719,0.0,0.0016251546727127865,-0.0017951444810530152,0.0,0.0030720892718072894,-0.0014697841224565376,0.000790212608284203,0.0006373057673578651,-0.0013247621566748365,0.0,0
-0.004221453666819227,-0.0022843174378198287,0.0,0.0,0.0,0.0,-0.0004883332316363189,0.0,0.0,0.0,0.0,0.0,-0.0003701124967502085,0.0,0.0,-0.0011320067385817683,0.0,0.0,-0.0007711434999751755,0.0,0.0,0.0,-0.0010115622855349615,-0.0012363866304503088,-0.0007811874286422421,0.0,-0.000534032667873158,-0.0007185263827267952,-0.0016856032135756547,0.0,-0.0003423792745015054,-0.0007899552158128252,-0.002824093853448907,0.0,0.0029803865347768875,0.0,0
-0.0009520478933391431,0.0,0.0,0.0,0.0,0.0,-0.0006790750558332963,0.0,0.0,0.0,0.0,-0.001028769903008447,-0.0008962158410858359,0.0,-0.0009685387165846523,-0.0009743520305398628,0.0,0.0,0.0,0.0,-0.004252824995514793,0.0,0.0,-0.0001734261216496584,0.0,-0.0005361570758403434,-0.0004922225904133154,-0.00037998665289653704,0.0,0.0,-0.0013448619800565734,0.0,0.0,-0.0029323110130211653,-0.0009146935903528337,0.0,0
-0.004859652597568045,0.0,0.0,0.0,0.0,0.0,0.0,0.0,0.0,0.0,0.0,-0.0001568123748260851,0.0,0.0,0.0,0.0,0.0024397185020879823,0.0006123186740782788,0.0,-0.0024958101652259616,-0.000884152545358663,0.0,0.001238035212204222,0.0,-0.0012045185038226961,0.0,0.0,-0.0015253166083081338,0.00115277893937305,0.0011575986184821651,-0.0003877805731673614,-0.0008086437455262436,0.0014514695958023308,-0.004911271357104143,-0.002577281115050317,0.0,0
-0.030106115926076114,0.0035415664341910905,0.0,0.0,0.0,0.0,0.01517944230906855,-0.007910274593233938,0.0,0.0,0.0,0.0,0.0,0.0,0.0,0.0,0.0070891286892423725,0.0,0.0,0.005261231583498676,-0.005857987054975763,0.0,0.0,0.0016005045654366192,0.0,0.0021985668183748495,0.001203435887009856,0.0,0.0,0.0014630564845425928,0.0,0.0012363900502313132,0.009520581206653876,0.00020496203055274338,-0.014392739584111358,0.0,0
-0.0034323527620748365,0.0,0.0,0.0033606063312577447,0.0,0.0,0.0,0.0,0.0,-0.0011644597997163796,0.0,0.00010886229972549429,0.0,0.0,0.0,-0.0019908095011153897,0.0,0.0,0.0,-0.0015046934397344278,0.0,-0.0016283292416498767,0.0,0.0,0.0,0.0,-0.00043311096567777386,-0.0011425226137030656,0.0,0.0,0.0,0.0,0.0,-0.0029703516130791014,-0.0024184790239591275,0.0,0
-0.007235337832406053,-0.001867023556911318,0.0,0.003754701880756734,-0.0012973260139878743,0.003147241154970172,0.0,-0.0012914159350032018,-0.001465294463497612,-0.001914903343093469,-0.0012571824092222476,0.0,0.0,-0.003438409032558469,-0.0006279262441463737,-0.0014169258843150898,0.0,0.0,4.860141462904664e-05,-0.0031464777332529735,0.0,0.0,-0.0015372010929553322,0.005596680640170535,-0.0019650548564105106,0.0,0.002312790621857233,-0.002817815647425887,0.0,-0.0007594898491004905,0.0010914868920145918,-0.0006909443000993193,0.0015391428710838234,0.0,-0.002290613735196928,0.0,0
-0.001528204786752121,-0.0025737944421279336,0.0,0.0,-0.0017234237613996152,-0.0015773892534375095,0.0,0.0,-0.00033868227259938884,-0.00026695634385278034,-0.0015393370689107296,0.002534714711435822,0.0,0.003116969344429818,0.0,-0.0013715244209339392,0.0,-0.0018892320133771397,0.0,0.0,-0.002451072224723399,0.0,-0.002698091190678528,0.0,-0.0010938739619399899,0.00036269951745161315,-0.00020224309907620344,0.0,0.0,0.0,-0.0025480229568473137,0.0,0.0,-0.0005264485421100201,-0.0010021590195766449,0.0,0
-0.03469509668569056,0.0040779480424195476,0.0028160792646381846,0.0,0.0009757100805758304,0.0,0.0,0.0,0.0,0.0,0.0,0.0,0.0010365826842186425,0.0,-0.0020421330544625896,0.0019203534251493537,0.0015558238188977164,0.0,0.0,0.0,0.0,0.0,0.0,0.0,0.0,0.0,0.0,0.003666167172172324,0.0,0.0034667457408359293,0.0,0.004577986504809772,-0.005167926246178708,0.0,0.000741782007350103,0.0,0
-0.0006165496797385474,0.0,-0.0016885667273126676,-0.0011828661909231333,0.0,0.0,0.0,0.0,0.0,0.0,-0.0018736600686164314,-0.000364152793391207,0.0,-0.0003066137160952713,0.0,-0.0015891797382348403,0.0,-0.0007914631582376033,0.0,0.0,-0.0005568345313533597,-0.00045134367479776274,0.0,-0.00048377158757706933,-0.0026501091275678776,0.0,0.0,0.0,-0.000804321262256295,0.0,0.0,0.0,0.0,-0.001079349262903152,-0.0027708627385223256,0.0,0
0.0,0.0,0.0,-0.0018674538762634898,0.0,0.0,-0.0011743001219354854,0.0,-0.0012428241883515347,-0.0006403072507879961,0.0,-0.0015630913260794004,0.0035551635328977603,0.0,0.00047976094030318934,0.0,-0.004819604868248301,0.0,-0.003397587445266091,0.0,-0.0017463832526710048,0.0,0.0,9.198024081493619e-05,0.0,0.0,-0.0023879315167671705,0.0,-0.0002010548264012532,0.0,-0.0005673937473763342,-0.001515884256355328,0.0,0.0,0.0,0.0,0
-0.0174296569850178,0.0,0.0,0.0,0.0,-0.0006668549297435153,0.0,0.0,0.0,-0.00169162161989337,0.0009052369769502498,0.0,0.0,0.0011471421355939888,-0.0016042811636885874,-0.0021939341680053286,0.00132737011385951,0.0012994726180515393,0.001484455805902111,0.0,-0.0040967914337095976,0.0,0.0,0.0,-0.001051781331786116,0.0005504777881012422,0.0,0.0,0.0,0.0010753432765286208,-0.0006233674071399428,0.0027663574406335267,0.0,-0.00153441864153684,0.003043784979074163,0.0,0
0.009310359370148449,-0.001892362692867149,0.0,-0.0019764349495000224,0.0,0.0019842334925531126,-0.0032831309676240937,-0.0022427263972881577,0.0,0.0,0.0,0.0,0.004471185718624947,0.0,0.0,-0.0006145574150266964,-0.0014721575799398535,0.0,-0.0011634444304026992,0.0,0.0,-0.0015005453219123612,-0.0042423571601234505,-0.000597833744572317,0.0,0.0,0.0,-0.000702819675444897,0.0,-0.00020903139835069752,0.0,0.0,-0.007789404252231397,-0.0021935496891752546,0.0,0.0,0
-0.018297665163459053,0.003718406969039879,0.001489461947192834,0.0,0.0006678892704463172,-0.0007832785837642591,-0.0009577056626332493,0.0,0.0,0.0,0.0,-0.0015897519994603488,0.0034490850211235965,0.00013888176821849672,-0.0007638092081786185,-0.0033922747936366193,-0.0005017699548237541,0.0007810140917842594,0.00347745856725768,-0.0029526177435859743,-0.005130118096842379,0.0,0.0026093020281134937,-0.0024203119055469452,-0.002771195015599914,0.002258336160513324,0.0,-0.0024504566875100174,0.0005011478231617666,0.0014204652987885795,-4.978364139954725e-05,0.0021030509223122947,-0.0004383965112613273,0.001144637851827073,0.0012489427859153947,0.0,0
-0.011116773721820657,0.002407018473724004,0.0016585227922608604,0.0,0.0,0.0,0.0020243495527928067,0.0026967813494827362,0.0005313513339061904,0.0,0.002917814447698905,-0.003920386454810404,0.002477121328413483,0.0,-0.00442891853247242,0.0,0.0,0.0008023607424160463,0.0,0.0,-0.015348361973966837,0.0003949662515840358,0.002068859343291443,0.0011423475989948166,-0.001738242232292966,0.0,0.0017665366088864118,0.0032963614635066704,0.0,0.0,0.0,0.0,0.0011791921203940102,0.0026407840781749875,0.005443053365490001,0.0,0
-0.003562144366258994,-0.0002926205911216893,0.0,0.0,0.0,0.0,0.0,-0.00033237194612814917,0.0,0.0,0.0,-0.0017252076821495136,-0.0008661507371555429,-0.001970689420223315,-0.0003392083454742948,-7.741126452766561e-05,0.0,0.0,-6.508439913923868e-05,0.0,-0.0017809816468163612,-0.0010276423693388389,-0.00030775254182182287,-0.0010517647168140876,0.0,0.0,0.0,-6.77164399830858e-05,0.0,0.0,0.0,0.0,-0.005783673262078051,0.002207082966013074,0.0,0.0,0
0.00812144477807071,0.013394769119719468,0.0,0.009171832601511372,0.0,0.005099077088684094,0.0,0.009544054536119957,0.0052097476361727705,0.0005488969597288955,0.0,0.0018236444103203638,-0.008868848177430496,0.0,0.0,0.0,0.005473669703453963,0.0063874836183609365,0.0,0.0,0.02826599039970979,0.0,0.0,0.011055020564295652,0.012224959814544049,0.0,0.0,-0.025174699958744114,-0.00040610054224222,-0.00500800119511214,0.0,-0.003921511930995486,0.027612318835552558,-0.00888272110942728,-0.019542420893372228,0.0,0
0.007742132024043868,-8.846816178589094e-05,-0.0014306871007372481,-0.0021483540828523343,0.0,0.0,-0.001102866084322738,0.0,0.0,0.0,0.0,-0.0019959494626149007,0.0,-0.001364827912769357,0.0,-0.0014544825342512706,0.0,0.0,0.0,0.0,0.0026582009581735838,0.0014864296988565044,0.0,-0.0009382867159933595,0.0,0.0,0.0,-0.0018423974898052883,-0.0021120858649369277,-0.001653124875913414,0.0,0.0,-0.00017463658388743467,-0.010130264724869574,-0.0008205985324579827,0.0,0
0.0,-0.0024641389846635033,-0.0013090203671148977,-0.0003170691239629811,0.0,-0.0010148052557045852,-0.002105857280548115,0.0058930476782609745,0.0,0.0,-0.003787444795924254,0.0023811319925788324,-0.003929219554837956,-0.002425011653300579,0.0,-0.004651467093776886,-0.005645036500274696,-0.0009835322329638666,0.0,-0.001806414838939387,-0.0010998578554886596,-0.0014811110799233696,-0.0016217627795934316,-0.000996887617741613,0.0,0.0010721434735296827,0.0020804916500497886,0.0036535657092244813,0.0,0.0032781971679091814,0.00450676817751176,0.0,-0.004847871130450387,-0.00133086146651332,0.001235359884857911,0.0,0
-0.019538301120508705,0.0019437981433373123,0.0,-0.001995944206081551,0.0,0.0,0.0,0.0014362984518472412,-0.004152543658654624,0.0,0.001237314063554277,0.0018083376974385354,0.0,-0.0032534074417031023,0.0,-0.0023864859973671817,0.0031141004147026584,0.0020531954026645825,0.0,0.004878668274557064,0.0,0.0,0.0,0.002403138772662534,0.0028282382583363873,0.0027196163675882036,0.0,0.0020015451125338607,0.0007320402567429784,0.0,-0.0022415078943953544,0.0007728611903022843,0.0043187706549317134,-0.0013060063094459953,0.0017909882749789557,0.0,0
0.0,-0.0024752527612737036,0.0,0.00046551694890643777,0.0,-0.0023679258651799987,0.0,-0.003244331245317182,0.0,-0.0006220764510400207,-0.0009766988164606398,0.0024016699076614485,-0.000559304303306542,0.0,0.002157786525866335,-0.0002191714640196356,-0.001963897190129976,-0.0010869671914396938,-9.586949686137711e-05,-0.0014530716333334606,-0.0008713737782225431,0.0,0.0,0.0,-0.0033003778704875386,-0.00012952664158849848,0.0010073686766329491,1.1096655592057384e-05,-0.0027679942355381456,-0.0018177105064244611,0.0023501518478130793,-0.0016767257792923713,-0.004334141908952226,0.0012353450078751251,0.002751157988966371,0.0,0
-0.0016973327477361477,-0.0019446992193827245,-0.0009913867208703252,0.0,-0.002592516666685326,-0.0011096217601759867,6.528793102415098e-05,0.0,0.0,0.0,-0.0025636765655658858,0.0,0.0,0.0,-0.0007147881756310306,7.44336499885798e-05,-0.0032670392229566555,0.0028522993041085122,-0.00037227441799213767,0.0,-0.001325492266815366,-0.0013284681436148613,-0.0001710610233935318,0.0,-0.0026656136432521753,0.0,0.0,0.0026674189611866675,-0.0012492147177169302,0.0,-0.0008454827240750803,0.0,-0.00043534417127001623,0.0,0.0,0.0,0
-0.0018237121927363945,-0.0037196988355467455,-0.0016620810794591746,0.0022627254100499586,-0.003332551983559718,0.007300098672395055,-0.0023292150415510954,0.0033131576179432467,-0.0018186801989083863,-0.0010209717820897904,-0.003433486736285688,-0.004729111658736489,-0.0058360951384393905,0.0,0.0003421183705399705,-0.0015367101409940423,0.0,0.0007526273198109925,0.006895960678147822,0.0,-0.005237378794096214,0.00546706594717488,0.0031352306634463063,-0.001517939688109582,-0.0011121295293445971,-0.003033969291448569,0.0,-0.002610978244128623,0.004755226485513919,-0.000912885948108185,0.002216674182125973,0.0014614467275312585,0.0006633523893170648,-0.007963328495233233,-0.0025731175680450188,0.0,0
0.008527104313821681,0.0,0.0,0.0,0.0,-0.0032611514275311185,0.0,0.0,0.0,0.0056639615231407585,0.0,0.0050776076569987744,0.0,0.0,0.00910478509294805,0.0,0.0021630318682522493,0.0015674484092236866,0.004573999551961507,0.0,0.0029963712684579376,0.003965420422940008,0.00614222774166025,0.0,0.004248429939907795,0.0002165431047063846,0.002909518887559883,0.0,0.0,0.0,0.0020628544728873047,0.0,0.0,-0.01456626116953124,0.0,0.0,0
0.0035206913497625725,0.0,0.00017927131278328416,-0.001557298861727795,0.0,-0.0035773887011871348,-0.0009520951844843229,0.0012065020162730451,0.0,0.0034461666338662057,-0.0025694393814259526,-0.0028788513297711943,0.004843804403986776,-0.0012885601551543477,-0.0015229073029223402,0.0,-0.004534161212148946,-0.0006843194356519128,-0.0007999039334016901,0.0019795054722618545,-0.0008321524678334254,0.0018441322420579631,-0.0018438458851527716,0.0,-0.0042844677466689985,0.000766487277897757,0.0,3.1194600523087725e-05,-0.0036878223805746797,-0.0015996872691964735,0.0,-0.0005914522088186926,-0.0016526092809161087,0.0020231955311101404,0.0,0.0,0
-0.0037146636439757403,-0.0035827354371490232,-0.002612353585504611,-0.0007183034328349428,-0.0005563647386422283,0.0,0.0,0.0,0.0,0.003643242879430341,-0.0024398160420049443,0.0,-0.000851306474282355,0.0,-0.0005710309590145877,-0.0014737595253173866,-0.0011494704594820402,0.0,0.0,-0.0005134662240462842,0.0,-0.0011268506140430944,-0.000882686060594153,0.0,0.004658434456482426,0.0,-0.00018177955326032495,0.0,-0.0011349160536273419,-0.001578247124724132,-0.001651173537559506,0.0,-0.0012812467487711698,0.0,0.0,0.0,0
-0.0023081314815064447,-0.0003916719919586467,-0.0027274770631930136,0.0,0.0,0.0,0.0,0.0,0.0,0.0017146020191308358,0.0,-0.0004085404739245927,0.0011173430753929296,0.0,0.0,0.0,-0.0034233775768293304,0.0,0.0,0.0,-0.0014440179113467152,-0.0018106081824780683,-0.0011027293487580784,0.0,-0.0013125830107821677,-0.0023697061607006074,0.0,0.004689623681044523,0.0,-0.0023739295151923683,0.0,0.0,-0.006226531867570337,0.0018020236451667649,-0.001103942133884473,0.0,0
0.015795375119210735,-0.0031329165337881737,0.0,0.0,0.0,-0.00030042208649030044,-0.0013078649327332066,0.0,-0.0016354674258793089,0.0,0.0,-0.0008690208263601306,0.0,-0.0003192213671729007,-0.0012911660400193707,-0.0020108495779241646,0.0,-0.0007420125871040671,-0.0010137915533436465,0.0,0.0,-0.005810697405965594,-0.004216912356629619,0.0,0.0,0.0,0.0,-0.002753123530534837,0.0,0.0,-0.002204031116890403,0.0,-0.004210824302214859,0.0,0.0040034475488527725,0.0,0
-0.006221274692799303,-0.0036560918780620174,0.000846448055212592,-0.002396512042756476,0.0011808061843620978,0.0,0.0,-0.0006525364861043785,0.0015140427167873497,-0.0012204318605816833,-0.0030450994912210594,0.005517600585997603,-0.0008115416757627522,-0.0010340830890819734,-0.0019386885857453498,-0.003179352151484527,-0.0014988817003713498,-0.0003312758160876102,-0.0012753784147922598,-0.001946902375303255,-0.0021145849603592757,0.0018752416314861424,-0.000471811145737601,-0.0015498677341733958,0.0009617004811323405,0.002460170779350042,-0.0016493864301461228,0.0,-0.0010150531076377357,0.0023299208346981445,0.0,0.000925378740185697,0.004092273080065513,-0.0011985768012225638,-0.0021870527247713246,0.0,0
-0.0008013190851040644,-0.0013670724061066134,0.0,-0.0019832178787857853,0.005467041609765863,0.0009821240723336825,0.003128054061329514,-0.002397797857975215,-0.003237427344512807,-0.0021035178245268154,0.0014202527512920757,-0.002412138978852985,-0.0024677524705137128,-0.0037792155442924213,-0.004265618852411238,-0.00209719373510375,0.003353769322620171,0.01097011878365589,0.0020429287825224096,0.0,-0.0019257257496249833,-0.004052396131623466,0.0,0.0,-0.003065001945126189,0.0,-0.0010153741549360346,-0.0026625376885456233,-0.00337217597845316,0.006130700217445013,0.0,-0.001057148912290466,-0.002333639447501716,-0.0008298162632098176,-0.0040243269184788745,0.0,0
-0.004786612242180049,-0.0017545459730373186,0.0,0.0,0.003353138697720862,0.002719775002577124,-0.0016025897011032063,0.0007605189354960511,0.0,0.0038523887406138367,0.0023929562735401488,-0.0005106073619073629,0.0037052056242729754,-0.0022762336129612732,0.0,-0.0009811039958907463,0.003729411781702121,0.005428700081164681,0.0,-0.0025375013921749767,-0.0007577012484307774,0.0,0.0,0.002757723942055734,0.0,-0.007189633343894369,-0.005901125966351309,-0.004356375429322609,0.0,0.0005771614368390573,-0.002719597386364084,0.0,-0.00047828624868198773,-0.007041131334174821,-0.002425012722877134,0.0,0
-0.032086271482224676,0.006513386850222797,-0.010595869184694828,0.008030177713107906,-0.006938577183494281,-0.015012891929302913,0.006214140172961148,0.008293004186816512,-0.00714286900739911,0.027474151868481105,0.011614179302949734,0.005733341759170245,-0.00421993719193828,0.006554039335110401,0.007758487362726976,-0.004650924494711432,0.0020058680791752094,0.011208200816167984,-0.012222865748111808,0.0018360945111826872,0.0,-0.0028911475941044043,-0.006390060696230304,0.002684703549618554,0.0011074635566689982,0.006616189277480432,0.0016629381854346306,0.0,0.0039208480844995855,-0.0012547816976826833,-0.004060467861453362,-0.01120989027889861,0.01866589430416597,0.0032907267162661465,-0.019637400293668627,0.0,0
-0.002564184558698256,0.0,0.0,0.0,0.0,0.0,0.0,-0.0005023815973948216,-0.0008030511789296648,0.0,-0.0006280014921022176,0.0,-0.0006282475739001244,-0.0018299868917894082,0.0,0.0,-0.0009685639985831818,-0.000351104427518644,-0.0002343204644358038,0.0,-0.00010581010748616877,-0.0011475952914094974,-0.001303754291091287,0.0,0.0,0.0,-0.00012201403250175912,-0.0009038420250470947,0.0,-0.0002602242214716326,0.0,-0.0007339821525534004,-0.0025549798322899425,0.0,0.0,0.0,0
-0.006163496675976766,-0.001530789310234914,-0.0016234168587250617,-0.0033547799333833134,0.00027023245885447826,0.0021275889480963923,0.006673775698167357,0.0002501603003333442,-0.0004176284325385112,-0.00020920768152674692,0.0,-0.00044882915178888006,0.0,0.0018667803989109273,0.0,0.002268012110421026,-0.0014782751573074375,-0.002014612095798994,7.214563232677817e-05,-0.0017828320195121092,0.0012574308660086425,-0.0069251444193716045,0.0009089170332948897,-0.0005570575184802747,-0.0033796876978386976,-0.003751113093833186,0.0006899868403164764,-0.0025832406496136065,-0.0014464863785385532,0.003315768635283958,-0.00042238520220002355,-0.0005505879844884274,-0.0023576617664926164,0.00072566485642843,0.004928724112004127,0.0,0
0.025654922659395105,0.013463732588549944,0.0,0.0,0.022491393727405072,0.0,0.0,0.008221048904347772,0.010358936534912551,0.0,0.0,0.006223658818231066,0.0,0.0,0.0,0.015456337698087382,0.00786624481787461,0.0,0.0,0.0,0.01364226827672405,0.0,0.005273842183950402,0.0,0.015952161937564636,0.011593185018842152,0.005010634592242971,-0.003011112775011917,0.0,-0.02179004541904387,0.0,0.0,0.011345635952792405,-0.05982979826980707,0.011383012052940053,0.0,0
-0.00535419597076143,0.0,-0.0033568468306329666,-0.0006984834188670228,0.001647662685371756,0.00102443020014598,-0.0012286294521059965,0.0,-0.0003815459505542051,0.004908186169522991,0.0,0.0019323458394455008,-2.2319557333301655e-05,-0.0017426235637791263,0.0,-0.0016815138571747985,0.0,-0.000622883889935202,0.0,0.0,0.0,0.0,0.0,-0.0020255819202861045,-0.005485316600670584,-0.0016051140971852112,0.0,-0.0021637354012254075,0.0,0.0,-0.0012237465131044705,-0.0007025268706983759,-0.0008767397866393525,0.002453065405650795,0.0,0.0,0
-0.003487620372493726,-0.0025873791425312666,0.0,0.0,0.0012945285320503808,0.0005441207925231612,-0.003493863296454102,0.0,0.003403634911429264,-0.002108432601765695,0.0,-0.001316701693567796,0.0,-0.0009944595737144306,0.00040346392844053095,-0.001502024038161357,-0.005594896739873911,0.0015566255513849855,-0.0017315102864112343,0.0,-0.0006755358196592137,-0.002023359977900822,-0.002108666382834204,-0.002101961692433443,0.0,-0.0002444159216025311,0.0,0.0,0.0,0.0,-0.0004444344095762642,0.0010983084714121388,0.0031065984091946707,0.0017159823934275314,0.0,0.0,0
0.00489054977184736,0.002561141219551242,-0.0029536776578348387,2.2216869150030646e-05,-0.0032172534251349878,0.005997108283512001,0.005695339741756916,0.001034372139289841,-0.0021377934679406192,0.0,-0.0014328948853782118,-0.0006066562878972025,0.0028242061832029785,-0.0009231293522214432,0.0,0.00044629764779818994,-0.002025234980173486,0.004484442294667109,-0.004189190310664076,-0.0027814625058577487,-0.002307901036864787,-0.0016008686684362225,-0.0018452534497945157,-0.0024891989907342097,-0.0019421770543941088,0.0,0.0049597427340291765,-0.0048195812631143505,-0.003213949082029779,-0.008186282089014462,0.0,-0.0001996235270209823,0.0031648476512870062,-0.006106835181288858,-0.000889182445847448,0.0,0
-0.0011411081011577003,0.005743043459051044,0.0033749243566993797,-0.0005356448350710597,0.0009106706378041399,-0.011000418184995588,0.0,-0.0002602501962200346,0.003059166168466011,0.0,-0.0005765053970825937,-0.0007723768876815584,0.0,-0.002521876181673102,-0.00022693215626834148,-0.0037154347159795865,0.0019082932859163697,-0.0013242002278108045,0.008820773556316169,-0.0019912603391927606,0.0012189021291025193,-0.0026703184814200736,-0.005352282023738735,-0.0043196529891531355,-0.0031586522369275263,-0.002693636187594607,-0.0010992048071857155,-0.0006055616351802442,-0.005418578071843893,-2.657778497454596e-05,0.0,-0.001164634692731412,-0.005598895206635766,0.0029262463856850737,0.010424133734436444,0.0,0
0.001734939951580747,-0.0050976200804378835,0.0,0.0009360139314345507,0.011481611038776254,-0.00230253293594413,-0.00103968475447835,-0.00029048084837393254,0.0007206312086807467,-0.001572778668300687,-0.0010801178187407141,0.0051948400098921176,0.0030132151691321676,-0.0010423915661137441,-0.0032655551511406866,-0.003346699278490779,-0.0036224934994127022,-0.0023601729906232304,0.0,0.0,-0.0018286396146928803,0.0,-0.0023014926100565656,-0.0011706675068979674,-0.0033032508697895565,0.0,-0.0013229013916155926,-0.0011060613193996974,-0.005046789663428063,0.0006820233515630023,-0.003038028355219048,0.004299167214863682,0.0005490538537969587,0.0,-0.0022088902505583447,0.0,0
-0.0024205704885080026,-0.0005181602866742343,0.0,0.0,0.0,-0.0010853509968343882,-0.0009687782942996583,0.0,-0.0035600251985100344,0.0,-0.0016104784344222254,0.0,0.0,-0.0006043813162101883,-0.0013292236369398522,-0.0008022764626242726,-0.0005754169579768672,-6.687052451154256e-05,0.0,0.0,0.0,0.004957057613026318,0.0,-0.0017540811240214975,-0.0010541685752924717,-0.001186482391055275,0.0,0.0,0.0,-0.0015238392999237004,-0.0011028235790564477,-4.237287834399651e-05,0.0,-0.0008076016983860939,-0.0016549604987819468,0.0,0
0.003328230911812095,-0.0007953130782454112,-0.0028827189006424263,-0.004175086438513319,0.0,0.0,-0.0001711635106794128,-0.0036608213339117852,-0.0010333337846111827,0.0,0.0,-0.0006356887023364786,-0.004290781808775054,0.0008421563028519071,0.004146162207403777,0.0013255815264955006,-0.0025304346927937215,0.0008177860341703131,0.0,-0.0018355685690246639,0.0,-0.0002208429933729698,0.00011841421690905435,0.004228123097020147,-0.002884513233068054,0.0030358661147804602,-0.004246733623726529,0.0,0.0,0.0,-0.0011936678760479376,-0.0009373251832597886,-0.0040591317117808935,0.0,0.0,0.0,0
-0.02712741609357158,0.0011327109928874722,0.002915313237880624,0.0,0.0,0.0,0.0,0.0,0.0,0.0,0.0,0.0,0.0,0.0,0.0031369006728935683,-0.003583582110812605,0.0,0.0022032799113980797,0.0,0.0,-0.005608025747831894,0.0,0.0,0.00674421203683937,-0.00209722875351885,0.0,0.0,0.0,0.0,0.0,0.00017309673462368122,-0.0019440377924977085,0.0029339191382154357,-0.0015972233127546191,0.0057856174608321605,0.0,0
-0.014264150582740855,0.003352138984854036,0.004652199004358404,0.0,0.0019874334703963515,0.0,0.0,0.0,0.0,0.0015685260169652998,0.0006854840994422783,0.0037592373144349532,0.0,-0.001231918720687329,0.0,0.0,0.0,0.0005720754536594417,0.0007993327995968179,0.0043979759816986375,-0.014806146145100453,0.0012348013936290874,0.003979271284385131,0.0,0.0011512130944998148,0.0,0.0,0.0,0.0030693083947777888,0.00014628623838701548,0.0,0.0,0.008499030095675396,-0.009813873994337698,0.011071368017509456,0.0,0
0.0038528144076677142,-0.00731992519458835,0.0,0.0,0.005029816472604313,-0.008527462777833915,0.0,0.007066646960909792,0.0030489517483410916,0.0,0.0,0.011556607001015228,-0.0004865103084775143,0.0016237478425252532,0.0,0.0,0.0010339878925927997,0.005228263999643035,-0.0031228009636609837,0.0,0.010837598196238134,0.0,-0.0048358184295867026,0.006133676954652136,0.005563299555913418,0.0,0.0,-0.005141455987072549,0.000803349893331562,0.0,0.00215456857203781,-7.156011593251482e-05,-0.004753019456831075,0.0036673440647088267,0.004826069017690587,0.0,0
-0.0009857567315530013,0.00638139673944068,-0.0019619918043132915,0.0020970841426533908,0.0013769046722398304,-0.0005269006486295552,0.0032816158469081507,0.0010165953339440826,0.0005740305517185631,0.0032642092323732093,-0.0008486506672471865,-0.0022410839512907845,0.0,-0.0031638983863199006,0.0013246174287291563,-0.0014291749222167637,-0.002259240122754998,0.0005098666245750937,0.0,0.0,0.0,0.0,-0.00391299986372298,-0.0012493909530334314,0.0,-0.004278116470749037,0.0,-0.0032615481226686907,-0.003312228311752757,0.0009930826115516385,0.0,-0.002266320807108355,-0.0033137471173711767,-0.0005564070641222003,-0.002850503742205619,0.0,0
0.0057141988351452596,-0.008341081660647322,0.0,0.0011318499726994365,0.0,0.0,0.0,-0.002972901984223099,-0.014059655614895082,-0.002182989283254191,0.0,0.0,-0.00122109671578388,0.0,0.002200586122677054,0.004324675584510222,0.0,-0.0030807987303861817,0.0,-0.008905520308912784,0.007767247100864033,0.0,0.0,0.002741137242519894,0.008099678941522949,-0.0017195846743951891,-0.004326165309880965,0.0018923471716836477,0.0,0.0,0.0,0.0,0.00578589520504109,0.0,0.008170450117285042,0.0,0
0.0010514084536249074,0.0025556921930279886,-0.004415208977646119,0.0,0.0005268636408476081,0.002409902274413312,-0.0026648350184679246,0.0040398849722285595,-0.0018900013615838196,-0.00292341998729219,-0.0024229765526093084,0.0,-0.002009699423639744,-0.004320005341561811,0.005251220033198827,0.0,-0.0015546056873515872,0.0015244829727566406,-0.0016801763831340902,0.0,0.003224496387804446,-0.0011826628677245848,0.0055002852368615796,-0.0024034053625680936,-0.0011336943890235876,-0.00016543661098465703,0.0,-0.004584255212797295,-0.0026170128521264286,-0.007883546646332012,-0.003241790400298613,-0.001390053877155917,-0.00323033227960499,0.008151842041289142,0.0,0.0,0
-0.0040166502247131865,-0.0023572042424394204,-0.0012118279310278288,0.0,0.0,-0.0010905289495768797,-0.00029332723657236035,-0.0003717096741935596,0.0,0.0,0.0,0.00012765859449044505,0.0,-0.0005043020449051021,-0.00016211230741178644,0.0,0.0,0.0,0.0,0.0,-0.00439202060865543,-0.0017256248687251734,-0.00027922712818953305,0.0,0.0,0.0,-0.0002683435091933913,-0.0003305447656459652,-0.0011217612898413113,-0.0013073209870045094,0.0,0.0,0.003064061240061699,-4.9926705185731474e-05,0.0,0.0,0
-0.015607177826567615,-0.003766745156913691,0.002936304798248317,0.0,0.0013836871995963856,0.0,0.0010953634128093594,0.0011852469309195318,0.0,-0.0043694850272026076,-0.00374367857545087,-0.0004921265059786165,0.001220668447286487,0.0,-0.004162666947219193,0.0,0.001420565085841944,0.0,0.0,0.0016893140372782076,-0.010189097563093552,0.003147185614632782,0.0038134905967616745,0.0032340955593442655,0.0,0.0,0.004330015513783971,0.002715585350693537,0.0,0.0038325503136759,0.0,0.0028356712922488064,0.01153754886974054,0.007859807775642534,-0.00451263523688014,0.0,0
0.0,-0.015087720936304167,0.0,-0.03028139131709983,0.006285083289757578,0.0,-0.03667165196383588,-0.03139306194837563,0.009417913283865834,-0.04210522250043218,0.0,0.0379619874059077,0.022221927670970417,-8.451773009350824e-05,0.0192066669568987,0.037328421468048385,0.020185935555739144,0.0064049648403440304,-0.030736263874356577,0.01587798188597652,0.03413732459229845,0.011835359306855883,0.0,0.005811364305640256,0.02661556434124908,0.006727310991193472,0.0,0.02745466904575286,0.03603018299151943,0.037036761093563915,0.03979540447657715,-0.02383272631189743,0.036946544511061746,0.03656615339077426,-0.009459821122855816,0.0,0
-0.005716145687105197,0.006072816898847697,0.0015748946156105598,0.0,0.0019885572159537086,0.0,-0.005027516771116533,0.0003579841741937849,0.0,0.0,0.0033637885528524625,0.0,0.0,0.002460326016816122,-0.003003939647459301,0.004367801857484439,0.0,0.0015156157121095776,0.00020606856380755637,0.004388107984264346,0.007146683539470342,-0.00206126472383309,0.0029851559347430154,0.00033079043768897493,-0.0017105913257344995,0.003109891074292391,0.0,0.0,0.0,0.0016845482089622077,0.0,-0.003230880810757097,0.010361279385906306,-0.0034133958862101166,-0.019033506619707378,0.0,0
-0.018414457524261723,0.0,0.0011492442025756214,0.0,0.0,0.0,0.0,0.0,0.0,-0.00039719308634703657,-0.0009799665913855066,0.0,0.0011015597729411705,0.0,0.0,-0.0020410056014190884,0.001395578888837261,0.0005513355150616926,0.0,0.0,0.002609763140056014,0.0,2.1859417274692076e-05,-0.0013474201723638812,0.0,0.0,0.0013225516407853238,0.0008337062904737065,0.0,0.0,-0.0012713299939745063,0.0009654571103146157,0.002042995811981348,0.0,-0.004379443463489372,0.0,0
-0.007920957426304482,0.0,0.0,0.0,-0.00036099896269185176,0.0,0.0,0.0,0.0,0.0019718610447708234,0.002783302528812053,0.0,0.0,0.0,0.0,0.0,0.0,0.0,0.0,0.0,0.0,0.0,0.0,-0.0009452003662161121,0.0,0.0,-0.0008142512042013414,0.0013757641784869898,0.0,0.0,-0.0007570453445482008,-0.0012158506410983897,-0.0029042630871929922,-0.003310758264160911,-0.005486166098832393,0.0,0
-0.007103905300589614,0.0,0.001408312336703866,-0.0024251618427814535,0.0016891919304562449,0.0015971580620298262,0.0026281869247939318,-0.0006550116924153516,0.0,0.0,-0.0009313463456559629,0.0009847781680716427,-0.0017182912498009217,-0.0021765784226658305,-0.0014346450616113738,-0.0017349625403107684,-0.0012877097109325266,0.0011286720244945384,0.0,0.0018963656654754277,-0.001594844219880376,0.0,0.0007528190053826978,0.0037231143057979066,0.0,0.0,-0.001093925272847604,0.0010207980749474498,0.0008670213634000658,0.0,-0.0018010611810794878,0.0,-0.004731376799292373,-0.0007435854199016213,-0.0051794967868554476,0.0,0
-0.004330197378854479,0.0,0.0,0.0,0.0,0.0,0.0,0.001350488542905591,0.0,0.0,0.0,0.0,0.0,0.0,-0.0009573916533241938,-0.0016014276055714837,0.0,0.0009789392473319232,0.0,0.0,0.0,-0.000884087718666035,0.0,0.0,-0.00033387113310715135,0.0,0.0,-0.0005220110570944907,0.0,0.0,-0.0011687762946633075,-0.002112437593861366,-0.0021632056853996477,-0.0010603631139649305,-0.0047084442949667064,0.0,0
0.0,-0.0009499385018366057,0.0,0.0007395413117208238,-0.0024934971934942804,0.004104653232412817,-0.0006212159671282368,0.0005154275658581875,-0.0028449359038916233,-0.0006066487194901031,-0.0030314883453896285,-0.005429776923029535,0.003936669491677071,0.006440276822140493,0.00543816328418076,-0.002100940234415957,-0.0022529536419160522,-0.0022764498587435093,0.0022685147448227526,-0.002340335641085814,-0.001150211168739055,-0.001416123300882239,-0.003630665174719853,0.0,-0.004866860227214743,-0.0036383719953935775,0.004346869420506049,0.0,0.0,-0.0007305362567766069,-0.00463023666050274,-0.0012561866771115607,0.0005433329595429545,0.0019445789373485388,-0.0017514835409444748,0.0,0
-0.019121516363802483,-0.0014387243158788413,0.0,-0.003325101028412214,0.007211711072645229,0.0,0.0,0.0,-0.002080415591848898,0.0,0.00017043854659452875,-0.001254769024425909,0.0,-0.0010524413640950808,0.0008734107559949272,-0.0009507462083697583,0.0,-0.002796693716795423,0.0,-0.00012365158471627284,0.0007619616254071829,0.0,-0.001465810808756175,0.0,0.0,0.0031274524904249352,-0.0007594587720178185,-0.00249039726956524,0.0,0.0,0.00022850303565864465,0.0,0.002300866409090183,0.002171546576334385,0.0029971900710513734,0.0,0
-0.0037804154644829335,-0.002443593959117237,-0.0015353437869127225,0.0,0.00014989795340759118,0.00011424344517664366,-0.0008336936604376111,0.0,0.0,0.0,0.0,0.0,0.0,0.003831973096696793,-0.0010759462061147855,0.0,7.558598873850553e-05,0.0,0.0,-0.0017946396076966038,-0.00186890820520985,0.0,-0.0008204254706491734,0.0,0.0018286412333256654,0.0,-0.00054307207608361,0.0,0.0,0.0,0.0,-0.0008660772589584978,-0.005070912851446003,-0.0013867948960217765,-0.0015202839336721646,0.0,0
-0.004339891350650887,0.0,0.0,0.0,0.0,0.0,-0.0008052286449602252,0.0,0.0,0.0020631967877585717,-0.0020344423372484336,-0.0019055052477430802,-2.152650674243304e-05,0.0,0.0,-0.0013460022890645334,-0.002357887466407539,0.0,0.0,0.0,-0.0006512089900300435,0.0,0.0,-0.00013844067002057286,0.0,0.0,0.0,-0.0016810991497348867,-0.0010734941828924964,-0.0015590865687133287,-0.0011807926915992455,-0.002065219166833953,0.0,0.0,0.0023954345964850403,0.0,0
-0.014552096430351082,0.0017935902198430666,0.0,0.0,0.0,0.0,0.0,0.0,0.0,0.0,-0.0007603989269011107,-0.001444748130847719,0.0,0.0,-0.003033442944978829,0.0,0.003245401906292266,0.0,0.0,0.0,-0.0029475024784701956,0.0,0.0,0.0,0.0,0.0,0.0038055585295046703,0.0,0.0,-0.003071839441790121,0.0,0.0,-0.001981529679852319,0.0002741432564876664,0.009478751036977724,0.0,0
-0.02498166562258676,0.0,0.0,0.0,0.0,0.0018548270975970252,0.0,0.003738848318643584,0.0,0.0,0.0,0.0,-0.0032719475954200265,0.00320176875804607,0.0,0.0,-0.002615934951683146,0.00043479349629794225,0.0,0.0,-0.007364046464919508,0.0,0.0,0.009012707615552585,0.0025159330765735046,0.0,0.0,0.0,0.0,0.0,0.0,0.0,-0.0034064540444673007,0.0,0.005807094182614953,0.0,0
-0.00029682558268339206,-0.001451469256004426,-0.0008684332049626613,0.0020993545591162267,0.0014530433838113868,0.0,0.003294182888196562,0.0,0.003046059152312949,0.0,0.0,0.0,0.001629092546532937,-0.00653728771978485,0.0,-0.0035160826358855966,-0.0026601161503856437,0.0,-0.0023799335733025056,0.0,-0.0006367664255567389,0.0,0.00244732706748635,-0.0031835525382896642,-0.0027895705187678714,0.0012644404208672333,-0.0007762480452127304,-0.0009171872833983974,-0.00022563203012912546,0.0,0.001605927773256264,-0.00208615396405476,-0.0035185773311576553,0.0,-0.002087748049759832,0.0,0
0.0,-0.0007922693443044904,0.0,0.0,0.0,0.0,0.0,0.0,0.0,-0.0005070310819247744,-0.0007997664560019328,0.0,-0.0011558300363854618,-0.0015890325075213479,0.0,-0.001214310046639519,-0.004199414805737043,-0.00042032591088637727,0.0,-0.0011340676887329297,0.0,-0.0006148723087950083,-0.0028249326022453105,0.0,-0.0015073759736299517,0.0,0.0,0.0,0.0,0.0,0.0,0.0,0.0,0.0,-0.0003329277549517923,0.0,0
-0.008786685747191806,0.0,0.0,0.0,0.0,-0.0004521445381061434,0.0020883420275242697,0.0025302796070042154,0.0,0.0,0.00128401015573026,0.0,0.0,-0.001655880607440834,-0.0007194823196393657,0.0,0.0,0.0009640820055649075,0.0,0.002185762730660582,-0.00453081815520391,0.0,0.0,-0.002382976361908232,-0.00013427205350764198,0.0015050302445514475,-0.004013773092299841,-0.002600225517874479,0.0,0.0,0.0,-0.00027952096251201183,0.0014515834597228544,-0.0036403092092927893,0.0,0.0,0
0.0,-0.0015651034153423592,0.0,-0.00039438332602527996,0.0,-0.0018873810556289214,0.0019485098332169622,0.0062785310428328965,-0.001534733806708984,-0.0010975766195502963,-0.0029840068508514795,0.0,0.0014286628858608853,0.0,0.0,-0.0016516587049959259,-0.003189438488849463,-0.0021893049951273915,-0.0021001526032748585,-0.0015058008059892897,0.0029870425255154004,0.0016870530812045676,-0.003341297880439753,0.0002961339410884346,0.0,0.0,-0.0012091128670354153,0.0,-0.003329784592207661,-0.002117217326062398,0.0007048819117543726,-0.0013725646919998831,0.0,0.0,-0.0015345898862012264,0.0,0
-0.0035623856221567727,-0.0016941468471033793,-0.001327738102458507,-0.0008561818776904001,0.0,-0.0017513430832661475,0.0,-0.0013362474552983533,-0.0004663561401558076,0.0,-0.0018984494961453995,-0.0005775764054860939,-0.0008755949697697704,-0.0014288945006647802,0.0,0.0,0.0039718916235681155,-0.00046774953677343933,0.0,-0.0024966356887899228,0.0,-0.0002320211816580075,0.0,-0.00030541761116498314,0.0,0.0,0.0,-0.0016335958843829439,0.0,0.0,-0.000744720130273907,0.0,0.0,0.0,0.0,0.0,0
0.003795547721450608,0.0,0.0,0.0,-0.0008738313956690023,0.0,-0.000438035610078577,0.0,-0.0005346889175415622,0.0,0.0,0.0,-0.0014471756608470685,-0.001549164942518131,0.0,-0.0016879821962302482,0.0006215534237568791,-0.0016701926084959418,-0.0006813656692134036,-0.0020405014675668456,-0.0010626410405873289,0.0,-0.001519107265209001,-0.0012556206438650822,-0.005624668444177312,0.0,0.0,-0.0004460584694725148,-0.0019339129788096454,0.00018572269994383234,-0.0003991317190123784,-0.002258717026800221,0.0012834168740279523,0.003083966835476995,0.00318004156843453,0.0,0
0.059441918324610835,0.0,0.0,0.054050041982002354,0.0,0.0,0.0,0.0,0.0,0.0,0.0,0.06798146207693496,0.0036693230001256386,0.0,0.0,0.0,0.008655335563041128,0.0,0.0,0.05109808936161777,0.0,0.0,0.0,0.07435150583837379,0.00718511604960142,0.0,0.010568408440900142,0.05596260582019819,0.0,0.06875597778779491,0.0,0.0,0.16239901219146288,0.07520381995026645,0.21854199428416432,0.0,0
-0.005420040560021034,0.0,0.005066164093424311,0.0,0.0,0.0,0.0014680535528701897,0.0,0.0,0.0034277292019414415,0.0019990640512481833,0.0,0.0,0.0,-0.0028698324316233413,0.0,0.004338353777217459,0.0004063996010789814,0.0013581021515678068,0.004129304289499898,-0.01001767546817797,0.0,-0.00011348649308048049,0.0,0.0,0.0,0.0,0.0023418974654013853,0.0,0.0,0.0,0.0,0.01409431979894168,0.003391337293502252,-0.007679154432444827,0.0,0
0.0,0.0,-0.002506803877142742,0.0,0.0,0.0,0.0,-0.0030163650758419295,0.0,-0.0018275641883167002,0.0,-0.0011758396255403909,0.0,0.0,0.0,0.0,-0.0020971891110037172,0.0,-0.0005157167762363039,-0.0015264514428214118,0.0032390479719813887,0.0,0.0,-0.002285555717638026,0.0,0.0014009858616080022,-0.00215729917203965,0.0,0.0,0.0,-0.001964277249930148,0.0014985622712365178,-0.0038327764452127325,0.0,0.0,0.0,0
-0.010001412165553069,0.0026430548434071156,-0.004305675633013558,0.0002626218961805289,-0.0043146984925755685,0.0011498475204898178,-0.0013986515418984268,0.0014661547533935777,-0.0010340677230156548,0.0,0.0027383001531858164,-0.002187448112140396,0.003528836098790729,-0.002409577284427947,0.0003228448101174811,-0.0005538561307213067,3.992614984470635e-05,-0.0030068705201007732,0.0,0.0027522501549893364,-0.002516600588680056,0.0007440071828633386,0.0020677996851906134,-0.0004244181977498757,-0.0007007606424139403,-0.0009573227048823858,-0.002757194269346521,-0.0036039648899376282,-0.0014606808868663844,-0.001890757677597816,0.0018294445523232851,-0.001117826031698048,0.0020090922186180777,0.00043528119991273625,0.00591606747602421,0.0,0
0.0029628195355986295,-0.0016979747246490568,-0.001215377963612453,0.0,0.0,-0.00023426707092582877,0.0,0.0,0.0,-0.0017422499482760187,0.0,0.0,0.0,0.0019272411902297646,0.0,0.0,-0.0020236195384813675,0.0,0.0,-0.001218776337025693,0.0,0.0,-0.0006301038435490338,-0.0007361391035186495,-0.003451644478478916,0.0,0.0,-0.0016879699232385278,-0.00043744934907680714,-0.0005686433711136809,-0.0014107259389642937,0.00011478171646634153,-0.003429892136447643,0.0,0.0019598317565015996,0.0,0
-0.001942382869329368,0.0,0.0,-0.0019325425085796072,-0.001146568654672185,0.0,-0.0006756756464767538,0.0,0.0,0.0,-0.0003029965696142027,-0.0011237286379170769,0.0,-0.0006354577315923512,0.0,0.0,-0.00388722325113296,0.0,0.0,0.0,-0.0004965536901894012,0.0,0.0,-0.001665066710012472,0.0,0.0,0.0,-0.000669996488509425,-0.00047886698493057486,-0.0005848380225661289,0.0,0.0,-0.00010826208708591918,0.0,-0.00015676516754311448,0.0,0
-0.007811846022169735,0.0,-0.0005547089460294789,-0.002144424963103674,-0.0007792996626647432,-0.001751066840461283,0.0014739815511885406,-0.0014674180704209987,-7.086974664029731e-05,-0.0013341723142618717,-0.0004534225575418049,8.124218158114601e-05,-0.0012526546535492039,0.0018485519622426542,-0.0012169399876337129,-0.002189028193083748,-0.001308979548918508,0.0011526178485845254,0.0,0.0012717146293194943,0.004895326410302029,0.002848397642157252,-0.001892714995713437,-0.004336251552988351,-0.0005449973989153439,-9.196575759023201e-05,-0.0029644181192787764,0.0,-0.0020453323595705244,0.0002431976692243689,0.002229368473527583,0.00013022091860512712,0.0014925374884445218,0.0,0.001325371515869752,0.0,0
-0.005567288986885435,-0.003620245805004733,-0.0009319069412118596,0.000890604329655491,-0.001488402977121664,0.000704366236095948,-0.00023469958155806386,-0.0008178878599454622,-0.0008191474908057001,-0.00015865941038296355,-0.0006466267964599747,0.0012082815074641714,-0.0012745209754838607,0.0,0.0,-0.002014134223676386,0.0,0.0010107366488969233,0.0006285867904875084,0.0021909087661360228,-0.0017737426650045814,0.0,0.0,-0.0013715799293039037,0.002475496640254932,0.002263445523782849,0.0005249522986173076,-0.0015393305172098461,-0.0027564931042168704,0.0,-0.00031351359621678093,-0.002660181925992781,0.001082924664884124,0.000451393648404037,-0.002651572752507275,0.0,0
0.030977765915048836,0.0,0.0,0.011436164427132666,0.014503853722738694,0.0,0.0,0.0,0.0,-0.005520751487337183,0.0005196940760409907,0.0,0.0019813230098059604,0.017907524683453732,0.013549438478117147,-0.01762570808505369,0.002444547621684455,0.0039941491555847974,-0.012298450078929131,0.0,0.0,0.013122375947270377,0.0,0.0,0.0026545444103373253,0.0,0.01102279410029329,-0.029702508919130406,0.0,0.0,0.010947727401919414,0.01760101689591462,0.0,0.0,0.009821406826241386,0.0,0
0.0,-0.0010085338880132164,0.0008271502293869255,-0.0026108874574641678,0.0,-0.0011186632834552827,-0.002916904322065957,0.0,0.0,0.0,0.0,-0.002484226955999453,-0.00228340457867706,0.0,0.0,-0.0017057774519194549,-0.0003729289924969914,0.0,-0.0008113331002441637,0.0,0.0,0.0018524375455425783,8.383261983639158e-05,-0.0023384719719351946,-0.002221516026000904,0.0,-0.004426346411763747,-0.0014025637344134993,0.0,0.0,0.0,-0.001653366017158351,0.0033767112319988725,0.0025001761830431065,0.0014510187448793996,0.0,0
0.0027082439589357164,-0.004503161689215964,-0.002436458538654423,-0.002459206803556935,-0.0016755807385231897,0.0005188428266028471,0.003610025204330615,0.0008477416821547598,-9.646450762846908e-05,-0.0034131840813550218,-0.004009908657241808,-0.0009821658962601042,-0.0015327953401549203,-0.00011110336913101073,0.0,0.0,-0.0026999847744695765,-0.000432850280740983,0.0008313541790571069,0.002501045845259462,0.0,-0.003040937053105124,0.0006203306234181715,0.0,-0.00448881511848803,0.0,-0.0017964063338911473,-0.0018295771031696343,0.0009822021443643722,0.0,0.007878686833475566,-0.0010925985831283871,-0.0013436783278757362,0.0039268118119899975,-0.004268294088063215,0.0,0
-0.0012854469702092322,-0.001422339362064387,-0.004072522694896303,0.005129466117537495,0.0,-0.004441050127070113,0.0,-0.0017032258866756186,0.0,0.009729347690379071,0.0,0.0,0.0,0.005896178900559972,4.1008050176835544e-05,-0.003639663611706339,-0.0042987819754467214,-0.0012088368285811822,0.002736493662386358,0.0,-0.004326500637374151,-0.0011845636552143043,0.0014945243255476365,-0.00020027364605491795,-0.0011220350150677886,-0.00047775404947529804,-0.0022958979175807426,0.0,0.00017836932030924806,0.0,-0.0020513326513285322,0.0,-0.000825074964114895,-0.004726632337764766,-0.003703004420610133,0.0,0
-0.006170813758958389,0.0,-0.002551809272579581,0.0,-0.0005729063295827372,0.0,-0.0007435788638962066,0.0,0.0,0.0,0.0,0.0,0.0,0.001086316110232551,0.0,-0.0030159423133459804,-0.0005365080674608662,0.0,0.0,0.0,0.0009145183719188581,0.0,0.0,0.0,0.0015512777663924562,0.0,-0.001181360590423927,-0.0024317858356799555,-0.0020172139257033537,-0.002410761446029442,0.0,0.0,0.0,0.0006821160661563906,0.0014959708115160168,0.0,0
-0.007435412341801188,0.0,0.0,0.0,0.0,0.0,-0.0004678629738359832,-0.0007641904894378489,3.6089960390561483e-05,0.0,0.0,-0.0014530600148942778,0.0,-6.71505078623074e-05,-0.001119822489249625,-0.0013885729201948732,0.0,0.0029926534979557583,0.0,0.0,-0.0029258693414369883,-0.00047075815572266783,0.0,0.0,-0.0007814680637165426,0.0,0.0,-0.002751213300826209,0.0,0.0,0.0,-0.0016564709417201736,0.0020777603931808556,-0.004063164709184654,0.0028459023704648125,0.0,0
-0.0066975658847619034,0.0,0.0,0.0,0.0,0.0,0.0,0.0,0.0014568798354699446,0.0,0.0006096981344570353,0.00023999560903679046,0.0,0.0,0.0,-0.0032429213565434893,0.0007438463522234034,0.0,0.0,0.0039742681640948145,-0.0009587464094639894,0.0,-0.0017976142634311297,0.0,0.001959666860619042,0.0,0.0003090606250975621,0.0,0.0021044382159300704,0.00040901859673912435,0.0,-0.00258158737861378,0.0017832639964006371,-0.0020107362509492826,0.0,0.0,0
-0.011421357072105242,0.0004700872969834603,-0.002571833451252627,-0.0060872617793207,0.0018042422996655792,0.00035425921113921565,0.0,0.0035642399266127456,-0.001305780733490837,-0.0018449771432152299,0.0019608272543400057,0.005161102270087029,-0.0019814180112020484,0.0011929368036446323,-0.004581640435183307,-0.0016916765026350898,0.0,0.0023598647021407897,0.003212765582909431,0.001622122651843606,0.0007944380537741226,0.0,0.0031179114680174504,0.0,-0.002165765069696324,0.0004417572143163924,0.000905035400151665,0.006830014188026036,0.0,-0.0005527454711733633,0.0013323583790774063,0.003832511810468802,-0.0026005371013688903,-0.016424436638840356,0.010341993413156577,0.0,0
0.0028720621532251256,0.0,-6.534428459303064e-05,0.00019727109101313187,0.0,0.0,0.0,-0.002066663699553693,0.0,0.0,0.0,-0.0005391480108427007,0.0,-0.0013591602231584198,0.0,0.0,0.0,-0.0018019855660805291,0.0,0.0,-0.00428548144693707,0.0,-0.0009206346939099417,-0.0009216115788844631,-0.0003342370946890891,0.0,-0.005221738566817755,0.0,0.0,-0.001172856177793957,0.0,-0.0009965650457361007,0.0,-0.003574204386961565,0.004047238985861689,0.0,0
-0.003958973477501979,-0.0012229849397683477,0.0,-0.0004291084797191756,0.0,0.0,0.0,0.0,0.0,-0.0008734599075365564,-0.002398021940786778,0.0,-0.0009688981331741227,-0.0020294509531078643,0.0,0.0,0.007844338772698795,0.0,-0.0022222514251598094,0.0,-0.0014351757636337432,0.0,0.0,0.0,-0.004947231720810017,0.0,0.0,-0.0002528824258913792,0.0,0.0,0.0,-0.0010366631798925507,-0.0026320565204648256,0.0,-0.0009077939322216441,0.0,0
0.01983188254157398,0.0,0.0,0.0,0.0,0.0,0.017093387836741473,0.0,0.0,0.0,0.011186056127465848,0.0,0.0,0.033380943953852764,0.0,0.010499169248874098,0.031908832986721,0.0,0.0,0.03163716360231233,0.0,0.0,0.0,0.01224125155042097,0.035319297576820244,0.0,0.05768588852304178,0.0,0.0,0.015432560370594432,0.0,0.0281505609273866,0.03680120127192741,0.04188439064639319,0.020331402884333827,0.0,0
-0.004169811718741233,-0.000657459517509665,-0.0029324170107884323,-0.0015764155540029566,-0.001578153486879005,-0.0005690299788597191,0.0,0.0,-0.0003402429074560704,0.0,0.0,0.0,-0.0004852413586434665,-0.0008322026212108825,-0.0012535752992540563,-0.0009528145511511919,0.0,0.003333634451697601,0.0,0.0,0.0,0.0,-0.001028048998510569,-0.0006762482463549765,0.0,0.0,0.0,0.0,-0.0020126035447660742,-0.0016672155600619388,-0.0009277797458129593,0.0,-0.0016687594585987832,0.0,0.003563236940165228,0.0,0
-0.006035184094922549,0.0,-0.001542231226320072,-0.0006417206402389506,0.0018841621551657069,0.002733529226695035,0.0,-0.000509486495622348,-0.002482239328178732,0.0033494692197678926,-0.0003118847231234153,0.0,0.0016486750016742936,-0.0015464100018131907,0.003784687101379367,0.0,0.0,-0.002121550621266136,-0.0038922393660798388,0.0029849101640354527,0.0,-0.002185049821920695,-0.0022901829848600763,-0.004886918328539817,0.0,0.0,0.0,-0.0016654381349002346,0.00214683193191549,-0.0028813253256694017,0.0,-0.002573732912180527,-0.002154984956629064,0.0,0.0016266520607069318,0.0,0
0.0,0.0,0.0,0.023104000480040153,0.0,0.0,0.021677821781918596,0.0,0.0,-0.0027442910937588664,-0.0421839023620504,0.0,0.019750495249052858,0.032259859984592486,0.0,0.00915521937033566,0.0051030658402099055,0.015241900982231826,0.0,0.0,0.023804880118937114,0.0,0.019913744773929563,0.030044794475085543,0.0,-0.04539127844105812,0.04264177332614407,0.04086700273076347,0.0,0.0,0.0,0.014072939039947859,0.0,0.0,0.03319358973436848,0.0,0
-0.04505657819771506,0.0,-0.0003073751575031258,0.0,0.0025136168898116196,-0.004565204462759818,0.0,0.008145715423660105,0.0,-0.0005361979341852135,0.0,0.007732011404869917,-0.005491667395478886,-0.002108488188690299,0.0,-0.006426271539527083,-0.0035619465117673475,0.0,0.0048969867970573245,0.003396225712714437,0.0,0.0,0.0,0.0,-0.0050482772557466716,0.0,0.0,-0.008076879768788866,0.007206353924213206,0.0,0.0,0.011531850996123569,0.009826948715875791,0.002510864057715494,0.006623025345779632,0.0,0
-0.0020176616284682896,-0.0021993222528842483,-0.0020285480928106327,-0.0011240347821197426,-0.0010625393323259813,0.0,0.0,-0.00030779988167778166,-0.0023594325922334323,-0.0007663901946289295,0.0,0.0,0.0011811613582881244,0.0,-0.00013878297442289808,0.0,0.0010236198931914474,-0.0024949927958255198,0.0,0.0,0.0,0.0006745311410966587,-0.002637704786675324,0.0,0.00398587709224973,0.0,-0.0014514792810273857,-0.002250232593039885,-0.0016282353368066284,0.0,0.0008322814901809604,4.163369856810748e-05,0.0,0.0,0.0014959825257674034,0.0,0
-0.02287102756375484,0.0001003027777608295,0.0,0.0,-0.00112875530548653,0.0011547386342197002,0.0,0.0,0.0,0.0,0.0,0.0007547337890457298,-0.0028892890076960983,0.0,0.0,-0.0015238432524835863,0.0,0.003588593117218535,0.0,0.0,-0.003639924890260842,0.0,0.0,0.0023493826796313,0.0,0.0,0.0017087695909960546,0.0009440181259173524,0.0,0.004213132895610637,0.0,0.0,0.00737784607189666,0.0038888182504474957,-0.0037957470126570242,0.0,0
-0.019366904931998486,0.001215601612972641,-0.0012343016496297293,0.0,0.0,0.0,0.0012094808696303566,0.0,0.0,0.0,-0.0010801869393264323,-0.0008616471618600363,0.00029277492711636235,-0.0014530934656906817,-0.0012678983958921536,-0.0009200263077732983,0.0022903355518534064,0.0,0.0,0.0016938102540530679,-0.002824362070424348,0.0,0.0011267056624088125,0.0,-0.0018771019142635318,0.0005409022521317762,-0.0016113082276968506,0.001062819140234183,0.0,0.0,-0.0018665077919852121,0.0024617899583008825,0.004838824595761999,0.0008292816986238682,0.0,0.0,0
0.0016754552966685976,-0.0022844716458121123,-0.0008669394858338357,0.0,0.001286619102208112,0.0,-0.0018690563575198549,-0.0006043516120517196,-0.0015521880284294978,0.0,0.0,-0.0008887075267321252,0.0,-0.0015849207361782838,0.000947229683399295,2.0857605412547623e-05,0.0,-0.001978039194404826,0.0,-0.0006150019419609586,0.0031680718645406454,0.0,0.0,-0.0008663844507365559,-0.002543160145976679,0.0,-0.0018369015075708507,0.0,0.0,0.0,0.00039036238796542617,0.0,-0.0027532736619615508,0.0,0.0006170383141721816,0.0,0
-0.002173175516810361,-0.0011548598542396203,-0.0010770551305753274,0.0,0.0034652850904527553,0.0,0.0,0.0,0.0,-0.00013268316742555045,0.0,-0.0005258949131195037,-0.0007768219815082162,-0.0024527495048941458,0.0,-0.0029447306173888054,0.0,0.0,-0.00045594021997189416,-0.0012412125406670847,0.0,0.0,-0.0004514124123469146,-0.00041353435997294106,-0.0009402654261649197,-0.0007563931748853472,0.0,-0.00201176206491623,-0.0011084843206754188,0.0,0.0,-0.001474003421224914,0.0,0.0,0.0,0.0,0
-0.010760899143205199,0.0010888737266221203,0.0035778441699316865,0.0,0.0,0.0,0.001155651391000249,-0.0008457981496198385,0.0,-0.0015844864997518122,0.0027640689792805717,0.0,0.0,0.0,0.0,0.0015495352680239508,0.0,-0.0011150722990957071,0.0,0.0,0.0034456585146732835,-0.0025550759888200198,0.0,0.0,0.0,0.0,-0.0006536348281591021,0.00124481800919681,0.0,-0.00040830317451788213,0.0,0.0,-0.004384233629345585,-0.004731542930086807,-0.0034587083116401802,0.0,0
-0.004517290002750062,0.0,0.0,0.0,-0.0008666084237844812,0.0,0.0,0.0,0.0,0.0,-5.1111802103989164e-05,0.0,0.0,0.0,0.0,-0.0012911443582905148,0.0,-0.0005183354451262653,-0.000887684218663855,-0.002179448589107918,0.0,0.0,9.739257304698861e-05,-0.001737345335298988,-0.0014646130919816923,0.0,-0.0010325225512057973,-0.0006707488513530475,0.0,0.0,-0.0011446449865312592,-0.001925536617559255,0.0021093172457924904,-0.0009553193212965686,-0.0004902546938343466,0.0,0
-0.0015083069557149272,-0.0008042455036962184,-0.0011706700305177773,-0.0016932740177139699,0.00037353844558372153,-0.00030130993977264836,0.0,0.0,-0.001768923954277831,0.0,0.0035287886538455516,0.0,-0.0014467172680528268,-0.000911488616540045,0.0013962498116872068,0.0,0.0,-0.0011176057671926107,-0.0010670662386193556,-9.710928438021441e-05,0.0,0.0,0.0,0.0,-0.0028559514167291115,-0.0009305869849936628,-0.002401667376858927,-0.0015679679162882197,-0.0009332244340165612,-0.001198046980926412,-0.0016990916855344847,-0.0014734469262934814,-0.0012361397372213647,0.0,0.0034929749445742654,0.0,0
0.0,-0.0021610181054836724,-0.003515166916267102,-0.0009425865570109062,0.0,0.002569911518884009,0.0018201617457247793,-0.0019231862663533466,0.00029558471946780445,0.003479824398447932,-0.0041370592881186915,-0.002786628712849446,-0.0014739818446084343,-0.0012316135351940689,0.006882082928033479,-0.002403413725878203,-0.007163823827342337,4.908130766497757e-05,0.0021467861952713927,0.0037417140600291767,-0.0017696281527037245,1.3371734056905844e-05,0.0,0.0004276451282980379,0.0,-0.0018229628960644095,-0.0022637171378250623,-0.0030825977131360618,-0.0023965849725036043,-0.003441857141075184,-0.002535887563552123,0.0022110610987369148,0.004597284398708053,0.0,0.0,0.0,0
-0.0009893907109064532,0.0,0.0,0.0,-0.0007279680382771807,0.0,-0.001583814699868395,0.0,8.198673738098479e-05,0.0,0.0,0.0,0.0,0.0,-0.002140266829936893,-0.0007112320542174448,0.0007369062737688995,0.0,0.0,0.0041933720410449234,-0.00014667044304953383,0.0,0.0,0.0,0.0,0.0,-0.0002708951310081324,0.0006673962345147742,0.0010364747803882802,0.0,-0.0018832902371134826,-2.3510721982976124e-05,-0.005104313064490969,-0.0035234332101203216,-0.006878743469707162,0.0,0
-0.006515983612392775,0.0,0.0,0.0,0.0,0.0,0.002691344001011198,0.0,0.0,0.0,0.0,0.0,-0.0013876914439356928,0.0,0.0,-0.0018789619344930055,0.0015775827381298755,0.0,0.0,-0.0010992394885950153,0.0,0.0,0.0,-0.0011840244578727554,-0.001161282113706151,0.0,0.0011947088199178249,0.0,0.0,0.0,-0.0005937884317592933,0.0,-0.004988879840593872,0.0004118907813065188,-0.004511176076281499,0.0,0
-0.0064869303891443245,0.00010139623365516447,0.00034151359760549866,0.0,0.0,0.0,0.0,0.0,-0.0010100170927744732,0.0,0.002139928759734587,0.0,-0.0005369278567822654,0.0,0.0,-0.0012226196861273339,-0.000797888306290406,-0.0007820846747234083,0.0,0.0,0.0,0.0,0.0,0.0,0.0,0.0,0.0,-0.0004738157183145048,0.0,0.0,0.0,0.0,-0.004647828475593144,-0.0008576966843832534,-0.0034674922680501714,0.0,0
0.0,0.0068866906666880025,0.0,0.0,0.0,0.000885033798229213,-0.0014125343867712548,0.0,-0.0022245236143954763,0.0,-0.0012105159407330994,0.0,0.0,-0.00134066078691431,0.0,-0.001830960272756958,-0.007632054412703875,-0.0031600340940321544,2.3507772443215108e-05,-0.0002199694686558588,-0.00010684912220292387,0.0006726362979153084,-0.002410563223295195,-0.0020533652217928256,0.0033074540311068493,0.0,0.0,0.0,0.0,-0.0004990186798329594,-0.000937230516166177,0.0,0.0,-0.0007242014487571523,-0.0033213323130563185,0.0,0
0.00714475855894521,0.0,0.0,0.0,0.0014232735508633648,-0.0009238518467310768,-0.0016445933065820787,0.0013842169322318156,0.0,0.0,0.0,0.0,-0.001802998023387467,-0.001284741319692126,0.0004267783401415464,0.0,-0.00708819459144945,0.0,-0.0002877798592232212,0.0,0.0,0.0,0.0,0.0,0.0010476555900391545,-0.000226275424044154,-0.0008100687092076593,-0.002091161702165827,0.0,0.0,-0.0011010812016522256,0.0,-0.004521199236535948,0.002096225903562433,0.000974247228794984,0.0,0
-0.005121071474163524,-0.002154119974292027,0.0,0.0,0.0,-0.0005353514867400798,-0.0006542175886567913,0.0,-0.0032634550280200457,0.000245191556843538,0.0,0.0,-0.0016623656252097382,0.0,-0.0006894799290442617,-0.000556989837005286,0.0,0.002706915461830339,0.0,0.0,-0.00036502441414212655,0.0,-0.0016465393156165674,0.0,0.003925086361762928,-0.00116290560526346,-0.0034940008070496113,0.0,0.0,-0.0010365453834314782,-0.0005962645109267189,0.0,0.0,0.0,-0.0009783554210042456,0.0,0
0.0,-0.001063143313648951,0.0,0.0,-0.0012338424746255784,-0.0021271019547219015,-0.0013672413511395347,-0.0007904931216977288,-0.0010322724114220929,-0.0010500440257447663,-0.0010395497165234602,0.0,0.0067252626874908005,-0.00010173884799868232,0.0015459462465735583,-0.0025914890375334856,-9.327863061284642e-05,-0.0022517353556375974,0.005514668883238863,-0.0020483669243254003,-0.0005661273271794898,-0.0010556749510148068,-0.0053745646039783075,-0.002373345592297589,0.002955515722083075,0.0,0.0,0.0,-0.0019332251933835503,0.0,-0.00344465364076494,-0.0017189835972193344,-0.002101567445566835,0.003182663941711772,-0.002188327590364013,0.0,0
-0.022639985632150857,0.0,0.0,-0.0010744318129068638,-0.0015087183833118658,0.0,-0.0031562990232321224,0.0012334376577208457,0.0026952742494169564,0.0008164588056346855,-0.0006191021581675935,-0.0009869278923300918,-0.00011698387313447618,-0.0034329797725013668,0.004583377628098059,0.0017876104287663495,-0.004372667943060971,0.002588837613818718,-0.0008712143024398482,0.0004294811048333997,0.0012590091509294423,-0.001798635954180776,-0.00011281653389252405,0.0,0.0,0.00174840985260939,-0.0016245610737003157,0.002913028285826823,0.0017493725742629813,0.0030464800508560826,0.002649844108891684,-0.001457707299796978,0.0026539454675430863,-0.002554067613716041,0.0007839839123733004,0.0,0
-0.007403351447570059,0.0010373523284665216,0.0,0.0014755043931541313,-0.0024021010588363323,0.0,0.0,0.0,0.0025042102626657834,0.0016782159804119689,0.0,-0.0014308036483740348,0.0,0.004070042643074686,-0.0003186592266122722,0.0,0.004022928808713332,0.0030097136807899654,0.0,0.003312288432312189,0.002192425825533474,0.0026833779257354508,0.0,0.0024569731286715074,-0.009707824726720387,-0.0007128835034845375,-0.0015995332190070475,0.0,0.0,0.0,-0.0030964120259249135,-0.00224344921138434,0.005609288804377833,0.0026817333328755097,0.0031699926429863082,0.0,0
0.007165705407568854,0.0013444600188670815,-0.004417758748480829,0.0011084664865046898,0.0033963726991639367,0.008550708748427643,-0.0028302395442264972,0.0,0.003057448107010382,0.0,0.0,0.0,0.008599265593046442,0.0,0.0,-0.009380377482198684,0.0016598143192567455,0.0,0.006690612605956955,-0.004807801541740802,0.011242188172089886,0.006783324892667568,0.0034560054619322974,0.0,-0.01786781287339543,0.0050222582785978045,0.004706955620989855,0.0057232286983726335,0.005645306841074914,0.008667870712397717,-0.009491084575489804,0.0,0.0,0.0,0.014042274655178301,0.0,0
-0.004507439724979989,0.0,0.0,0.0,0.0,0.0,-0.00040738151853283696,0.0,-0.0007709945324989357,-0.00032911519072303073,0.0,0.0,-0.0002991121952531111,-0.0008680123672213747,0.0,-0.00033699849063065104,-0.0006820120899303276,-0.0015533098385272631,0.0,0.0,0.0,0.0,0.0,-0.0008735696403681945,0.0,-0.0003944330499571267,-0.0011638156790926579,-0.00030174972672684686,0.0,0.0,-0.0017076990543954433,-0.0018924958174167312,-0.0014224764630331108,0.0,0.0,0.0,0
0.002654697587715231,0.001707444203184485,-0.003257152267465171,-0.0014738599975174383,-0.003439409253776206,-0.0016661133614056048,-0.0011931168038373098,0.0,0.002328929230674796,0.0,0.0031942205130753567,0.0,0.0024089670577059994,0.001200236805045796,0.0,0.0,0.002084953195351768,-0.0020802952683120013,0.001977994272555348,-0.005476111426685894,0.00439783461599952,0.001383307095161864,0.0,0.0,0.0034049297736312508,0.0,-0.0029959827274472725,-0.0016566642906169686,0.0,-0.002091173402926607,0.003591859764139629,-0.0011060573044553018,0.0022924632811993115,-0.015180329497462286,0.0027435073110618907,0.0,0
0.0034107570111464596,-0.002373669095219526,0.0,0.0,0.0,-0.0006697076527638772,0.0,0.0,-0.0021897085773752135,-0.0009453698753505916,-0.001314948585445349,0.0,0.0,-0.002619297058099241,0.0,-0.0012273930725055667,-0.0029083942933992154,9.727074123538962e-06,0.0,0.0,0.0,-0.0008261466937347149,0.0024688506767033833,-0.001976780689222796,-0.0027923575571261517,0.002741626912008802,9.429079792027778e-05,-0.00036880551743735993,0.0,-0.001109938288820008,0.0,-0.0010437736766694195,-0.003125125774832043,0.0,-0.0007015211686857113,0.0,0
-0.01553620773053563,0.0022645886039211263,0.0006517911241105673,0.0015691576860048554,0.0,-0.0013066817250357813,0.001184007136702693,0.0,0.0,-0.0005780595956505663,0.0,-0.0015526680792466898,-0.0005314872003269421,0.0,-0.0019602041420452593,0.0025461516923771968,-0.00034812840836964725,0.0,-0.00046329768511618914,-0.0015870679717085864,0.0027621908438576976,0.0,-0.002618398891890837,0.0,0.0,0.0,-0.0005029010102219857,-0.0017947062162277881,0.0,0.0,-0.0014139098315956483,0.0,0.0023247760432120526,-0.0026362954593148933,0.0027574621199372845,0.0,0
0.0,0.0,-0.00026451472616679345,0.0019495706727392468,0.0,0.0011750424422190605,-0.0023437982089673857,0.0,-0.0033420376582859656,-0.0027367813995738976,-0.0019067117697087288,-0.0011025251399071517,-0.001367269153670128,-0.003089938084986731,-0.0011195955108598888,-0.0019162498978754433,-0.00258918982820938,-0.0031432397374326353,0.005579983283931285,0.0009091613110647645,-0.00019365756945091456,-0.001777759091933245,0.0,0.0029341489078928778,-0.001597717955249275,-0.001243643051540714,-0.0013214106854135264,-0.0007489485856493155,0.0,0.0,0.0018211257727922955,-0.00010404916134403601,0.0013906285487652438,0.0005320883900034767,-0.00141135167465066,0.0,0
-0.0048492957668379065,0.0,0.0,-0.0016918125210945568,-0.0007801169440305488,0.0,-0.000414785695603042,0.0025072977214820476,0.0,0.0,0.002661774061498146,0.0,0.0,-0.0011897120822019038,0.0,0.0,0.0,-0.001903278500587252,0.0,0.0,0.0,0.0,-0.0022510283371047044,0.0,-0.0009646331914217809,0.0,-0.00027694206326229646,-0.000544588232586534,-0.0023036489259461615,0.0,-0.0018106578282939298,-0.0005689316077106365,-0.003084865713682855,0.0,0.0,0.0,0
0.056508370420031734,0.008578369424582136,0.0072377020132384645,0.0,0.019028525598981764,0.009926983893061474,-0.04011803192031176,0.023408442539400085,0.0,0.006118793287143806,0.0,0.021648854311700688,0.016959849880247294,0.0,0.016810399134706697,0.009076523313304871,0.005921786519092891,-0.001183854623985379,0.00879184125691839,0.004034955115021903,0.0,0.012658496629345914,0.0023090890684531054,0.006923766750052743,0.026658516053112855,0.0,0.008661978944498492,0.017533693226229555,-0.041147453004097445,0.0,0.0,0.0,0.0,0.0,0.02389555347547348,0.0,0
-0.002505564668312826,-0.0004149330860366114,-0.0014988581485495893,1.7451599581716655e-07,-0.0010924741236094202,0.0,0.0,0.0,0.0007204797760123048,-0.0006891128743029283,0.0020711605769299104,-0.0012276090257143414,0.0007291030573866466,-0.0010266795149390187,0.0,0.0,0.0,0.001716307676464215,0.0,0.0018663229576297224,0.0028114015502385932,0.0,-0.003175078921445117,-0.0005722219724895801,-0.0026617195807759893,0.0,-0.0010469380695239808,0.0,0.0009170167655661918,0.0,-0.0005272249288804819,0.0,-0.007896651161233528,0.0,0.0004015905887372502,0.0,0
-0.005954272544997923,0.005263887347617205,-0.0019255092911877243,0.0,-0.005744129592249339,-0.0006101785201590163,-0.00019129884797487295,0.007000132579275632,-0.0020193530980030174,0.006796491070391503,0.0010779274282909901,0.0007059467494236805,-0.001106821407714556,0.00228117915751126,-0.0009732203954939024,-5.268594483318317e-05,-0.0019248325544470811,0.00553479783218543,-0.0016806165717193529,-0.002326162306192972,0.005706996410507089,-0.0020123111507783296,-0.005351007600270053,0.006626576912907848,-0.003034940637655937,0.00019361537562963995,-0.0010738072148827533,-0.0012431727012034096,-0.003917153598998229,-0.0036409037341270266,-0.0016639072580204137,-0.001698836179582733,-0.0069798625973864605,0.0016471616556203343,-0.005469367670924836,0.0,0
-0.006479433452354349,0.0,0.0,0.0027519558337439627,0.00171946979424417,-0.0023832317824244763,0.0,0.0,0.0031413644796814124,0.0018352615094589773,-0.0026385823329069563,0.0,0.003059319355082238,-0.0008698458715257633,-0.00023129782540407673,-0.0015575688290145884,-0.0015443955806079541,-0.0016487782602814594,-0.0015842627528113386,-0.0031522590029131894,-0.0016071191271409117,-0.001495608821231295,0.0,-0.001236765960231672,0.0,0.0005341785966058546,0.0038074911614910632,-0.0005200644755046424,-0.001649157598283938,-0.0007996154705252512,-0.0016580980155133979,0.0,-0.0022196533252161347,-0.0005473198552979792,0.0,0.0,0
0.0,-0.000920703023515142,-0.000908056764976483,0.0,0.0,0.0,0.0,0.0,-0.0030740422274684047,-0.00033853230874543043,-0.0020616842414692624,0.0,-0.0013789750595352976,-0.0008356629151163046,0.0,-0.0008389649583464791,0.0024872440537173565,-0.001613642281216982,0.0,0.0,-8.696878697977571e-05,0.0,-0.002388918623321177,0.0029685229798350828,-0.004218780556006623,0.0,-0.0011727480885351952,-0.0010337489729854352,0.0,0.0,0.0007510235761413983,-0.0010159491475005555,-0.002783266742487957,0.000981180651293118,0.0026413452922438435,0.0,0
-0.005426130012009029,0.0,-0.0033145473021887464,-0.0009728504944343647,-0.0013710954952223507,0.0,0.0,0.0,-0.001244862930501678,-0.0019111268122641867,-0.0002431161545361198,0.0023442626355518097,0.0,-0.0022462406894571516,-0.0010316577555990814,0.006382147465591324,0.0,0.0,-0.001330223297623371,0.0,0.0,-0.0034349968212095527,0.00015272370026442184,-0.0017020292158481211,0.0015615617357156862,-0.0005677610724203112,-0.0016371552313981731,-0.0013423255925987666,-0.0005107106004483317,-0.0013203749169477341,-0.0006951824529431803,0.0,0.0026790084204749267,0.0006115639252675352,0.0,0.0,0
0.0,0.0,0.001172599062346194,0.0,0.0,0.0,0.0,0.0,0.0009723157506132197,0.0,0.0,0.0,0.0,-0.0012510732071071892,0.0,-0.0035113117883921858,0.0,0.0006756887963482384,0.0007485023024373443,0.0,0.004927533130972116,0.0,0.0,0.0,0.001514690645558077,0.0,0.0,-0.0030543690326652103,0.0,0.0,0.0,0.0,-0.004097842551431803,-0.002964128444179249,-0.003992655135038689,0.0,0
-0.008863584783688917,0.0,0.0,-0.00040145370439445945,-0.0001745999794375938,0.0,0.0,0.0,0.0,0.0,-0.00037503901921043167,0.0,0.0,-0.0010532511229906485,0.0,-0.0016647052565061421,-0.0016938049804197403,-0.00034643951256065026,0.0,0.0,0.002864140368383228,0.0,0.0,0.0,0.0,0.0,-0.0009622055482629591,-0.001787775868319731,0.0,0.0,0.0,-0.001734239379676115,0.0,-0.0027277912081998534,0.0014492029286134016,0.0,0
-0.005035659900982578,-0.0013288862493955973,-0.0020188933034188594,0.0,0.0,-0.001074642863911489,0.0,0.0015195378660592944,0.0,-0.000800218674903205,0.0,-0.001160427839338742,0.0,0.0,0.0,0.0,-0.0020719336640937194,0.0,0.0,0.0,-0.0014558100945033677,-0.0010377584803092775,-0.0010985777139010033,-0.0017891390436690017,0.0,0.0,-0.0014173781736515486,-0.002182056373670442,-0.0005398887301974605,-0.0015536631437971168,0.0,0.000400825179066378,0.003387863789832713,0.0002255912384958865,0.0016680052670797786,0.0,0
0.0,-0.0032555365085690452,0.0,0.0,-0.0011901657592214938,-0.0006044263322705444,0.0,0.0,-0.0015710294846004182,0.0,0.0,0.0,-0.0011972384734060513,0.0,-0.0006308465846690889,-0.002123602610258748,-0.00295086046699645,0.0,0.0,0.0,-0.001484869771194607,-0.000752854886614957,-0.0022247315736715163,-0.0012879747069671175,-0.0002529947778694511,0.0001972297328944417,0.0,-0.000421108290696651,0.0,-0.000720577322075251,0.0,-0.0008161056179784128,0.0,0.0,0.0039851260593019334,0.0,0
0.006216311252689071,0.0030899491711138573,0.0027569145174052546,0.0,-0.0016108635429310236,0.0,0.0,0.001037796752836625,0.0018900282195251931,0.0,0.0,-0.0011877342457378933,-0.000845155029870015,0.0,0.0,0.0005394137547843664,0.0007684130960560832,-0.005735638333206686,0.0,0.0,0.0022938568458281327,0.0,0.0,0.0,-0.003845060845383083,-0.001227665392118165,-0.0013744653964690228,0.0004313912953147477,0.0,-0.0029283964741536063,0.0034537869376551665,-0.0014391199914815305,-0.0017613039941805043,0.0,0.005695677920614459,0.0,0
-0.0007786923444646027,0.0009614211310446022,0.0024674595828272864,0.0,-0.00027726171366292276,0.0004519686828742963,0.0004922628757473659,0.00020061213869780454,0.0008623053106995159,0.0,0.0020328327678522276,-0.0004265775106566289,-0.0017140770614408535,0.0,-0.001710378303688769,-0.00047176880410587744,0.0,0.0,-0.0007160600034968194,0.0019496708561805916,0.0,0.0,-1.9527131893759103e-05,0.0,-0.0016078546021627363,0.0,-0.0005767157386860685,-0.001443427095057125,-0.0010113344268041257,0.0,-0.0015953019875838178,-0.0006026407237021963,0.0016109002140906532,-0.006255861950192196,-0.005140001325463441,0.0,0
-0.006121633049447941,-6.884790904404215e-05,-0.0018333849400370813,0.0,0.0,-0.0012184475718438471,-0.001429036667788516,0.0,-0.001608962519108492,0.0,-0.00035426447176913745,-0.00040059415084268393,-0.00048165698472014544,0.0,0.0,0.0,0.0,0.0,0.0,-0.0011645790535469765,0.0026711236341370186,-1.7076831704337244e-05,-0.0012305646980916506,-0.00018956329932522803,0.0,-0.0007270078973107796,0.0,-0.000782300364121512,-0.0018975215444491588,0.0,0.0028118195395604763,0.0,0.0,0.0,0.0,0.0,0
0.0,0.0,0.0,-0.0010812906961126065,0.0,-0.001041954337102893,-0.001561633275290598,0.0024422641049751323,-0.0006113489603402212,0.0,0.001308662625307476,-0.0011277700615482914,0.0,-0.0005460234099802564,-0.0006948462766028946,-0.0005936205224408438,0.0,0.0022283592876044776,-0.0015595314679539016,-0.0002277964737067216,0.002296678177347821,-0.0016295824163965365,0.000914688242791211,0.00033092176483927256,-0.0018714942662527967,0.0012155930602821166,-0.0008740365581790272,-0.0011957088454801167,-0.002607104217437638,-0.0026409963659250776,-0.0004213100567904115,-0.001134985362827897,-0.002903102115134301,-0.001994988265529985,-0.0008808069698787897,0.0,0
-0.009647903827240982,0.00210108396100938,-0.001384246139964945,0.0,0.0,0.00372015551628772,-0.0018077897055899146,0.0011131582006734585,-0.0011309870244899608,0.0013591364869390042,0.0,-0.0005571032834570652,0.0,-0.0037680678072753576,0.0008346643028527766,0.0,0.0,0.0,0.0026481682001246883,0.0,0.0021697236213038228,0.0010145077406798339,-0.002460244320752939,0.0,-0.002837429844428567,0.0016944078341603562,0.0019881163250976774,0.0,0.0,-0.0023429563216135884,-0.0017699632933920084,0.0,-0.004812912985036361,-0.0037169769480983285,0.0020614369673605977,0.0,0
0.0003799999974032357,0.0,-0.006935802023066691,0.0,-0.009280857461515765,-0.004035634766032341,0.0,0.004967343998346668,-0.000560791009744701,0.0010182731125745535,0.0,0.0,0.0,0.0,0.0034170251555726916,-0.0021589930990130635,0.011450448003797969,0.0,0.001117808091031095,0.0,0.0,0.0,0.005531061304102131,0.0,0.0022272939168977188,-0.001332479433437965,0.0,0.0,0.005324557195035373,0.002611962575356539,0.0028090751846955257,-4.180182965643885e-05,-0.032315768964554924,0.0017386527850928694,0.0,0.0,0
-0.0011599058474577584,-0.0023175925026142343,-0.001766829423017348,-0.0010192193901273532,-0.0012688017871569552,0.0,0.0,-0.0011998722215899001,-0.0006802705716772446,-0.0009228157852512132,0.0,0.0,0.0,0.0,0.0,-0.0017823253404364043,0.0021443055265707197,0.0,-0.0007189451911636884,0.0,0.0006463989749839566,0.001670093163163725,0.0,-0.0009215316368326856,-0.002227090849081726,-0.001079436339511491,-0.0021523561861437356,-0.0016261137433261933,-0.000513171184789185,-0.0010239016952039177,0.0,0.0,0.0,0.0019479439315238352,0.0015458684167858512,0.0,0
-0.00861967395901743,0.0,0.000407625195898901,-0.0017612352527385765,-0.002521333625885389,0.00038617989567124383,-0.00032148165078022255,0.0004324234406260794,0.0011529881670012544,-0.0017000800581760565,0.00540637893587264,0.000818630479075843,-0.001634260508864826,0.0011276294582740298,-0.0004196781448499618,0.005880769193962364,-0.0009464792586093361,0.0,-0.0007444988717156627,-0.001890090750274822,-0.0006682117950865831,0.0002093900629621279,-0.0035855857267805403,-0.003017465037913176,0.0,0.0032457182648765862,-0.004921347958529824,-0.002887055663395299,-0.0025117340030641356,0.0,-0.0016786509687722996,-0.0031671998007825404,0.0012317911889580535,0.0013430654865040491,0.004134833537900739,0.0,0
-0.002810018737978502,0.003181758704125506,-4.6398032004309066e-05,-0.002617389925896646,-0.0009584043897756123,0.0,-0.003067350468083583,0.0,-0.002215605415094878,-0.001141652520078435,0.00011191053642170151,-0.0030391195540749156,0.0,0.0,0.0,-0.00036611711045685303,0.0,0.0017549656558919666,0.0006316087318057618,-0.0019047716851352688,0.004134918652089102,0.0,0.0008350070644253588,0.0,-4.286230452823146e-05,-0.0015074117246637187,0.0036382697871912683,-0.002983825145724863,0.0003015172367632144,0.001974125092309844,-0.0004289674886283075,-0.0008537188608941074,-0.009732017318149612,0.00040728348098612634,0.0062479602017770156,0.0,0
